# https://github.com/mikedh/trimesh
v 0.05676515 0.05531250 -0.12140062
v 0.05403034 0.02500390 -0.14116465
v 0.04208519 -0.00364395 -0.16005426
v 0.02167318 -0.02866111 -0.17669922
v -0.00575959 -0.04827598 -0.19008736
v -0.03840106 -0.06118190 -0.19923065
v -0.03840106 -0.06118190 -0.19923065
v -0.07402438 -0.06652041 -0.20350936
v -0.11019549 -0.06392883 -0.20264213
v -0.14444945 -0.05358342 -0.19668784
v -0.17445170 -0.03618959 -0.18605252
v -0.19815821 -0.01293269 -0.17146094
v 0.07155412 0.01747126 -0.06867096
v 0.07155412 0.01747126 -0.06867096
v 0.06989135 -0.01532176 -0.09113574
v 0.06989135 -0.01532176 -0.09113574
v 0.05665895 -0.04576469 -0.11140599
v 0.05665895 -0.04576469 -0.11140599
v 0.03328615 -0.07343575 -0.12888446
v 0.03328615 -0.07343575 -0.12888446
v 0.00236118 -0.09544321 -0.14364887
v 0.00236118 -0.09544321 -0.14364887
v -0.03427364 -0.10993583 -0.15393135
v -0.03427364 -0.10993583 -0.15393135
v -0.03427364 -0.10993583 -0.15393135
v -0.03427364 -0.10993583 -0.15393135
v -0.07426111 -0.11592936 -0.15874067
v -0.07426111 -0.11592936 -0.15874067
v -0.11486649 -0.11301981 -0.15776696
v -0.11486649 -0.11301981 -0.15776696
v -0.15331970 -0.10140634 -0.15108286
v -0.15331970 -0.10140634 -0.15108286
v -0.18700036 -0.08188020 -0.13914376
v -0.18700036 -0.08188020 -0.13914376
v -0.21361352 -0.05577190 -0.12276319
v -0.21361352 -0.05577190 -0.12276319
v 0.10642389 -0.02006200 -0.03288199
v 0.11334825 -0.05822675 -0.06342988
v 0.09823566 -0.09168455 -0.08707546
v 0.06753517 -0.12568878 -0.10674267
v 0.02709293 -0.15414402 -0.12491608
v -0.02052058 -0.17298360 -0.13819751
v -0.02052058 -0.17298360 -0.13819751
v -0.07245888 -0.18076912 -0.14445868
v -0.12520577 -0.17698978 -0.14319491
v -0.17515770 -0.16190364 -0.13451200
v -0.21894343 -0.13664996 -0.11879598
v -0.25330386 -0.10322246 -0.09644483
v 0.14372944 -0.04604047 -0.00927790
v 0.16833037 -0.08989153 -0.05857795
v 0.15290784 -0.12894175 -0.08875367
v 0.11439737 -0.17146350 -0.11471265
v 0.06177512 -0.20867370 -0.13887573
v -0.00078864 -0.23346121 -0.15637636
v -0.00078864 -0.23346121 -0.15637636
v -0.06909364 -0.24369830 -0.16460778
v -0.13846009 -0.23872817 -0.16294540
v -0.20415069 -0.21888833 -0.15152648
v -0.26171468 -0.18649603 -0.13024039
v -0.31388098 -0.14853314 -0.09163482
v 0.24955579 -0.05543942 -0.01902792
v 0.23979252 -0.10140416 -0.07745303
v 0.20960078 -0.14621365 -0.11627398
v 0.16165305 -0.19801314 -0.15103210
v 0.09709855 -0.24431154 -0.18190722
v 0.01961999 -0.27508845 -0.20362371
v 0.01961999 -0.27508845 -0.20362371
v -0.06506861 -0.28777756 -0.21381090
v -0.15106553 -0.28161473 -0.21174903
v -0.23250466 -0.25701906 -0.19759295
v -0.30375478 -0.21805735 -0.17208432
v -0.36190758 -0.18508989 -0.13113938
v 0.33628153 -0.00039673 -0.02815365
v 0.30310016 -0.08404541 -0.11574587
v 0.25855378 -0.13924479 -0.16394146
v 0.19840670 -0.19873326 -0.20636154
v 0.12363713 -0.25149328 -0.24238871
v 0.03519998 -0.28666581 -0.26721358
v 0.03519998 -0.28666581 -0.26721358
v -0.06146608 -0.30116903 -0.27883444
v -0.15963500 -0.29413415 -0.27648057
v -0.25260062 -0.26605723 -0.26032034
v -0.33610517 -0.22026750 -0.23109738
v -0.41789294 -0.16827685 -0.17810649
v 0.34397514 0.05115353 -0.10674783
v 0.32114395 -0.04223747 -0.17364522
v 0.27957585 -0.10954775 -0.22280408
v 0.21437271 -0.17397656 -0.26696489
v 0.13444508 -0.22851054 -0.30417914
v 0.04178401 -0.26512197 -0.33007349
v 0.04178401 -0.26512197 -0.33007349
v -0.05925348 -0.28030274 -0.34223528
v -0.16187474 -0.27295168 -0.33977586
v -0.25905832 -0.24360046 -0.32288282
v -0.34624280 -0.19488337 -0.29292991
v -0.42280457 -0.13162128 -0.25279265
v 0.30224564 0.09761431 -0.16517573
v 0.29191505 0.01294422 -0.22107804
v 0.25839016 -0.06175963 -0.27039179
v 0.20107400 -0.12818044 -0.31448958
v 0.12619313 -0.18122181 -0.35059942
v 0.03765253 -0.21628325 -0.37542123
v 0.03765253 -0.21628325 -0.37542123
v -0.05901807 -0.23078225 -0.38704201
v -0.15718633 -0.22374795 -0.38468787
v -0.25015193 -0.19567074 -0.36852809
v -0.33195428 -0.14856402 -0.33973747
v -0.39794205 -0.08588439 -0.30045917
v 0.24976253 0.12348253 -0.20590854
v 0.24345545 0.05139552 -0.25307710
v 0.21518929 -0.01656317 -0.29788108
v 0.16666942 -0.07586737 -0.33753185
v 0.10146495 -0.12247236 -0.36934594
v 0.02386655 -0.15316321 -0.39107139
v 0.02386655 -0.15316321 -0.39107139
v -0.06082727 -0.16585636 -0.40124390
v -0.14682402 -0.15969435 -0.39918172
v -0.22826315 -0.13509862 -0.38502573
v -0.29959429 -0.09374501 -0.35974040
v -0.35595672 -0.03845134 -0.32504868
v 0.18630369 0.13039668 -0.22347930
v 0.18126027 0.07234479 -0.26137597
v 0.15841947 0.01746833 -0.29761822
v 0.11935800 -0.03037400 -0.32965200
v 0.06672898 -0.06794653 -0.35529134
v 0.00411960 -0.09269488 -0.37280635
v 0.00411960 -0.09269488 -0.37280635
v -0.06419653 -0.10293278 -0.38101181
v -0.13356316 -0.09796260 -0.37934856
v -0.19925359 -0.07812312 -0.36793001
v -0.25679074 -0.04476660 -0.34753444
v -0.30225345 -0.00016551 -0.31955132
v 0.12230959 0.11850694 -0.21203952
v 0.11845215 0.07432421 -0.24086660
v 0.10107467 0.03262156 -0.26838704
v 0.07136263 -0.00375378 -0.29272196
v 0.03133722 -0.03232387 -0.31221186
v -0.01627179 -0.05114261 -0.32553036
v -0.01627179 -0.05114261 -0.32553036
v -0.06821996 -0.05892815 -0.33177022
v -0.12096703 -0.05514882 -0.33050550
v -0.17091896 -0.04006262 -0.32182268
v -0.21467114 -0.01469751 -0.30631338
v -0.24924182 0.01921761 -0.28503475
v 0.07488747 0.09103187 -0.17457801
v 0.07188229 0.05699939 -0.19677173
v 0.05849561 0.02485765 -0.21798016
v 0.03563144 -0.00316625 -0.23672835
v 0.00482401 -0.02516371 -0.25173689
v -0.03182549 -0.03965077 -0.26198973
v -0.03182549 -0.03965077 -0.26198973
v -0.07181594 -0.04564391 -0.26679308
v -0.11242132 -0.04273436 -0.26581937
v -0.15087453 -0.03112089 -0.25913526
v -0.18455519 -0.01159475 -0.24719617
v -0.21116835 0.01451355 -0.23081560
v 0.15500814 -0.05865122 0.04200718
v 0.15500814 -0.05865122 0.04200718
v 0.26260515 -0.05979329 0.03232303
v 0.26260515 -0.05979329 0.03232303
v 0.34759609 -0.00223756 0.03978904
v 0.34759609 -0.00223756 0.03978904
v 0.15385728 -0.09890635 0.09064540
v 0.28049829 -0.10283075 0.08144469
v 0.38915540 -0.01884787 0.08169641
v 0.17571570 -0.12572513 0.17309081
v 0.27947446 -0.11997762 0.18797122
v 0.37328715 -0.03670544 0.17424914
v 0.46094040 0.01905719 0.10722952
v 0.46147177 0.00343487 0.15756255
v -0.37796173 -0.15795058 -0.05106925
v -0.40669148 -0.18522359 -0.06231222
v -0.44357561 -0.18653102 -0.06746805
v -0.39993319 -0.17106004 -0.00656808
v -0.41717840 -0.18538279 -0.00078567
v -0.43561104 -0.18978450 -0.00768406
v 0.03421835 0.11264465 -0.08461767
v 0.01043614 0.13585557 -0.07004486
v -0.01962182 0.15326511 -0.05938515
v -0.05392819 0.16357862 -0.05336280
v -0.09010668 0.16620245 -0.05248311
v -0.12572863 0.16087533 -0.05676403
v -0.12572863 0.16087533 -0.05676403
v -0.15837621 0.14797008 -0.06589738
v -0.18582327 0.12837806 -0.07926262
v -0.20619912 0.10343413 -0.09594913
v -0.21811532 0.07483859 -0.11481948
v -0.22076023 0.04453990 -0.13458789
v 0.04407247 0.08735182 -0.02383726
v 0.04407247 0.08735182 -0.02383726
v 0.01903286 0.11400160 -0.00816496
v 0.01903286 0.11400160 -0.00816496
v -0.01340438 0.13239289 0.00289566
v -0.01340438 0.13239289 0.00289566
v -0.05168805 0.14263731 0.00974287
v -0.05168805 0.14263731 0.00974287
v -0.09231398 0.14529752 0.01080464
v -0.09231398 0.14529752 0.01080464
v -0.13230447 0.13933771 0.00599661
v -0.13230447 0.13933771 0.00599661
v -0.13230447 0.13933771 0.00599661
v -0.13230447 0.13933771 0.00599661
v -0.16895422 0.12485700 -0.00425789
v -0.16895422 0.12485700 -0.00425789
v -0.19976587 0.10286296 -0.01926173
v -0.19976587 0.10286296 -0.01926173
v -0.22263977 0.07486128 -0.03799376
v -0.22263977 0.07486128 -0.03799376
v -0.23601712 0.04276001 -0.05917757
v -0.23601712 0.04276001 -0.05917757
v -0.23898642 0.00874650 -0.08136972
v -0.23898642 0.00874650 -0.08136972
v 0.06473845 0.08593604 0.03512382
v 0.04128845 0.12500746 0.05412882
v 0.00474090 0.14605463 0.06545232
v -0.04330881 0.15616617 0.07408874
v -0.09590866 0.15862537 0.07574930
v -0.14785880 0.15081301 0.06954267
v -0.14785880 0.15081301 0.06954267
v -0.19546691 0.13201663 0.05621720
v -0.23549206 0.10344701 0.03672671
v -0.26520604 0.06707194 0.01239333
v -0.28259984 0.02521606 -0.01494660
v -0.28618739 -0.01960596 -0.04279848
v 0.08923593 0.09252606 0.07962307
v 0.07107463 0.15741112 0.10008553
v 0.02936616 0.18520098 0.11279281
v -0.03125547 0.19890367 0.12290610
v -0.09995614 0.20257779 0.12497342
v -0.16825027 0.19236150 0.11682134
v -0.16825027 0.19236150 0.11682134
v -0.23085876 0.16763929 0.09929661
v -0.28349497 0.13006762 0.07366519
v -0.32257083 0.08223131 0.04166470
v -0.34564256 0.02691645 0.00667996
v -0.35600526 -0.04141920 -0.02291307
v 0.16630208 0.15625874 0.11679257
v 0.11656169 0.21194815 0.12358634
v 0.05732329 0.24099872 0.13215224
v -0.01836574 0.25974003 0.14265141
v -0.10336848 0.26543753 0.14513568
v -0.18799789 0.25284385 0.13508513
v -0.18799789 0.25284385 0.13508513
v -0.26561589 0.22217560 0.11336289
v -0.33087066 0.17559513 0.08158591
v -0.37931489 0.11629111 0.04191396
v -0.40871061 0.04882513 -0.00085889
v -0.42563239 -0.02304995 -0.02717842
v 0.26060127 0.19204362 0.09531149
v 0.16374689 0.27030315 0.11159572
v 0.08475093 0.30270245 0.11960134
v -0.00705793 0.32372378 0.12883444
v -0.10516310 0.33030170 0.13087707
v -0.20179573 0.31596869 0.11942234
v -0.20179573 0.31596869 0.11942234
v -0.29039870 0.28096260 0.09464734
v -0.36488969 0.22778905 0.05837291
v -0.42019024 0.16009095 0.01308617
v -0.45479484 0.08153752 -0.03746648
v -0.47725031 -0.01734248 -0.08127059
v 0.26734100 0.24601941 0.01827347
v 0.18056795 0.31522027 0.05569114
v 0.09757006 0.35325795 0.07412102
v -0.00133805 0.37453442 0.08494666
v -0.10485591 0.37998585 0.08621764
v -0.20594543 0.36480634 0.07407349
v -0.20594543 0.36480634 0.07407349
v -0.29857106 0.32823584 0.04818856
v -0.37644234 0.27265245 0.01027074
v -0.43425186 0.20188303 -0.03707124
v -0.47010447 0.12007303 -0.09086140
v -0.48684700 0.03122631 -0.14831352
v 0.23835930 0.26006496 -0.06095126
v 0.16953990 0.32412070 -0.02143464
v 0.08923410 0.36837168 0.00557019
v -0.00432460 0.39410870 0.02059867
v -0.10268701 0.40077636 0.02279672
v -0.19934588 0.38635814 0.01121911
v -0.19934588 0.38635814 0.01121911
v -0.28795036 0.35134853 -0.01356079
v -0.36244102 0.29817525 -0.04983439
v -0.41774156 0.23047745 -0.09512158
v -0.45045806 0.15276830 -0.14640984
v -0.45928404 0.07009648 -0.20038556
v 0.19610776 0.25991629 -0.11837590
v 0.13964989 0.31535308 -0.08372823
v 0.06840446 0.35668243 -0.05841561
v -0.01308864 0.38122281 -0.04427369
v -0.09906947 0.38744808 -0.04219315
v -0.18375472 0.37477774 -0.05235707
v -0.18375472 0.37477774 -0.05235707
v -0.26137421 0.34409594 -0.07407067
v -0.32662915 0.29751552 -0.10584678
v -0.37507338 0.23821156 -0.14551883
v -0.40340492 0.17022547 -0.19038324
v -0.40969309 0.09818992 -0.23738290
v 0.14299223 0.24052939 -0.15282078
v 0.09758364 0.28511838 -0.12486551
v 0.04001998 0.31853545 -0.10446074
v -0.02567281 0.33841146 -0.09304804
v -0.09503649 0.34339192 -0.09138640
v -0.16335219 0.33315366 -0.09959208
v -0.16335219 0.33315366 -0.09959208
v -0.22596165 0.30840482 -0.11710742
v -0.27859770 0.27083233 -0.14273853
v -0.31767373 0.22299652 -0.17473883
v -0.34052663 0.16815767 -0.21092731
v -0.34559843 0.11005244 -0.24883811
v 0.08935102 0.20231424 -0.15827076
v 0.05478084 0.23622811 -0.13699292
v 0.01102700 0.26159544 -0.12148286
v -0.03892400 0.27668390 -0.11279983
v -0.09167114 0.28046274 -0.11153543
v -0.14361915 0.27267724 -0.11777527
v -0.14361915 0.27267724 -0.11777527
v -0.19122832 0.25385846 -0.13109380
v -0.23125332 0.22528800 -0.15058392
v -0.26096730 0.18891298 -0.17491739
v -0.27834482 0.14721242 -0.20243584
v -0.28220177 0.10302844 -0.23126372
v 0.04956628 0.15541879 -0.13326889
v 0.02291428 0.18151562 -0.11688509
v -0.01080212 0.20106844 -0.10492752
v -0.04926387 0.21270619 -0.09822974
v -0.08986909 0.21562266 -0.09725410
v -0.12985903 0.20962966 -0.10205735
v -0.12985903 0.20962966 -0.10205735
v -0.16650905 0.19514245 -0.11231029
v -0.19732070 0.17314841 -0.12731413
v -0.22019460 0.14514673 -0.14604617
v -0.23357195 0.11304546 -0.16722998
v -0.23654125 0.07903195 -0.18942213
v 0.10847748 0.05966730 0.11791753
v 0.10847748 0.05966730 0.11791753
v 0.19113216 0.12194876 0.14892439
v 0.19113216 0.12194876 0.14892439
v 0.29064661 0.14257403 0.13269670
v 0.29064661 0.14257403 0.13269670
v 0.10300929 0.03039032 0.17359905
v 0.19970563 0.10260944 0.21325021
v 0.32915907 0.13371127 0.17957471
v 0.13364560 -0.01874896 0.24172417
v 0.22459392 0.01957307 0.27750361
v 0.33727553 0.05486517 0.23299866
v 0.41402845 0.13834524 0.18376189
v 0.42282608 0.10170344 0.22060931
v -0.39909081 -0.10422339 -0.01659916
v -0.43946469 -0.10188762 -0.00884584
v -0.47138241 -0.11582370 -0.02210392
v -0.40896907 -0.14808352 0.00817311
v -0.42813805 -0.15751450 0.01709396
v -0.44736342 -0.15990046 0.01148884
v 0.25779574 -0.07133448 0.26920701
v 0.36100535 -0.00892273 0.23519248
v 0.14400520 -0.08458439 0.22010911
v 0.35362148 0.08604444 0.08264473
v 0.35362148 0.08604444 0.08264473
v 0.35362148 0.08604444 0.08264473
v 0.35362148 0.08604444 0.08264473
v 0.45241961 0.09452509 0.12998643
v 0.46367393 0.05589393 0.19709788
v 0.09269721 0.01459289 0.03407511
v 0.09269721 0.01459289 0.03407511
v 0.10160660 -0.00851844 0.07555902
v 0.10160660 -0.00851844 0.07555902
v 0.10160660 -0.00851844 0.07555902
v 0.10160660 -0.00851844 0.07555902
v 0.09981031 -0.04286539 0.12799322
v -0.32900253 -0.09574329 -0.05243687
v -0.42077776 -0.17685760 0.01773753
v -0.37892936 -0.12748899 -0.03355965
v -0.46983721 -0.15409279 -0.04781701
v -0.46983721 -0.15409279 -0.04781701
v -0.40208428 -0.16148529 0.00523583
v -0.44211758 -0.17822361 0.00678604
v -0.44211758 -0.17822361 0.00678604
v 0.34312710 0.11050435 0.03808729
v 0.37733621 0.08618016 0.09696959
v 0.06159564 0.05305184 -0.04493365
v 0.06159564 0.05305184 -0.04493365
v 0.06159564 0.05305184 -0.04493365
v 0.06159564 0.05305184 -0.04493365
v 0.08424841 0.03134151 0.00279083
v 0.08424841 0.03134151 0.00279083
v -0.23134493 -0.02486084 -0.10305756
v -0.23134493 -0.02486084 -0.10305756
v -0.23134493 -0.02486084 -0.10305756
v -0.23134493 -0.02486084 -0.10305756
v -0.27514032 -0.06321820 -0.07011663
v -0.47159161 -0.09611265 -0.13926380
v -0.47159161 -0.09611265 -0.13926380
v 0.32962136 0.15477475 -0.03919386
v 0.28429061 0.18257239 -0.11030731
v 0.05000971 0.08517396 -0.10210298
v 0.23357472 0.19452483 -0.16002437
v 0.17324551 0.18775732 -0.18645603
v 0.11238492 0.16216215 -0.18386746
v 0.06730349 0.12458630 -0.15293293
v -0.21395341 0.01460264 -0.15390731
v -0.21395341 0.01460264 -0.15390731
v -0.22889976 0.04542461 -0.21110996
v -0.22889976 0.04542461 -0.21110996
v -0.47043694 -0.05398041 -0.20422593
v -0.47043694 -0.05398041 -0.20422593
v -0.44118428 -0.01125332 -0.25289203
v -0.44118428 -0.01125332 -0.25289203
v -0.39350908 0.02701420 -0.28331473
v -0.39350908 0.02701420 -0.28331473
v -0.33254457 0.05264034 -0.28588788
v -0.33254457 0.05264034 -0.28588788
v -0.27227539 0.05937173 -0.25943671
v -0.27227539 0.05937173 -0.25943671
v 0.05657798 0.04008284 -0.13130751
v 0.05781381 0.00562795 -0.11418802
v 0.07224613 0.00071257 -0.08015751
v 0.07224613 0.00071257 -0.08015751
v 0.06036962 0.03664792 -0.09375381
v 0.06035310 0.02100518 -0.10405155
v 0.04917422 0.01034538 -0.15080826
v 0.04553193 -0.02356266 -0.13344281
v 0.06465052 -0.03081015 -0.10159144
v 0.06465052 -0.03081015 -0.10159144
v 0.05285178 -0.00928943 -0.12404485
v 0.03285806 -0.01672369 -0.16872418
v 0.02432071 -0.04930453 -0.15029311
v 0.04608181 -0.06011336 -0.12047480
v 0.04608181 -0.06011336 -0.12047480
v 0.03593937 -0.03699485 -0.14220883
v 0.00872828 -0.03923477 -0.18386492
v -0.00400262 -0.06953847 -0.16406938
v 0.01864544 -0.08529099 -0.13669909
v 0.01864544 -0.08529099 -0.13669909
v 0.01093870 -0.06021263 -0.15764061
v -0.02156153 -0.05562995 -0.19523624
v -0.03766237 -0.08285166 -0.17351735
v -0.03766237 -0.08285166 -0.17351735
v -0.01537627 -0.10370201 -0.14943462
v -0.01537627 -0.10370201 -0.14943462
v -0.02029643 -0.07712474 -0.16939207
v -0.05599014 -0.06482996 -0.20200230
v -0.07440394 -0.08835778 -0.17793231
v -0.05401635 -0.11403148 -0.15704802
v -0.05401635 -0.11403148 -0.15704802
v -0.05580331 -0.08661446 -0.17637804
v -0.09219616 -0.06621536 -0.20372215
v -0.11171198 -0.08568465 -0.17703777
v -0.09466072 -0.11558688 -0.15897953
v -0.09466072 -0.11558688 -0.15897953
v -0.09314691 -0.08804312 -0.17815178
v -0.12771205 -0.05969115 -0.20028201
v -0.14704196 -0.07501448 -0.17089658
v -0.13453083 -0.10826277 -0.15511762
v -0.13453083 -0.10826277 -0.15511762
v -0.12977864 -0.08131422 -0.17460375
v -0.16011695 -0.04570257 -0.19191609
v -0.17798768 -0.05707396 -0.15992700
v -0.17090850 -0.09255882 -0.14572579
v -0.17090850 -0.09255882 -0.14572579
v -0.16320204 -0.06688560 -0.16597464
v -0.18720248 -0.02520186 -0.17919381
v -0.20243882 -0.03308618 -0.14487685
v -0.20131460 -0.06954525 -0.13144410
v -0.20131460 -0.06954525 -0.13144410
v -0.19113879 -0.04574081 -0.15285267
v 0.08940974 -0.03728332 -0.07429478
v 0.11257931 -0.04045051 -0.04902749
v 0.08857984 -0.00223216 -0.04840409
v 0.09101721 -0.02059790 -0.06193278
v 0.07486642 -0.06899958 -0.09593470
v 0.10825764 -0.07498864 -0.07598633
v 0.08389867 -0.05327852 -0.08561021
v 0.04810832 -0.09948606 -0.11417103
v 0.08439435 -0.10889994 -0.09716202
v 0.06275347 -0.08462568 -0.10535168
v 0.01299280 -0.12431019 -0.13034366
v 0.04834103 -0.14094624 -0.11617179
v 0.03144769 -0.11283253 -0.12263367
v -0.02841583 -0.14069208 -0.14192452
v -0.02841583 -0.14069208 -0.14192452
v 0.00402374 -0.16488443 -0.13235121
v -0.00706494 -0.13364736 -0.13684094
v -0.07359513 -0.14746387 -0.14736528
v -0.04616212 -0.17830421 -0.14225554
v -0.05072088 -0.14531979 -0.14545041
v -0.11947601 -0.14417636 -0.14626574
v -0.09895866 -0.18032406 -0.14476988
v -0.09664502 -0.14707715 -0.14763598
v -0.16292497 -0.13105427 -0.13871337
v -0.15075039 -0.17081022 -0.13975319
v -0.14169469 -0.13880166 -0.14327243
v -0.20098519 -0.10900226 -0.12520208
v -0.19800859 -0.15042151 -0.12753223
v -0.18279873 -0.12105850 -0.13265789
v -0.23103453 -0.07955087 -0.10658645
v -0.23757526 -0.12087133 -0.10832276
v -0.21716210 -0.09508930 -0.11645511
v 0.13906237 -0.07606930 -0.05804190
v 0.16118720 -0.06836051 -0.03769595
v 0.12145936 -0.03388808 -0.02122932
v 0.13387871 -0.05639214 -0.04078685
v 0.12472893 -0.11219183 -0.08461957
v 0.16473323 -0.10949475 -0.07493516
v 0.13539960 -0.09417560 -0.07233620
v 0.09015621 -0.15025620 -0.10693969
v 0.13576215 -0.15006839 -0.10187846
v 0.10928311 -0.13127181 -0.09597742
v 0.04374361 -0.18291213 -0.12786610
v 0.08956821 -0.19131534 -0.12728950
v 0.06817924 -0.16771431 -0.11778707
v -0.01108994 -0.20461893 -0.14317571
v -0.01108994 -0.20461893 -0.14317571
v 0.03148414 -0.22280946 -0.14868461
v 0.01718126 -0.19528807 -0.13643714
v -0.07092177 -0.21358740 -0.15038942
v -0.03451042 -0.24045704 -0.16171155
v -0.04062772 -0.21074781 -0.14785140
v -0.13168505 -0.20923364 -0.14893348
v -0.10394256 -0.24311317 -0.16501681
v -0.10144859 -0.21307514 -0.15074824
v -0.18922824 -0.19185477 -0.13893099
v -0.17205285 -0.23060157 -0.15841930
v -0.16111132 -0.20211506 -0.14496878
v -0.23972128 -0.16302721 -0.12042545
v -0.23419981 -0.20387082 -0.14228610
v -0.21555758 -0.17865442 -0.13085062
v -0.27945981 -0.12583346 -0.09201714
v -0.28674946 -0.16785139 -0.11458210
v -0.26133473 -0.14546106 -0.10737182
v 0.20288760 -0.09885243 -0.06540495
v 0.24588993 -0.07552869 -0.04945747
v 0.19760111 -0.05864821 -0.01449290
v 0.20128320 -0.07599606 -0.04147209
v 0.18149643 -0.14049634 -0.09957827
v 0.22742162 -0.12405935 -0.09871418
v 0.19582129 -0.11973569 -0.08399870
v 0.13868933 -0.18770363 -0.12979723
v 0.18769414 -0.17157092 -0.13376010
v 0.16226410 -0.16374837 -0.11479668
v 0.07997270 -0.22958753 -0.15735635
v 0.13130173 -0.22270211 -0.16732548
v 0.11107759 -0.21003606 -0.14423660
v 0.00968657 -0.25746581 -0.17703699
v 0.00968657 -0.25746581 -0.17703699
v 0.05963104 -0.26187645 -0.19410928
v 0.04596550 -0.24549319 -0.16840080
v -0.06709659 -0.26897082 -0.18628187
v -0.02219227 -0.28376156 -0.21022440
v -0.02822215 -0.26532858 -0.18302822
v -0.14506876 -0.26338349 -0.18441276
v -0.10827280 -0.28705116 -0.21431705
v -0.10626930 -0.26831271 -0.18674128
v -0.21890829 -0.24108308 -0.17157771
v -0.19271137 -0.27154004 -0.20613798
v -0.18282852 -0.25424901 -0.17932536
v -0.28335618 -0.20542387 -0.14806097
v -0.26974594 -0.23852060 -0.18622515
v -0.25265937 -0.22427726 -0.16123176
v -0.33769733 -0.17319516 -0.11088961
v -0.33410701 -0.19837676 -0.15475969
v -0.31075703 -0.18672514 -0.13164085
v 0.27505656 -0.09622525 -0.09379086
v 0.31950687 -0.04581847 -0.07840756
v 0.29655686 -0.03828397 -0.02394443
v 0.28742847 -0.06480940 -0.06051189
v 0.23614241 -0.14569803 -0.13792300
v 0.28287185 -0.11318568 -0.14248928
v 0.25777958 -0.12182321 -0.11823048
v 0.18196132 -0.20166692 -0.17707137
v 0.23034964 -0.16845861 -0.18538519
v 0.21094293 -0.17305396 -0.15765242
v 0.11195802 -0.25172064 -0.21092365
v 0.16284227 -0.22688330 -0.22556790
v 0.14889493 -0.22836483 -0.19505290
v 0.02831287 -0.28499962 -0.23440259
v 0.02831287 -0.28499962 -0.23440259
v 0.08085644 -0.27154957 -0.25635858
v 0.07151561 -0.27071244 -0.22413147
v -0.06314866 -0.29871069 -0.24539746
v -0.01252194 -0.29658228 -0.27474200
v -0.01684157 -0.29437266 -0.24152584
v -0.15602640 -0.29205423 -0.24317066
v -0.11078580 -0.30034079 -0.27941176
v -0.10981024 -0.29792562 -0.24594400
v -0.24398128 -0.26549096 -0.22788163
v -0.20717543 -0.28263379 -0.27007504
v -0.20100430 -0.28117334 -0.23711073
v -0.32197242 -0.22291487 -0.20030209
v -0.29533038 -0.24480921 -0.24733354
v -0.28430668 -0.24546235 -0.21560147
v -0.38798320 -0.18537885 -0.15314993
v -0.37594400 -0.19410275 -0.21075189
v -0.35694954 -0.20054151 -0.18126189
v 0.31877691 -0.06586286 -0.14405484
v 0.33573345 0.00150547 -0.14166823
v 0.34670061 0.02597425 -0.06910619
v 0.33529398 -0.02365833 -0.10865507
v 0.27400525 -0.12720273 -0.19338451
v 0.30291228 -0.07778583 -0.19985610
v 0.29862236 -0.09842859 -0.17099587
v 0.20974321 -0.18942058 -0.23717745
v 0.24951846 -0.14206424 -0.24532717
v 0.24404943 -0.15812005 -0.21560631
v 0.13131456 -0.24355462 -0.27420240
v 0.17600632 -0.20313167 -0.28676887
v 0.17218857 -0.21831806 -0.25690540
v 0.03977675 -0.27983314 -0.29983358
v 0.03977675 -0.27983314 -0.29983358
v 0.08952497 -0.24933097 -0.31872341
v 0.08697796 -0.26420840 -0.28861092
v -0.06014026 -0.29483936 -0.31185389
v -0.00809416 -0.27549787 -0.33795212
v -0.00954855 -0.29009178 -0.30762020
v -0.16161982 -0.28756904 -0.30942116
v -0.11080903 -0.27943969 -0.34284056
v -0.11112241 -0.29398436 -0.31245144
v -0.25772159 -0.25854437 -0.29271605
v -0.21157247 -0.26092899 -0.33308003
v -0.21076371 -0.27568000 -0.30279973
v -0.34432874 -0.21069605 -0.26278932
v -0.30371593 -0.22130361 -0.30936606
v -0.30192120 -0.23652836 -0.27931953
v -0.42299441 -0.14989642 -0.22128382
v -0.38697834 -0.16509345 -0.27398554
v -0.38562149 -0.18200837 -0.24328302
v 0.31065293 -0.01429987 -0.19933427
v 0.30026586 0.05449737 -0.19355633
v 0.32691304 0.07599648 -0.13852328
v 0.32205109 0.02903424 -0.16987861
v 0.27323656 -0.08666485 -0.24876272
v 0.27809670 -0.02560744 -0.24654288
v 0.29476454 -0.05206793 -0.22518417
v 0.21105775 -0.15290160 -0.29321147
v 0.23238742 -0.09620881 -0.29317771
v 0.24483786 -0.12061679 -0.27158414
v 0.13264198 -0.20720380 -0.33019766
v 0.16554902 -0.15671552 -0.33377579
v 0.17359077 -0.18202486 -0.31291844
v 0.04104618 -0.24341412 -0.35582564
v 0.04104618 -0.24341412 -0.35582564
v 0.08332991 -0.20119373 -0.36456642
v 0.08825965 -0.22780743 -0.34460096
v -0.05887332 -0.25841640 -0.36784731
v -0.01007391 -0.22619347 -0.38294954
v -0.00828177 -0.25366810 -0.36361380
v -0.16035271 -0.25114651 -0.36541485
v -0.10833711 -0.22995430 -0.38761951
v -0.10985531 -0.25756183 -0.36844513
v -0.25645448 -0.22212184 -0.34870975
v -0.20472675 -0.21224730 -0.37828279
v -0.20949660 -0.23925747 -0.35879342
v -0.34183065 -0.17365207 -0.31908958
v -0.29271145 -0.17429110 -0.35558426
v -0.30053088 -0.20004353 -0.33534320
v -0.41365534 -0.10984681 -0.27913917
v -0.36738398 -0.11896294 -0.32128444
v -0.38025180 -0.14354894 -0.30032882
v 0.26948987 0.03470903 -0.23940043
v 0.24941625 0.08724517 -0.22956247
v 0.27686907 0.11325320 -0.18790452
v 0.27620311 0.07367265 -0.21381234
v 0.23882308 -0.03810635 -0.28714788
v 0.23199119 0.01660387 -0.27596187
v 0.25702742 -0.00265015 -0.26387696
v 0.18599597 -0.10195808 -0.32959124
v 0.19326416 -0.04756102 -0.31852000
v 0.21493367 -0.07141482 -0.30917933
v 0.11554947 -0.15231588 -0.36391493
v 0.13589933 -0.10097805 -0.35457233
v 0.15270737 -0.12908588 -0.34795644
v 0.03177926 -0.18548387 -0.38739650
v 0.03177926 -0.18548387 -0.38739650
v 0.06390044 -0.13996053 -0.38157677
v 0.07500507 -0.17121702 -0.37713423
v -0.05968746 -0.19919467 -0.39838553
v -0.01795120 -0.16183771 -0.39765961
v -0.01338067 -0.19485490 -0.39451471
v -0.15256437 -0.19253953 -0.39615827
v -0.10403129 -0.16513084 -0.40174965
v -0.10634821 -0.19841091 -0.39893162
v -0.24051924 -0.16597596 -0.38086970
v -0.18846986 -0.14961959 -0.39357077
v -0.19754227 -0.18165863 -0.39009835
v -0.31759491 -0.12132326 -0.35356839
v -0.26551281 -0.11636113 -0.37368039
v -0.28075278 -0.14573983 -0.36861705
v -0.37863146 -0.06164993 -0.31613358
v -0.32990900 -0.06762124 -0.34343354
v -0.35041768 -0.09313172 -0.33597324
v 0.21348107 0.06404427 -0.26068717
v 0.18604996 0.10121634 -0.24247578
v 0.21911477 0.12924523 -0.21807862
v 0.21884636 0.09648089 -0.23942989
v 0.18783651 0.00232399 -0.30147482
v 0.17198929 0.04426271 -0.27986662
v 0.20307780 0.03246485 -0.28149509
v 0.14393872 -0.05146673 -0.33751625
v 0.14077005 -0.00754854 -0.31430655
v 0.16800292 -0.02580708 -0.32025307
v 0.08479775 -0.09370309 -0.36635530
v 0.09453135 -0.05061830 -0.34338866
v 0.11604086 -0.07422401 -0.35296862
v 0.01442368 -0.12152202 -0.38604465
v 0.01442368 -0.12152202 -0.38604465
v 0.03641518 -0.08204715 -0.36515007
v 0.05072635 -0.10955419 -0.37743900
v -0.06236752 -0.13303016 -0.39526751
v -0.02961187 -0.09969112 -0.37812056
v -0.02349214 -0.12938618 -0.39201811
v -0.14033953 -0.12744364 -0.39339808
v -0.09904563 -0.10234769 -0.38141984
v -0.10154007 -0.13237295 -0.39572647
v -0.21417906 -0.10514317 -0.38056313
v -0.16715575 -0.08983637 -0.37482283
v -0.17809929 -0.11830910 -0.38831078
v -0.27885392 -0.06764809 -0.35763705
v -0.22929972 -0.06300896 -0.35877854
v -0.24795278 -0.08815391 -0.37027631
v -0.32995692 -0.01751396 -0.32618246
v -0.28124355 -0.02369466 -0.33438101
v -0.30634053 -0.04396188 -0.34285176
v 0.14884703 0.07581921 -0.25457536
v 0.12210528 0.09629231 -0.22649421
v 0.15328555 0.12670598 -0.22137239
v 0.15305356 0.10112144 -0.23801976
v 0.12882879 0.02777244 -0.28628804
v 0.11139700 0.05297941 -0.25491052
v 0.14071946 0.05122883 -0.27075729
v 0.09460220 -0.01412981 -0.31432731
v 0.08764943 0.01360400 -0.28106195
v 0.11336366 0.00586459 -0.30089303
v 0.04849435 -0.04704234 -0.33677951
v 0.05248053 -0.01914780 -0.30316268
v 0.07285096 -0.03186358 -0.32635556
v -0.00635020 -0.06872139 -0.35212230
v -0.00635020 -0.06872139 -0.35212230
v 0.00828597 -0.04304629 -0.31970817
v 0.02193965 -0.05939463 -0.34541529
v -0.06619332 -0.07768988 -0.35931031
v -0.04192125 -0.05646297 -0.32957156
v -0.03589817 -0.07485041 -0.35677774
v -0.12695730 -0.07333630 -0.35785346
v -0.09471992 -0.05848313 -0.33208043
v -0.09672050 -0.07717732 -0.35966771
v -0.18450049 -0.05595737 -0.34785107
v -0.14651164 -0.04896920 -0.32706387
v -0.15638356 -0.06621765 -0.35388886
v -0.23490180 -0.02673752 -0.32998483
v -0.19376702 -0.02856943 -0.31486368
v -0.21082040 -0.04271771 -0.33983460
v -0.27472661 0.01233226 -0.30547210
v -0.23326545 0.00132550 -0.29631159
v -0.25632235 -0.00827884 -0.31846264
v 0.09223372 0.06786467 -0.22111956
v 0.07470827 0.07392746 -0.18570164
v 0.09559468 0.10630169 -0.19604180
v 0.09541330 0.08697757 -0.20861577
v 0.07711726 0.03158442 -0.24506105
v 0.06644339 0.04054824 -0.20759396
v 0.08609570 0.04929551 -0.23333724
v 0.05127515 -0.00006034 -0.26622870
v 0.04816417 0.01020410 -0.22774637
v 0.06544063 0.01503983 -0.25608650
v 0.01646075 -0.02491164 -0.28318234
v 0.02109899 -0.01501997 -0.24476906
v 0.03485175 -0.01345141 -0.27531092
v -0.02495071 -0.04128067 -0.29476711
v -0.02495071 -0.04128067 -0.29476711
v -0.01292092 -0.03341785 -0.25750821
v -0.00358968 -0.03423842 -0.28970291
v -0.07013669 -0.04805226 -0.30019440
v -0.05157118 -0.04374603 -0.26510043
v -0.04726138 -0.04590816 -0.29828206
v -0.11601758 -0.04476505 -0.29909441
v -0.09221555 -0.04530143 -0.26703194
v -0.09318675 -0.04766541 -0.30046437
v -0.15946654 -0.03164296 -0.29154204
v -0.13208566 -0.03797732 -0.26317003
v -0.13823625 -0.03939035 -0.29610109
v -0.19752325 -0.00958006 -0.27805187
v -0.16846333 -0.02227337 -0.25377820
v -0.17934008 -0.02164615 -0.28548909
v -0.22759368 0.01992040 -0.25954301
v -0.19886943 0.00074020 -0.23949651
v -0.21369695 0.00435752 -0.26935181
v 0.05888990 0.04241324 -0.16943063
v 0.06171478 0.07370835 -0.14904794
v 0.06151256 0.05798881 -0.15925583
v 0.04657396 0.01282382 -0.18895074
v 0.05387983 0.02726861 -0.17938943
v 0.02557119 -0.01295874 -0.20619631
v 0.03708219 -0.00066012 -0.19793587
v -0.00272463 -0.03317943 -0.21999741
v 0.01222423 -0.02385652 -0.21359094
v -0.03639649 -0.04648978 -0.22941937
v -0.03639649 -0.04648978 -0.22941937
v -0.01902653 -0.04076382 -0.22530170
v -0.07313896 -0.05199634 -0.23383208
v -0.05453851 -0.05025289 -0.23227708
v -0.11044700 -0.04932322 -0.23293754
v -0.09188192 -0.05168169 -0.23405155
v -0.14577698 -0.03865305 -0.22679635
v -0.12851365 -0.04495279 -0.23050351
v -0.17672269 -0.02071253 -0.21582677
v -0.16193706 -0.03052417 -0.22187441
v -0.20117384 0.00327525 -0.20077662
v -0.18987381 -0.00937938 -0.20875243
v 0.25486040 -0.05042981 0.00884130
v 0.20596360 -0.06659310 0.03476027
v 0.20596360 -0.06659310 0.03476027
v 0.15123895 -0.04751958 0.01898833
v 0.20069863 -0.05602981 0.01181237
v 0.33897775 0.00290911 0.01451013
v 0.31266981 -0.03740482 0.03262392
v 0.31266981 -0.03740482 0.03262392
v 0.30336758 -0.03068269 0.00772098
v 0.27245097 -0.08022634 0.05216889
v 0.21348229 -0.11086223 0.08313573
v 0.15398168 -0.07721709 0.06223148
v 0.20983061 -0.08733278 0.05444090
v 0.36278897 -0.01128151 0.05832891
v 0.33784351 -0.06940154 0.08179146
v 0.32663103 -0.05290645 0.05314225
v 0.28287990 -0.11825197 0.13118795
v 0.21962470 -0.13315544 0.18326316
v 0.16097592 -0.11818419 0.13508532
v 0.21808623 -0.12896562 0.13095959
v 0.38351953 -0.03707866 0.12683799
v 0.32731113 -0.07995759 0.18336798
v 0.33573963 -0.08009102 0.12959959
v 0.43439908 0.00532681 0.09454051
v 0.46946540 0.00710515 0.12968850
v 0.42730525 -0.01249787 0.16562477
v 0.43313851 -0.01297947 0.12587562
v -0.38765709 -0.18260269 -0.09881648
v -0.42549064 -0.19022955 -0.06702286
v -0.43534901 -0.17582828 -0.11809121
v -0.41138767 -0.18511499 -0.11151831
v -0.35204905 -0.15208108 -0.07295343
v -0.38953785 -0.17331937 -0.05721021
v -0.36638442 -0.17045281 -0.08598755
v -0.41495333 -0.18648753 -0.02743479
v -0.42726544 -0.18943319 -0.00238538
v -0.44115004 -0.19072517 -0.02851605
v -0.42865724 -0.19161302 -0.02891694
v -0.39281141 -0.16560256 -0.02469132
v -0.40708413 -0.17851050 -0.00174358
v -0.40190523 -0.17691791 -0.02635080
v 0.03664547 0.09697388 -0.05505012
v 0.03251145 0.10175021 -0.01533417
v 0.03251145 0.10175021 -0.01533417
v 0.01243376 0.12102070 -0.04015479
v 0.02322855 0.12488403 -0.07690109
v 0.02545925 0.10973353 -0.04712556
v 0.00368068 0.12422445 -0.00212495
v 0.00368068 0.12422445 -0.00212495
v -0.01828465 0.13871062 -0.02933214
v -0.00392895 0.14537651 -0.06417551
v -0.00221500 0.13073482 -0.03420863
v -0.03201988 0.13848423 0.00694067
v -0.03201988 0.13848423 0.00694067
v -0.05366246 0.14899169 -0.02307099
v -0.03638819 0.15935622 -0.05575551
v -0.03555223 0.14479455 -0.02557709
v -0.07190845 0.14497013 0.01103095
v -0.07190845 0.14497013 0.01103095
v -0.09099157 0.15165772 -0.02215518
v -0.07193502 0.16587651 -0.05227042
v -0.07224661 0.15131161 -0.02193170
v -0.11255988 0.14341723 0.00911119
v -0.11255988 0.14341723 0.00911119
v -0.12773339 0.14618163 -0.02657505
v -0.12773339 0.14618163 -0.02657505
v -0.10813975 0.16452181 -0.05399212
v -0.10959203 0.14993679 -0.02371481
v -0.15120911 0.13311101 0.00151271
v -0.15120911 0.13311101 0.00151271
v -0.16140644 0.13287286 -0.03599601
v -0.14256904 0.15532352 -0.06075708
v -0.14510297 0.14045741 -0.03069415
v -0.18523019 0.11471385 -0.01122407
v -0.18523019 0.11471385 -0.01122407
v -0.18971615 0.11266496 -0.04978140
v -0.17287471 0.13893467 -0.07210278
v -0.17636066 0.12355344 -0.04239647
v -0.21230440 0.08950047 -0.02823744
v -0.21230440 0.08950047 -0.02823744
v -0.21073224 0.08693764 -0.06699197
v -0.19699217 0.11647487 -0.08725810
v -0.20123604 0.10038822 -0.05802780
v -0.23058620 0.05919008 -0.04836731
v -0.23058620 0.05919008 -0.04836731
v -0.22302336 0.05744311 -0.08645558
v -0.21327768 0.08947494 -0.10518943
v -0.21803315 0.07253937 -0.07652291
v -0.23882967 0.02584833 -0.07024185
v -0.23882967 0.02584833 -0.07024185
v -0.22575108 0.02619242 -0.10684512
v -0.22062062 0.05977403 -0.12467530
v -0.22560700 0.04190522 -0.09662106
v 0.05437100 0.08475403 0.00740482
v 0.05423812 0.10789990 0.04615059
v 0.02909409 0.11608777 0.02410445
v 0.04274573 0.10214719 0.01681754
v 0.02474049 0.13737938 0.06026398
v -0.00547588 0.13529544 0.03513612
v 0.01299354 0.12701958 0.03006475
v -0.01826161 0.15213442 0.07031140
v -0.04813429 0.14524038 0.04283961
v -0.02607755 0.14125452 0.03956767
v -0.06941204 0.15847717 0.07593113
v -0.09399132 0.14772986 0.04419075
v -0.07093331 0.14750268 0.04439119
v -0.12221093 0.15610608 0.07358864
v -0.13917990 0.14095966 0.03877652
v -0.13917990 0.14095966 0.03877652
v -0.11687006 0.14556594 0.04229565
v -0.17241576 0.14273452 0.06371525
v -0.18059043 0.12460460 0.02718735
v -0.16053989 0.13392882 0.03370884
v -0.21661015 0.11884104 0.04716731
v -0.21540540 0.09975363 0.01023392
v -0.19898133 0.11314440 0.01931596
v -0.25177998 0.08608861 0.02506697
v -0.24125116 0.06811418 -0.01093165
v -0.22957285 0.08465560 0.00009242
v -0.27552956 0.04669940 -0.00106416
v -0.25636825 0.03182619 -0.03484990
v -0.25022968 0.05040542 -0.02265073
v -0.28625443 0.00291044 -0.02890733
v -0.25969625 -0.00666962 -0.05982758
v -0.25954575 0.01268419 -0.04731021
v 0.07361589 0.08776864 0.05682279
v 0.08288200 0.13075456 0.09005153
v 0.05470038 0.13844699 0.07958670
v 0.06598082 0.11625914 0.06998210
v 0.05307386 0.17443356 0.10722647
v 0.01649532 0.16302539 0.09195330
v 0.03806327 0.15333197 0.08645876
v 0.00076888 0.19319354 0.11835021
v -0.03755551 0.17449012 0.10140980
v -0.00914076 0.16985730 0.09721983
v -0.06520216 0.20223594 0.12520361
v -0.09794305 0.17736979 0.10328219
v -0.06745401 0.17717496 0.10348566
v -0.13452382 0.19931685 0.12214156
v -0.15778063 0.16838730 0.09613619
v -0.15778063 0.16838730 0.09613619
v -0.12823591 0.17447983 0.10079712
v -0.20054445 0.18173557 0.10915716
v -0.21262434 0.14673498 0.08078483
v -0.18606927 0.15908207 0.08942264
v -0.25866349 0.15031240 0.08739565
v -0.25873240 0.11382334 0.05833218
v -0.23698094 0.13155751 0.07035992
v -0.30491455 0.10724016 0.05833190
v -0.29296201 0.07192025 0.03030077
v -0.27749537 0.09382721 0.04490071
v -0.33616737 0.05541307 0.02406425
v -0.31304512 0.02342123 -0.00080458
v -0.30485961 0.04842347 0.01483714
v -0.35132589 -0.00364595 -0.00923181
v -0.31710592 -0.03010666 -0.03060111
v -0.31736352 -0.00299062 -0.01596618
v 0.12445741 0.12734216 0.10483408
v 0.14346829 0.18490984 0.11763367
v 0.09210795 0.18283891 0.11532150
v 0.11000874 0.15609734 0.10743350
v 0.08840730 0.22942729 0.12807447
v 0.04301916 0.21162470 0.12633426
v 0.06995976 0.20030596 0.12133239
v 0.02137567 0.25134495 0.13757263
v -0.02477597 0.22795720 0.13688085
v 0.01100549 0.22087313 0.13196736
v -0.06037047 0.26468343 0.14536946
v -0.10180858 0.23264730 0.13920249
v -0.06280145 0.23210491 0.13943050
v -0.14618846 0.26148295 0.14166563
v -0.17855445 0.22119491 0.13006031
v -0.17855445 0.22119491 0.13006031
v -0.14064544 0.22902252 0.13603716
v -0.22803480 0.23965639 0.12558807
v -0.24893002 0.19339662 0.11036205
v -0.21485543 0.20924394 0.12144625
v -0.30008620 0.20069340 0.09860829
v -0.30809590 0.15116317 0.08155049
v -0.28018424 0.17391953 0.09698438
v -0.35742514 0.14729541 0.06257685
v -0.35201955 0.09739324 0.04558063
v -0.33217260 0.12550426 0.06431528
v -0.39624982 0.08315442 0.02015388
v -0.37825652 0.03588944 0.00675989
v -0.36733274 0.06731507 0.02584693
v -0.41760418 0.01394049 -0.01854201
v -0.39370614 -0.03077552 -0.01951657
v -0.38556604 0.00349978 -0.00959708
v 0.21105205 0.17913833 0.11554853
v 0.20813938 0.23736763 0.10327789
v 0.14219859 0.24160701 0.12295426
v 0.17862497 0.21185698 0.11699066
v 0.12426397 0.29012366 0.11626437
v 0.07190744 0.27191992 0.13001072
v 0.10760522 0.26004128 0.12676473
v 0.04053778 0.31419643 0.12427477
v -0.01229213 0.29228226 0.13983464
v 0.03159086 0.28300385 0.13494339
v -0.05592279 0.32939417 0.13132645
v -0.10451258 0.29872248 0.14222753
v -0.05802845 0.29780154 0.14252288
v -0.15406762 0.32581714 0.12689765
v -0.19591505 0.28516886 0.13140391
v -0.19591505 0.28516886 0.13140391
v -0.15076054 0.29449305 0.13849089
v -0.24749849 0.30091789 0.10859986
v -0.27974185 0.25204412 0.10795369
v -0.23915395 0.27092496 0.12115563
v -0.32974861 0.25643952 0.07780520
v -0.35021755 0.20173652 0.07363371
v -0.31697031 0.22884260 0.09201793
v -0.39520279 0.19548361 0.03667368
v -0.40253769 0.13768751 0.03078806
v -0.37889661 0.17117227 0.05310406
v -0.43962742 0.12211040 -0.01192667
v -0.43486096 0.06413897 -0.01613519
v -0.42088535 0.10183092 0.00721361
v -0.46707218 0.03761868 -0.06208494
v -0.45379489 -0.01803238 -0.04578442
v -0.44556114 0.02478074 -0.03670050
v 0.26901135 0.22352310 0.05763644
v 0.22454476 0.28423694 0.03972554
v 0.17633785 0.29633227 0.08832091
v 0.22219177 0.26393883 0.07586041
v 0.13964100 0.33738163 0.06650544
v 0.09371218 0.33124788 0.10074646
v 0.13513031 0.31730026 0.09572584
v 0.04986343 0.36562010 0.08039100
v -0.00321190 0.35208332 0.11023854
v 0.04698717 0.34297138 0.10588200
v -0.05314878 0.37956566 0.08707584
v -0.10526499 0.35802167 0.11175459
v -0.05421732 0.35738857 0.11245424
v -0.15604614 0.37510912 0.08190246
v -0.20520111 0.34309843 0.09982446
v -0.20520111 0.34309843 0.09982446
v -0.15585951 0.35328060 0.10755529
v -0.25372216 0.34908688 0.06276656
v -0.29679430 0.30692636 0.07422464
v -0.25244562 0.32754876 0.08864323
v -0.33970678 0.30260326 0.03058431
v -0.37379850 0.25196052 0.03672813
v -0.33747141 0.28157761 0.05681539
v -0.40813087 0.23888123 -0.01241371
v -0.43096437 0.18197872 -0.01008695
v -0.40513365 0.21856537 0.01429631
v -0.45453873 0.16220978 -0.06331302
v -0.46679837 0.10072066 -0.06299179
v -0.45106346 0.14271174 -0.03600814
v -0.48173240 0.07584789 -0.11940332
v -0.48602507 0.01037841 -0.11845532
v -0.47924593 0.05606058 -0.09054366
v 0.25588635 0.25660369 -0.02265001
v 0.20597503 0.29426083 -0.03972981
v 0.17790162 0.32326117 0.01723684
v 0.21829971 0.29285403 -0.00061812
v 0.13088690 0.34871875 -0.00638412
v 0.09561041 0.36500428 0.04101742
v 0.13785684 0.34691818 0.03079580
v 0.04372617 0.38352045 0.01460513
v -0.00187129 0.38853600 0.05416198
v 0.04841795 0.37884126 0.04885623
v -0.05337688 0.39997094 0.02338096
v -0.10398599 0.39449562 0.05583833
v -0.05291298 0.39393060 0.05660084
v -0.15161447 0.39622465 0.01872295
v -0.20393337 0.37952176 0.04383516
v -0.20393337 0.37952176 0.04383516
v -0.15459035 0.38971342 0.05158569
v -0.24504911 0.37130325 0.00039010
v -0.29552702 0.34334846 0.01823067
v -0.25117816 0.36397072 0.03264854
v -0.32729992 0.32682601 -0.03040255
v -0.37253139 0.28838305 -0.01926556
v -0.33620430 0.31800014 0.00082170
v -0.39275411 0.26587011 -0.07153407
v -0.42969726 0.21840125 -0.06608064
v -0.40386654 0.25498790 -0.04169738
v -0.43698986 0.19258115 -0.12020778
v -0.46433007 0.13784041 -0.11924343
v -0.44967585 0.17920345 -0.09202739
v -0.45808110 0.11166240 -0.17332073
v -0.47705847 0.05137516 -0.17570300
v -0.47400254 0.09484117 -0.14738341
v 0.21852484 0.26161136 -0.09272146
v 0.17001191 0.28915514 -0.10002185
v 0.15656984 0.32184295 -0.05518215
v 0.18976745 0.29346192 -0.07280079
v 0.10560549 0.33797839 -0.06977564
v 0.08001067 0.36572306 -0.02806056
v 0.11992221 0.34598203 -0.04020288
v 0.02859373 0.37116422 -0.04987588
v -0.00812238 0.39164755 -0.01290564
v 0.03701462 0.38099910 -0.01892135
v -0.05588190 0.38668475 -0.04169951
v -0.10100308 0.39833561 -0.01063006
v -0.05437651 0.39748861 -0.01011881
v -0.14193802 0.38344709 -0.04577093
v -0.19245103 0.38469063 -0.02158614
v -0.19245103 0.38469063 -0.02158614
v -0.14729106 0.39403927 -0.01447927
v -0.22379271 0.36157766 -0.06184879
v -0.27627997 0.35155842 -0.04503548
v -0.23569170 0.37043928 -0.03183545
v -0.29584470 0.32261375 -0.08882436
v -0.34675552 0.30125122 -0.07935391
v -0.31350828 0.32835731 -0.06096969
v -0.35318363 0.26921585 -0.12485594
v -0.39907565 0.23720251 -0.12220001
v -0.37543457 0.27068727 -0.09988401
v -0.39190224 0.20502287 -0.16748808
v -0.42971107 0.16376658 -0.17066155
v -0.41725424 0.20135713 -0.14592792
v -0.40936075 0.13440927 -0.21381558
v -0.43666722 0.08592383 -0.22145377
v -0.43622623 0.12506292 -0.19598477
v 0.17048538 0.25290043 -0.13874440
v 0.12201498 0.26404499 -0.13800880
v 0.11949498 0.30303281 -0.10735783
v 0.14693792 0.27933023 -0.12211812
v 0.07008438 0.30338730 -0.11361847
v 0.05478011 0.34066082 -0.08440598
v 0.08858423 0.32359998 -0.09470974
v 0.00791682 0.33027167 -0.09756916
v -0.01907217 0.36303860 -0.07157952
v 0.01868694 0.35387472 -0.07665828
v -0.06018823 0.34280383 -0.09097841
v -0.09703466 0.36866177 -0.06971304
v -0.05786696 0.36799015 -0.06925457
v -0.12962088 0.34015063 -0.09427805
v -0.17382412 0.35715592 -0.07893630
v -0.17382412 0.35715592 -0.07893630
v -0.13590829 0.36502180 -0.07296237
v -0.19564759 0.32250580 -0.10724909
v -0.24420061 0.32933642 -0.09862415
v -0.21012577 0.34518694 -0.08754268
v -0.25376622 0.29107703 -0.12900793
v -0.30336667 0.28710302 -0.12743484
v -0.27545501 0.30985929 -0.11200082
v -0.30001745 0.24800537 -0.15807163
v -0.34729032 0.23333315 -0.16340479
v -0.32744337 0.26144416 -0.14467014
v -0.33124798 0.19622585 -0.19245967
v -0.37297782 0.17169088 -0.20408288
v -0.36254862 0.20324125 -0.18332413
v -0.34533102 0.13926744 -0.22982841
v -0.37867909 0.10637716 -0.24669687
v -0.37837832 0.13921637 -0.22532896
v 0.11532013 0.22324474 -0.15943543
v 0.07337464 0.22020496 -0.14699482
v 0.07550727 0.26230812 -0.13492852
v 0.09692284 0.24385104 -0.14644785
v 0.03387570 0.25010118 -0.12844189
v 0.02509773 0.29154057 -0.11706070
v 0.05142284 0.27829294 -0.12507837
v -0.01338051 0.27050369 -0.11624123
v -0.03244515 0.30892718 -0.10706166
v -0.00302005 0.30180600 -0.11102408
v -0.06517129 0.28001817 -0.11122494
v -0.09320856 0.31328091 -0.10560471
v -0.06268139 0.31276911 -0.10524745
v -0.11796970 0.27799760 -0.11373407
v -0.15305173 0.30431240 -0.11279272
v -0.15305173 0.30431240 -0.11279272
v -0.12350427 0.31044129 -0.10813739
v -0.16817692 0.26458092 -0.12359745
v -0.20789623 0.28263337 -0.12813551
v -0.18134209 0.29498551 -0.11949983
v -0.21237141 0.24068197 -0.14014324
v -0.25400465 0.24972068 -0.15058781
v -0.23225251 0.26745451 -0.13856015
v -0.24754124 0.20792963 -0.16224371
v -0.28823426 0.20781765 -0.17861930
v -0.27276762 0.22972461 -0.16401936
v -0.27128968 0.16855579 -0.18839284
v -0.30825274 0.15977980 -0.21031976
v -0.30012514 0.18436707 -0.19414242
v -0.28199846 0.12524417 -0.21680832
v -0.31269575 0.10888049 -0.24352906
v -0.31246153 0.13447229 -0.22687692
v 0.06693695 0.17917278 -0.14928945
v 0.03724942 0.16917811 -0.12459109
v 0.03685845 0.20867332 -0.13078009
v 0.05303641 0.19473384 -0.13948192
v 0.00680159 0.19220588 -0.11029404
v -0.00120487 0.23074254 -0.11728595
v 0.01867152 0.22074221 -0.12334113
v -0.02959823 0.20793893 -0.10088442
v -0.04465424 0.24386964 -0.10972904
v -0.02243584 0.23849278 -0.11272441
v -0.06946946 0.21527817 -0.09701526
v -0.09053488 0.24715769 -0.10862914
v -0.06748490 0.24677100 -0.10835843
v -0.11011401 0.21372550 -0.09894693
v -0.13572054 0.24038571 -0.11405668
v -0.13572054 0.24038571 -0.11405668
v -0.11341004 0.24501363 -0.11054146
v -0.14876394 0.20339646 -0.10653970
v -0.17713199 0.22401620 -0.12564176
v -0.15708140 0.23334302 -0.11912116
v -0.18278501 0.18499930 -0.11927648
v -0.21194697 0.19916494 -0.14259475
v -0.19552272 0.21255528 -0.13351299
v -0.20985923 0.15978592 -0.13628985
v -0.23779273 0.16752549 -0.16376031
v -0.22611442 0.18406691 -0.15273625
v -0.22814103 0.12947553 -0.15641972
v -0.25290833 0.13125356 -0.18769638
v -0.24677136 0.14981863 -0.17548137
v -0.23638450 0.09613378 -0.17829426
v -0.25626302 0.09282103 -0.21277171
v -0.25608602 0.11214478 -0.20019808
v 0.03852093 0.13268585 -0.11120938
v 0.01397172 0.15663154 -0.09615090
v 0.02717607 0.14529991 -0.10323911
v -0.01705977 0.17463215 -0.08513838
v -0.00086256 0.16646800 -0.09008243
v -0.05241808 0.18535298 -0.07896424
v -0.03434305 0.18096052 -0.08141240
v -0.08972646 0.18804949 -0.07806221
v -0.07098410 0.18772627 -0.07784447
v -0.12646820 0.18254523 -0.08247597
v -0.12646820 0.18254523 -0.08247597
v -0.10832653 0.18630891 -0.07961726
v -0.16014146 0.16923429 -0.09189578
v -0.14383783 0.17681812 -0.08659374
v -0.18845117 0.14902639 -0.10568116
v -0.17509567 0.15991487 -0.09829624
v -0.20946725 0.12329907 -0.12289173
v -0.19997106 0.13674965 -0.11392756
v -0.22175838 0.09380454 -0.14235534
v -0.21676817 0.10890080 -0.13242267
v -0.22448610 0.06255385 -0.16274488
v -0.22434202 0.07826665 -0.15252083
v 0.10362641 0.07354994 0.09666364
v 0.14304706 0.09339156 0.13740261
v 0.14304706 0.09339156 0.13740261
v 0.18205362 0.13470384 0.12761863
v 0.13673306 0.10662232 0.11616610
v 0.24264948 0.14064341 0.14685541
v 0.24264948 0.14064341 0.14685541
v 0.27817044 0.15753042 0.11371147
v 0.23053675 0.15451209 0.12653753
v 0.10484640 0.04772449 0.14239101
v 0.14243596 0.06979492 0.19904104
v 0.19516670 0.11629271 0.17825083
v 0.14207629 0.08495342 0.16497562
v 0.26262478 0.12186523 0.20450365
v 0.30427069 0.13751922 0.15379592
v 0.25267973 0.13513748 0.17378675
v 0.11335898 0.00289653 0.21276781
v 0.16842929 -0.00297535 0.26678360
v 0.20989907 0.06732424 0.25024922
v 0.15244757 0.03794086 0.23804281
v 0.28159721 0.03628413 0.25794589
v 0.33002493 0.09894782 0.21410934
v 0.27097121 0.08460262 0.23526310
v 0.39000352 0.08235327 0.22647899
v 0.42210377 0.12753665 0.20695448
v 0.38174560 0.13921450 0.18043965
v 0.38163665 0.11797985 0.20989600
v -0.47571554 -0.07318395 -0.05223706
v -0.45858279 -0.10608258 -0.01303617
v -0.43463405 -0.06314932 -0.02217805
v -0.45903204 -0.06396453 -0.03379107
v -0.41807699 -0.10074981 -0.01065132
v -0.38239863 -0.07490793 -0.02344098
v -0.40732795 -0.06634129 -0.01919208
v -0.45899253 -0.14535514 0.00059228
v -0.43878242 -0.16014773 0.01640347
v -0.43549292 -0.13425930 0.00607360
v -0.44954188 -0.13850740 0.00515436
v -0.41689484 -0.15356377 0.01426165
v -0.40635208 -0.13117123 -0.00260100
v -0.41986685 -0.13124497 0.00295187
v 0.05455868 0.07042287 -0.11160683
v 0.06777247 0.03506793 -0.05674976
v 0.06777247 0.03506793 -0.05674976
v 0.05286924 0.06785744 -0.07335958
v 0.05286924 0.06785744 -0.07335958
v 0.05780337 0.05235109 -0.08342764
v -0.20712354 0.00041292 -0.16298283
v -0.21873028 -0.00468556 -0.12677161
v -0.21873028 -0.00468556 -0.12677161
v -0.22367779 -0.04079014 -0.11324567
v -0.22367779 -0.04079014 -0.11324567
v -0.21168554 -0.01932107 -0.13613224
v 0.09593603 0.00424120 -0.01528803
v 0.07368272 0.04105259 -0.01882189
v 0.07368272 0.04105259 -0.01882189
v 0.08224685 0.01861589 -0.03372797
v -0.25094963 -0.04463888 -0.08424736
v -0.25094963 -0.04463888 -0.08424736
v -0.26565668 -0.08386196 -0.08355734
v -0.24233385 -0.06263261 -0.09578002
v 0.11108530 -0.01663645 0.01334662
v 0.08931468 0.02310787 0.01872975
v 0.08931468 0.02310787 0.01872975
v 0.10441724 -0.00704210 -0.00133194
v -0.30149027 -0.08006236 -0.06001398
v -0.32047421 -0.12017562 -0.06918492
v -0.29175219 -0.10352415 -0.07577392
v 0.35089065 0.05929767 0.00593626
v 0.34265099 0.10332474 -0.07222133
v 0.33899153 0.13252939 0.00122275
v 0.34990672 0.07994544 -0.03251367
v -0.45201183 -0.13236944 -0.16048527
v -0.47262163 -0.07337966 -0.17532820
v -0.47262163 -0.07337966 -0.17532820
v -0.45057346 -0.09420850 -0.22954845
v -0.45235244 -0.11299191 -0.19938401
v 0.29690025 0.14063149 -0.13726556
v 0.30962484 0.17118109 -0.07702303
v 0.32294962 0.12402844 -0.10728514
v -0.45924721 -0.03290868 -0.23021066
v -0.45924721 -0.03290868 -0.23021066
v -0.42261047 -0.04975431 -0.27751567
v -0.43993723 -0.07268924 -0.25561011
v 0.24443106 0.15943475 -0.18260908
v 0.25945740 0.19055402 -0.13796995
v 0.27122025 0.15241752 -0.16250741
v -0.41922590 0.00904339 -0.27106793
v -0.41922590 0.00904339 -0.27106793
v -0.37727088 -0.00672182 -0.30489173
v -0.40168527 -0.02739087 -0.29437059
v 0.18200394 0.15940854 -0.20469995
v 0.20443246 0.19363696 -0.17650377
v 0.21427212 0.16181298 -0.19698633
v -0.36400546 0.04184286 -0.28834280
v -0.36400546 0.04184286 -0.28834280
v -0.31944620 0.02542826 -0.30329226
v -0.34928273 0.01125478 -0.30790643
v 0.11904627 0.14058915 -0.19774943
v 0.14184905 0.17699161 -0.18892097
v 0.14952366 0.15214079 -0.20491215
v -0.30126098 0.05858887 -0.27598377
v -0.30126098 0.05858887 -0.27598377
v -0.26231518 0.03867932 -0.27267122
v -0.28978710 0.03475165 -0.29122965
v 0.07240651 0.10801321 -0.16359463
v 0.08697456 0.14426247 -0.17154367
v 0.09276306 0.12550531 -0.18361375
v -0.24762841 0.05484751 -0.23727716
v -0.24762841 0.05484751 -0.23727716
v -0.22123262 0.02949531 -0.22129808
v -0.23896539 0.03684860 -0.24878897
v 0.05482407 0.10446781 -0.12922452
v 0.05947891 0.08928683 -0.13898504
v -0.21746530 0.03167587 -0.18267138
v -0.21746530 0.03167587 -0.18267138
v -0.21042056 0.01704036 -0.19203200
v 0.12061202 -0.03783971 0.05638873
v 0.12061202 -0.03783971 0.05638873
v 0.09818472 0.00412288 0.05375799
v 0.09818472 0.00412288 0.05375799
v 0.11736383 -0.02576324 0.03415697
v 0.34812347 0.09491663 0.06544588
v 0.34812347 0.09491663 0.06544588
v 0.36077516 0.04161686 0.05770617
v 0.36077516 0.04161686 0.05770617
v 0.35435845 0.04818662 0.03686157
v 0.35988110 0.08323405 0.09086214
v 0.35988110 0.08323405 0.09086214
v 0.39172454 0.03761095 0.07881249
v 0.37081738 0.03710732 0.06967519
v 0.11807091 -0.07460519 0.10688297
v 0.09941964 -0.02357029 0.09767923
v 0.09941964 -0.02357029 0.09767923
v 0.11835970 -0.05439034 0.07755742
v 0.15788446 -0.11255302 0.19651969
v 0.11243044 -0.06670300 0.17288374
v 0.12865908 -0.09640324 0.15167074
v 0.27083367 -0.10328468 0.23594480
v 0.19765376 -0.08601644 0.25522607
v 0.21095115 -0.11731112 0.22531090
v 0.36728234 -0.02709555 0.21201907
v 0.30955588 -0.04335303 0.25732075
v 0.31926293 -0.06762416 0.22817849
v 0.41392295 0.09325268 0.10837245
v 0.46340391 0.05082586 0.10990516
v 0.42828089 0.04640408 0.08997711
v 0.47006777 0.02309611 0.17590646
v 0.41935034 0.02510194 0.21792319
v 0.42522785 0.00180915 0.19670306
v 0.47282979 0.08083407 0.16383690
v 0.48102930 0.04053013 0.14247680
v -0.45891339 -0.17331487 -0.06009709
v -0.47260705 -0.12604404 -0.09323333
v -0.47260705 -0.12604404 -0.09323333
v -0.45707380 -0.15416859 -0.10987441
v -0.35636325 -0.11110231 -0.04526862
v -0.37522031 -0.14240768 -0.04283775
v -0.35042595 -0.13164066 -0.05888643
v -0.43850711 -0.18575422 0.00077225
v -0.45759310 -0.17088420 -0.01413962
v -0.45759310 -0.17088420 -0.01413962
v -0.45078888 -0.18304535 -0.02246318
v -0.39282315 -0.14557802 -0.01388144
v -0.40028044 -0.16729747 0.00073225
v -0.39051561 -0.15524127 -0.01978192
v -0.41133421 -0.17143476 0.01507376
v -0.41881517 -0.18192810 0.01258724
v -0.40947898 -0.17613278 0.01044298
v -0.43028163 -0.17954307 0.01609770
v -0.43028163 -0.17954307 0.01609770
v -0.42804393 -0.18524090 0.01073844
v 0.05371484 0.07081379 -0.03381607
v 0.05371484 0.07081379 -0.03381607
v 0.04319089 0.09932896 -0.09306138
v 0.04579848 0.08287721 -0.06384281
v -0.23647348 -0.00825317 -0.09237073
v -0.23647348 -0.00825317 -0.09237073
v -0.21852186 0.02939668 -0.14438754
v -0.22344202 0.01057339 -0.11695266
v 0.07419443 0.05952592 0.02018133
v 0.06448620 0.06377781 -0.00475316
v -0.28222646 -0.04172820 -0.05652532
v -0.25678674 -0.02588167 -0.07220149
v 0.08509334 0.04945610 0.05575002
v 0.07983098 0.05547604 0.03877821
v -0.33982337 -0.07097443 -0.03761861
v -0.31053454 -0.05576424 -0.04513230
v 0.30360065 0.20262224 -0.00851442
v 0.31328484 0.15492201 0.06728656
v 0.31047612 0.18020988 0.03181360
v -0.48285575 -0.01212085 -0.17688297
v -0.48092258 -0.05885499 -0.11332015
v -0.48399749 -0.03252464 -0.14775813
v 0.26466337 0.22260367 -0.08467417
v 0.28688992 0.21572132 -0.04845718
v -0.45354561 0.02890781 -0.22704793
v -0.47191026 0.00861203 -0.20344916
v 0.21738974 0.22819562 -0.13849374
v 0.24184096 0.22712338 -0.11457791
v -0.40437041 0.06218706 -0.26068143
v -0.43095294 0.04703119 -0.24662317
v 0.16016069 0.21495173 -0.16906476
v 0.18974897 0.22417063 -0.15697915
v -0.34130524 0.08101157 -0.26763133
v -0.37385352 0.07373358 -0.26782152
v 0.10242505 0.18285370 -0.17063350
v 0.13037679 0.20082760 -0.17367586
v -0.27893707 0.08094559 -0.24555419
v -0.30893516 0.08344147 -0.25999142
v 0.05964133 0.14047261 -0.14276946
v 0.07831199 0.16225160 -0.16003821
v -0.23402831 0.06203228 -0.20042313
v -0.25342350 0.07361280 -0.22520194
v 0.04779165 0.11900530 -0.11991838
v -0.22217704 0.04693482 -0.17285242
v 0.09595834 0.02484987 0.09660887
v 0.09595834 0.02484987 0.09660887
v 0.09225343 0.03808769 0.07512221
v 0.32901773 0.12236991 0.10951540
v 0.32901773 0.12236991 0.10951540
v 0.32045166 0.13440506 0.09217727
v 0.35864343 0.12172986 0.13278118
v 0.33866837 0.11885606 0.12212324
v 0.09172480 -0.00761210 0.14986414
v 0.09265973 0.01095974 0.11948447
v 0.13349862 -0.05054452 0.23630286
v 0.10370535 -0.03295070 0.19238038
v 0.24149821 -0.02869024 0.28380281
v 0.18297197 -0.04616545 0.27095627
v 0.34945099 0.01824615 0.24110923
v 0.29576879 -0.00788309 0.26650693
v 0.43282065 0.12859321 0.15979884
v 0.39599305 0.12850585 0.14265165
v 0.44550771 0.08554761 0.21597385
v 0.40553361 0.05188781 0.22883233
v 0.45228898 0.11361122 0.18936389
v -0.47467973 -0.13322408 -0.03437580
v -0.47962597 -0.09682278 -0.07308264
v -0.38643365 -0.11389430 -0.02454425
v -0.36629950 -0.09127727 -0.03299023
v -0.44493926 -0.16939852 0.01126568
v -0.46092120 -0.15728081 -0.00593327
v -0.40500631 -0.15528050 0.00844205
v -0.39772488 -0.13690949 -0.00802069
v -0.42340830 -0.17024865 0.02008049
v -0.41369648 -0.16540848 0.01732344
v -0.43307373 -0.17245107 0.01894409
v 0.05696959 0.04769604 -0.12635031
v 0.05740294 0.03068439 -0.11743097
v 0.06068335 0.02880558 -0.09891610
v 0.05754541 0.04601831 -0.10742191
v 0.05777951 0.03834487 -0.11242857
v 0.05559631 0.03250721 -0.13625235
v 0.05485465 0.01553222 -0.12735505
v 0.05939214 0.01327107 -0.10914658
v 0.05642484 0.02306980 -0.12241264
v 0.06284643 -0.00466965 -0.10200202
v 0.07143928 -0.00738223 -0.08570995
v 0.07143928 -0.00738223 -0.08570995
v 0.06533278 0.01102193 -0.09151248
v 0.06442224 0.00311845 -0.09679818
v 0.07229133 0.00898841 -0.07447818
v 0.07229133 0.00898841 -0.07447818
v 0.06508886 0.02714969 -0.08072706
v 0.06556069 0.01903487 -0.08615303
v 0.05188634 0.01760639 -0.14602442
v 0.04997324 0.00081440 -0.13704680
v 0.05563117 -0.00189981 -0.11916168
v 0.05270133 0.00810469 -0.13224099
v 0.04590370 0.00325198 -0.15549250
v 0.04282463 -0.01324295 -0.14632104
v 0.04948290 -0.01651784 -0.12881334
v 0.04667827 -0.00631088 -0.14174783
v 0.05015923 -0.03445328 -0.12170765
v 0.06099039 -0.03835518 -0.10658727
v 0.06099039 -0.03835518 -0.10658727
v 0.05776072 -0.01986481 -0.11212076
v 0.05426964 -0.02724221 -0.11699151
v 0.06762292 -0.02313129 -0.09643541
v 0.06762292 -0.02313129 -0.09643541
v 0.06062270 -0.01233556 -0.10711662
v 0.03772853 -0.01031230 -0.16446923
v 0.03349357 -0.02641439 -0.15499896
v 0.04100605 -0.03040086 -0.13790909
v 0.03842036 -0.01995477 -0.15074158
v 0.02749822 -0.02284945 -0.17280570
v 0.02218661 -0.03845083 -0.16298910
v 0.03036631 -0.04330854 -0.14633835
v 0.02807289 -0.03259026 -0.15908488
v 0.02803429 -0.06103040 -0.13884615
v 0.03993625 -0.06693270 -0.12475461
v 0.03993625 -0.06693270 -0.12475461
v 0.04015054 -0.04828744 -0.13061406
v 0.03433509 -0.05481814 -0.13481244
v 0.05167273 -0.05303755 -0.11602979
v 0.05167273 -0.05303755 -0.11602979
v 0.04543896 -0.04148339 -0.12624724
v 0.01540732 -0.03412927 -0.18039149
v 0.00912778 -0.04911166 -0.17020122
v 0.01783682 -0.05494628 -0.15406916
v 0.01586290 -0.04396490 -0.16670097
v 0.00166347 -0.04395671 -0.18710273
v -0.00547338 -0.05822551 -0.17648183
v 0.00365079 -0.06508371 -0.16098240
v 0.00200712 -0.05387210 -0.17346791
v -0.00138015 -0.08201236 -0.15305653
v 0.01069780 -0.09059233 -0.14030226
v 0.01069780 -0.09059233 -0.14030226
v 0.01412378 -0.07233890 -0.14640113
v 0.00655952 -0.07739096 -0.14985726
v 0.02618208 -0.07956381 -0.13287965
v 0.02618208 -0.07956381 -0.13287965
v 0.02128961 -0.06687779 -0.14272008
v -0.01351304 -0.05217183 -0.19280147
v -0.02139889 -0.06563890 -0.18167795
v -0.01199749 -0.07355701 -0.16687583
v -0.01328733 -0.06215243 -0.17922138
v -0.02986925 -0.05863822 -0.19738233
v -0.03837188 -0.07123534 -0.18570688
v -0.03837188 -0.07123534 -0.18570688
v -0.02886412 -0.08022767 -0.17160883
v -0.02977256 -0.06867106 -0.18384300
v -0.03629060 -0.09582187 -0.16286015
v -0.03629060 -0.09582187 -0.16286015
v -0.02469943 -0.10707958 -0.15185034
v -0.02469943 -0.10707958 -0.15185034
v -0.01828042 -0.08988124 -0.15857743
v -0.02716558 -0.09310000 -0.16087865
v -0.00634317 -0.09981791 -0.14669662
v -0.00634317 -0.09981791 -0.14669662
v -0.00967284 -0.08618070 -0.15596653
v -0.04712081 -0.06324799 -0.20077192
v -0.05610088 -0.07491242 -0.18850122
v -0.04665533 -0.08498229 -0.17510870
v -0.04716082 -0.07331773 -0.18726096
v -0.06497073 -0.06592272 -0.20291569
v -0.07427910 -0.07661613 -0.19002016
v -0.06506591 -0.08774137 -0.17732068
v -0.06515320 -0.07601358 -0.18942235
v -0.07439857 -0.10153315 -0.16744078
v -0.06409741 -0.11525835 -0.15807484
v -0.06409741 -0.11525835 -0.15807484
v -0.05510529 -0.09972492 -0.16582797
v -0.06471296 -0.10089380 -0.16680635
v -0.04406055 -0.11225539 -0.15566549
v -0.04406055 -0.11225539 -0.15566549
v -0.04561782 -0.09803200 -0.16451143
v -0.08311241 -0.06661680 -0.20377771
v -0.09259585 -0.07630890 -0.19023481
v -0.08377767 -0.08845772 -0.17820945
v -0.08343954 -0.07671379 -0.19029098
v -0.10123680 -0.06531855 -0.20334338
v -0.11073858 -0.07400408 -0.18914615
v -0.10247163 -0.08711803 -0.17776105
v -0.10170888 -0.07540479 -0.18985293
v -0.11309425 -0.09876032 -0.16651278
v -0.10480994 -0.11458001 -0.15855426
v -0.10480994 -0.11458001 -0.15855426
v -0.09383894 -0.10120695 -0.16766852
v -0.10351077 -0.10024711 -0.16726303
v -0.08446347 -0.11603760 -0.15904195
v -0.08446347 -0.11603760 -0.15904195
v -0.08412085 -0.10163632 -0.16772790
v -0.11903255 -0.06204941 -0.20161959
v -0.12839509 -0.06973242 -0.18676710
v -0.12082657 -0.08374618 -0.17598310
v -0.11964663 -0.07210938 -0.18811527
v -0.13619655 -0.05686591 -0.19863626
v -0.14526626 -0.06357624 -0.18314443
v -0.13853004 -0.07839949 -0.17290583
v -0.13694733 -0.06688437 -0.18510804
v -0.14973893 -0.08769310 -0.16014307
v -0.14405535 -0.10509078 -0.15326985
v -0.14405535 -0.10509078 -0.15326985
v -0.13183359 -0.09422710 -0.16398809
v -0.14091010 -0.09120419 -0.16222716
v -0.12478713 -0.11090995 -0.15661905
v -0.12478713 -0.11090995 -0.15661905
v -0.12254853 -0.09674991 -0.16541901
v -0.15243363 -0.04985613 -0.19444401
v -0.16105882 -0.05563175 -0.17833412
v -0.15527731 -0.07117019 -0.16858233
v -0.15331426 -0.05981890 -0.18088250
v -0.16746691 -0.04114069 -0.18911502
v -0.17550855 -0.04604340 -0.17242412
v -0.17078299 -0.06218040 -0.16308557
v -0.16846764 -0.05103374 -0.17551088
v -0.18183598 -0.06908542 -0.14876557
v -0.17915930 -0.08743792 -0.14258148
v -0.17915930 -0.08743792 -0.14258148
v -0.16650048 -0.07926204 -0.15503818
v -0.17436345 -0.07438147 -0.15204142
v -0.16228265 -0.09722221 -0.14856401
v -0.16228265 -0.09722221 -0.14856401
v -0.15828090 -0.08370571 -0.15774268
v -0.18103883 -0.03086865 -0.18274044
v -0.18836115 -0.03496779 -0.16551055
v -0.18478138 -0.05158557 -0.15651068
v -0.18214805 -0.04067984 -0.16908550
v -0.19291782 -0.01921501 -0.17542885
v -0.19940404 -0.02260055 -0.15771586
v -0.19703375 -0.03956594 -0.14896947
v -0.19412186 -0.02893308 -0.16171548
v -0.20719712 -0.04420494 -0.13315534
v -0.20773007 -0.06282429 -0.12721746
v -0.20773007 -0.06282429 -0.12721746
v -0.19547670 -0.05733075 -0.14142813
v -0.20159048 -0.05092567 -0.13740013
v -0.19439526 -0.07590639 -0.13542528
v -0.19439526 -0.07590639 -0.13542528
v -0.18888251 -0.06339246 -0.14522190
v 0.08099792 -0.00994658 -0.07033077
v 0.09031057 -0.01169276 -0.05532240
v 0.07961642 0.00756040 -0.05791537
v 0.08075531 -0.00137775 -0.06423079
v 0.07888661 -0.02628756 -0.08192726
v 0.09071303 -0.02908290 -0.06825160
v 0.08036736 -0.01822353 -0.07622593
v 0.10103812 -0.04802464 -0.06815655
v 0.11368127 -0.04955864 -0.05645810
v 0.10173479 -0.03088472 -0.05486463
v 0.10198215 -0.03963544 -0.06169348
v 0.11013081 -0.03068951 -0.04116128
v 0.09774752 -0.01155642 -0.04007830
v 0.10031641 -0.02158682 -0.04766207
v 0.07347214 -0.04202411 -0.09277525
v 0.08712079 -0.04533538 -0.08007926
v 0.07657848 -0.03421561 -0.08744699
v 0.06498382 -0.05734865 -0.10282628
v 0.07979623 -0.06115301 -0.09089335
v 0.06959742 -0.04972990 -0.09790429
v 0.08603936 -0.08051304 -0.09069565
v 0.10379046 -0.08329246 -0.08168570
v 0.09560272 -0.06434277 -0.08003423
v 0.09129204 -0.07241172 -0.08550347
v 0.11149194 -0.06666809 -0.06992000
v 0.09888150 -0.05623734 -0.07426116
v 0.05368822 -0.07229528 -0.11205088
v 0.06916188 -0.07685762 -0.10073938
v 0.05966077 -0.06489692 -0.10753206
v 0.04003524 -0.08632950 -0.12064274
v 0.05571210 -0.09220240 -0.10981463
v 0.04712640 -0.07946605 -0.11641120
v 0.05733259 -0.11268065 -0.10952094
v 0.07629517 -0.11742278 -0.10198424
v 0.07306099 -0.09689634 -0.10038568
v 0.06549946 -0.10492638 -0.10499481
v 0.09173917 -0.10027066 -0.09221346
v 0.07993497 -0.08871658 -0.09563783
v 0.02446615 -0.09886943 -0.12875276
v 0.04001296 -0.10637474 -0.11846485
v 0.03247473 -0.09280707 -0.12477339
v 0.00718850 -0.10962768 -0.13605107
v 0.02243374 -0.11882298 -0.12661408
v 0.01603042 -0.10448627 -0.13252912
v 0.01966400 -0.13923409 -0.12660524
v 0.03796042 -0.14782972 -0.12067214
v 0.03945211 -0.12693889 -0.11841583
v 0.02978491 -0.13335410 -0.12263595
v 0.05820817 -0.13354788 -0.11150016
v 0.04864234 -0.12003280 -0.11401931
v -0.01160968 -0.11837981 -0.14216373
v 0.00314588 -0.12925699 -0.13375919
v -0.00203814 -0.11426462 -0.13926773
v -0.03162905 -0.12498442 -0.14692896
v -0.03162905 -0.12498442 -0.14692896
v -0.01759939 -0.13746452 -0.13956937
v -0.02148684 -0.12195852 -0.14472218
v -0.02469282 -0.15678358 -0.13899000
v -0.02469282 -0.15678358 -0.13899000
v -0.00808705 -0.16927337 -0.13548679
v -0.00182577 -0.14923809 -0.13354425
v -0.01310910 -0.15332696 -0.13646585
v 0.01576529 -0.15983497 -0.12881825
v 0.00911265 -0.14453450 -0.13024930
v -0.05254317 -0.12932342 -0.15023301
v -0.03947223 -0.14331279 -0.14388649
v -0.04199668 -0.12744192 -0.14876726
v -0.07399072 -0.13133376 -0.15202732
v -0.06211115 -0.14670610 -0.14661185
v -0.06322337 -0.13062334 -0.15132090
v -0.07308189 -0.16403670 -0.14482087
v -0.05925711 -0.17989759 -0.14359160
v -0.04858260 -0.16174006 -0.14276882
v -0.06078229 -0.16322484 -0.14401334
v -0.03323102 -0.17599668 -0.14045562
v -0.03653516 -0.15959066 -0.14109279
v -0.09560253 -0.13097124 -0.15228057
v -0.08512271 -0.14758626 -0.14770640
v -0.08479905 -0.13144883 -0.15234676
v -0.11700877 -0.12825159 -0.15099592
v -0.10811281 -0.14593927 -0.14715533
v -0.10635466 -0.12990425 -0.15182984
v -0.12222332 -0.16051575 -0.14364333
v -0.11214238 -0.17901624 -0.14421752
v -0.09777018 -0.16362242 -0.14511091
v -0.11005259 -0.16240345 -0.14459594
v -0.08571187 -0.18091007 -0.14485104
v -0.08542890 -0.16416780 -0.14518613
v -0.13784106 -0.12321196 -0.14818918
v -0.13068558 -0.14179244 -0.14496873
v -0.12751905 -0.12601621 -0.14977970
v -0.15774647 -0.11594786 -0.14391452
v -0.15245687 -0.13521727 -0.14118441
v -0.14793139 -0.11985147 -0.14623161
v -0.16876026 -0.14646098 -0.13555402
v -0.16312266 -0.16668982 -0.13735295
v -0.14602111 -0.15475855 -0.14043688
v -0.15754791 -0.15091989 -0.13820070
v -0.13809349 -0.17424891 -0.14170356
v -0.13422974 -0.15796229 -0.14225400
v -0.17637997 -0.10657501 -0.13823937
v -0.17305235 -0.12632636 -0.13586716
v -0.16724237 -0.11151508 -0.14124599
v -0.19342854 -0.09526143 -0.13126597
v -0.19212299 -0.11527577 -0.12909901
v -0.18512185 -0.10114955 -0.13490806
v -0.20953481 -0.12287426 -0.12102222
v -0.20873719 -0.14380275 -0.12338571
v -0.19004739 -0.13575798 -0.12906251
v -0.20003747 -0.12957369 -0.12523230
v -0.18680106 -0.15646804 -0.13123976
v -0.17960759 -0.14139690 -0.13250543
v -0.20859312 -0.08219411 -0.12310916
v -0.20934354 -0.10226364 -0.12098027
v -0.20126243 -0.08893297 -0.12732674
v -0.22162255 -0.06760217 -0.11391231
v -0.22440475 -0.08750817 -0.11164973
v -0.21539004 -0.07507368 -0.11863130
v -0.24165821 -0.09147269 -0.10076918
v -0.24584232 -0.11227333 -0.10253519
v -0.22687292 -0.10804429 -0.11151552
v -0.23461026 -0.09996366 -0.10628162
v -0.22858214 -0.12900133 -0.11375888
v -0.21849723 -0.11568916 -0.11643932
v 0.12298118 -0.04893819 -0.04432232
v 0.12845329 -0.04560890 -0.03116667
v 0.11391277 -0.02739919 -0.02675803
v 0.11911274 -0.03863081 -0.03573028
v 0.12591854 -0.06760492 -0.06003294
v 0.13750911 -0.06650097 -0.04977225
v 0.12531736 -0.05852773 -0.05245105
v 0.15309468 -0.08352827 -0.05753158
v 0.16603989 -0.07928831 -0.04879558
v 0.14621006 -0.06285630 -0.03845862
v 0.15087643 -0.07343540 -0.04852068
v 0.15407021 -0.05741724 -0.02511808
v 0.13030953 -0.03985059 -0.01581975
v 0.13934354 -0.05182350 -0.02726883
v 0.12153598 -0.08498576 -0.07340408
v 0.13825860 -0.08522949 -0.06551375
v 0.12458382 -0.07637570 -0.06698470
v 0.11118820 -0.10230959 -0.08503953
v 0.13078877 -0.10309844 -0.07865542
v 0.11699640 -0.09358155 -0.07938957
v 0.13869134 -0.12113455 -0.08584697
v 0.15964846 -0.11908926 -0.08203142
v 0.14981161 -0.10239790 -0.07283016
v 0.14504677 -0.11166160 -0.07952284
v 0.16776089 -0.09986144 -0.06720436
v 0.15261702 -0.09310135 -0.06556729
v 0.09653707 -0.12042823 -0.09568920
v 0.11752261 -0.12164729 -0.09037531
v 0.10433315 -0.11131578 -0.09045201
v 0.07854314 -0.13828549 -0.10588714
v 0.10012323 -0.14087260 -0.10148072
v 0.08790518 -0.12947526 -0.10081340
v 0.10217422 -0.16138663 -0.10988615
v 0.12555747 -0.16085456 -0.10832181
v 0.12242676 -0.14122170 -0.09803709
v 0.11274277 -0.15140274 -0.10398407
v 0.14491279 -0.13934949 -0.09536257
v 0.13111396 -0.13105990 -0.09200477
v 0.05797653 -0.15461313 -0.11597458
v 0.07949481 -0.15922881 -0.11240862
v 0.06855602 -0.14668634 -0.11097211
v 0.03516994 -0.16878356 -0.12535526
v 0.05624888 -0.17563442 -0.12297321
v 0.04683710 -0.16200085 -0.12080050
v 0.05266250 -0.19628920 -0.13239190
v 0.07601355 -0.20035666 -0.13326030
v 0.07876951 -0.18002331 -0.12157104
v 0.06602974 -0.18849739 -0.12714240
v 0.10238175 -0.18165031 -0.12107088
v 0.09083377 -0.17095676 -0.11578380
v 0.01039953 -0.18031921 -0.13333885
v 0.03070322 -0.18947046 -0.13236480
v 0.02300776 -0.17489617 -0.12954475
v -0.01595725 -0.18901728 -0.13961908
v -0.01595725 -0.18901728 -0.13961908
v 0.00323245 -0.20034480 -0.14005159
v -0.00260504 -0.18503302 -0.13670720
v -0.00600487 -0.21952219 -0.14878784
v -0.00600487 -0.21952219 -0.14878784
v 0.01556243 -0.22858224 -0.15281167
v 0.02424963 -0.20953639 -0.14157586
v 0.00932282 -0.21494800 -0.14544476
v 0.04691018 -0.21616584 -0.14402842
v 0.03871600 -0.20330933 -0.13721388
v -0.04349339 -0.19473139 -0.14397813
v -0.02573176 -0.20808996 -0.14577779
v -0.02960670 -0.19225306 -0.14204472
v -0.07173384 -0.19737816 -0.14634406
v -0.05571322 -0.21258358 -0.14939076
v -0.05755594 -0.19644232 -0.14541294
v -0.07003630 -0.22911964 -0.15650655
v -0.05173179 -0.24255245 -0.16346807
v -0.03761641 -0.22608116 -0.15379105
v -0.05376013 -0.22804554 -0.15543807
v -0.01750471 -0.23742294 -0.15934527
v -0.02167504 -0.22323633 -0.15157197
v -0.10019212 -0.19690072 -0.14667865
v -0.08618841 -0.21374972 -0.15084138
v -0.08596606 -0.19752955 -0.14676544
v -0.12837932 -0.19331941 -0.14498683
v -0.11663554 -0.21156810 -0.15011155
v -0.11434986 -0.19549589 -0.14608523
v -0.13506455 -0.22446026 -0.15494826
v -0.12128007 -0.24139293 -0.16429017
v -0.10270577 -0.22857101 -0.15689013
v -0.11895924 -0.22695884 -0.15620920
v -0.08652215 -0.24388318 -0.16512321
v -0.08637502 -0.22929349 -0.15699021
v -0.15581122 -0.18668362 -0.14129105
v -0.14653085 -0.20607637 -0.14721564
v -0.14221918 -0.19037623 -0.14338548
v -0.18202270 -0.17711830 -0.13566219
v -0.17536432 -0.19736827 -0.14220365
v -0.16909858 -0.18225826 -0.13871315
v -0.19664663 -0.20586182 -0.14424387
v -0.18832379 -0.22518275 -0.15526269
v -0.16655618 -0.21684217 -0.15070539
v -0.18180939 -0.21176225 -0.14774620
v -0.15540784 -0.23512352 -0.16098411
v -0.15095255 -0.22108148 -0.15310991
v -0.20656598 -0.16479846 -0.12814785
v -0.20264094 -0.18559317 -0.13516149
v -0.19452640 -0.17128128 -0.13214831
v -0.22907552 -0.15010117 -0.11859312
v -0.22793247 -0.17110872 -0.12595345
v -0.21809657 -0.15772125 -0.12363725
v -0.25067088 -0.17522586 -0.12430403
v -0.24830349 -0.19541191 -0.13664748
v -0.22482262 -0.19175630 -0.13558269
v -0.23806260 -0.18374548 -0.13030116
v -0.21946223 -0.21174017 -0.14722327
v -0.21100084 -0.19916054 -0.14020968
v -0.24911983 -0.13338290 -0.10690942
v -0.25087866 -0.15448063 -0.11422212
v -0.23945761 -0.14199054 -0.11299236
v -0.26578131 -0.11465500 -0.09359703
v -0.27102031 -0.13596159 -0.09990385
v -0.25793574 -0.12427327 -0.10041960
v -0.29470723 -0.13682019 -0.09149601
v -0.29930920 -0.15844325 -0.10465458
v -0.27404977 -0.15698641 -0.10980540
v -0.28522700 -0.14733769 -0.10095777
v -0.27437358 -0.17725581 -0.12299800
v -0.26259909 -0.16629416 -0.11752968
v 0.18002227 -0.07293494 -0.03885752
v 0.19903323 -0.06596171 -0.02812859
v 0.17123216 -0.05493775 -0.01213906
v 0.17491951 -0.06253146 -0.02579488
v 0.18508283 -0.09506923 -0.06125715
v 0.20287053 -0.08731906 -0.05401825
v 0.18361787 -0.08401707 -0.05069632
v 0.22127904 -0.10103338 -0.07085812
v 0.24343401 -0.08842824 -0.06410467
v 0.22354010 -0.07696152 -0.04506934
v 0.22305637 -0.08889018 -0.05855583
v 0.24773812 -0.06407576 -0.03420182
v 0.22391737 -0.05876960 -0.01674201
v 0.22355331 -0.06650251 -0.03094794
v 0.18012720 -0.11530647 -0.07869904
v 0.20042744 -0.10951818 -0.07527025
v 0.18379165 -0.10538057 -0.07048430
v 0.16721068 -0.13541700 -0.09337133
v 0.18940071 -0.12992239 -0.09197345
v 0.17447270 -0.12520043 -0.08622116
v 0.19566129 -0.14411646 -0.10725298
v 0.21909296 -0.13490674 -0.10769057
v 0.21164340 -0.12268550 -0.09071125
v 0.20431350 -0.13318197 -0.09916940
v 0.23438826 -0.11308651 -0.08881227
v 0.21738693 -0.11213366 -0.08142522
v 0.14908414 -0.15760275 -0.10751183
v 0.17243969 -0.15187697 -0.10719761
v 0.15872419 -0.14631060 -0.10047010
v 0.12662511 -0.18027123 -0.12140415
v 0.15100312 -0.17579563 -0.12234133
v 0.13836063 -0.16901553 -0.11449152
v 0.15042157 -0.19365310 -0.13972773
v 0.17520774 -0.18484953 -0.14247095
v 0.17517663 -0.16842998 -0.12359303
v 0.16333559 -0.18110403 -0.13171865
v 0.19914650 -0.15856390 -0.12499596
v 0.18595063 -0.15598332 -0.11541600
v 0.10039593 -0.20136477 -0.13490492
v 0.12535654 -0.19915731 -0.13713019
v 0.11394817 -0.19109141 -0.12824417
v 0.07093038 -0.21982594 -0.14726145
v 0.09592517 -0.22021925 -0.15101292
v 0.08603461 -0.21098004 -0.14127959
v 0.08874710 -0.23780180 -0.16896886
v 0.11464630 -0.23395889 -0.17487582
v 0.12143779 -0.21719340 -0.15510348
v 0.10551831 -0.22792831 -0.16227410
v 0.14699416 -0.21067518 -0.15934714
v 0.13643062 -0.20572585 -0.14755549
v 0.03876430 -0.23485247 -0.15769315
v 0.06329293 -0.23802026 -0.16316335
v 0.05514941 -0.22779125 -0.15274368
v 0.00447150 -0.24616987 -0.16586199
v 0.00447150 -0.24616987 -0.16586199
v 0.02806980 -0.25198304 -0.17303639
v 0.02184751 -0.24098663 -0.16207709
v 0.01476590 -0.26716656 -0.18969374
v 0.01476590 -0.26716656 -0.18969374
v 0.03989684 -0.26903877 -0.19921779
v 0.05296279 -0.25455855 -0.18060637
v 0.03412209 -0.26139304 -0.18548476
v 0.07872908 -0.25362552 -0.18832859
v 0.07119970 -0.24668678 -0.17509045
v -0.03136121 -0.25360270 -0.17152831
v -0.00910514 -0.26191876 -0.18037067
v -0.01329117 -0.25037922 -0.16901502
v -0.06810794 -0.25704637 -0.17460491
v -0.04758025 -0.26768306 -0.18500122
v -0.04965972 -0.25582901 -0.17339422
v -0.06607751 -0.27927882 -0.19942255
v -0.04354345 -0.28635831 -0.21239932
v -0.02514794 -0.27544455 -0.19599780
v -0.04552967 -0.27792381 -0.19807481
v -0.00110728 -0.28000050 -0.20729583
v -0.00501993 -0.27185455 -0.19320107
v -0.10513647 -0.25642426 -0.17503920
v -0.08668748 -0.26917833 -0.18686095
v -0.08662659 -0.25724281 -0.17515253
v -0.14181327 -0.25176511 -0.17283839
v -0.12575754 -0.26637887 -0.18592437
v -0.12355888 -0.25459667 -0.17426729
v -0.14817106 -0.27339600 -0.19745449
v -0.12976684 -0.28491875 -0.21341636
v -0.10732064 -0.27858547 -0.19990588
v -0.12783912 -0.27654969 -0.19904591
v -0.08667606 -0.28800637 -0.21444934
v -0.08670386 -0.27949759 -0.20003232
v -0.17750715 -0.24313003 -0.16802903
v -0.16411881 -0.25933201 -0.18220840
v -0.15982111 -0.24793518 -0.17075449
v -0.21161272 -0.23068446 -0.16070527
v -0.20111807 -0.24815785 -0.17577709
v -0.19479582 -0.23737229 -0.16467499
v -0.22591364 -0.24991680 -0.18394099
v -0.21288335 -0.26482246 -0.20222485
v -0.18792690 -0.26377868 -0.19209825
v -0.20718345 -0.25736554 -0.18836236
v -0.17207603 -0.27714657 -0.20931799
v -0.16822807 -0.26913072 -0.19513384
v -0.24352752 -0.21476419 -0.15090248
v -0.23611935 -0.23304808 -0.16674061
v -0.22788159 -0.22308943 -0.15613305
v -0.27264217 -0.19663580 -0.13824572
v -0.26843561 -0.21499438 -0.15501658
v -0.25847319 -0.20588747 -0.14495874
v -0.29375922 -0.21263826 -0.15942691
v -0.28719709 -0.22839282 -0.17949899
v -0.26144797 -0.23224922 -0.17307272
v -0.27805549 -0.22255569 -0.16660299
v -0.25148694 -0.24815761 -0.19225834
v -0.24403490 -0.24145706 -0.17884821
v -0.29891832 -0.17794693 -0.12207304
v -0.29732837 -0.19578942 -0.14033047
v -0.28595782 -0.18718765 -0.13070840
v -0.32612029 -0.16310880 -0.10137919
v -0.32404857 -0.17886551 -0.12180828
v -0.31202101 -0.16931834 -0.11206624
v -0.34960310 -0.18052512 -0.12080308
v -0.34824083 -0.19055368 -0.14395917
v -0.32246606 -0.19363701 -0.14264767
v -0.33607824 -0.18598686 -0.13249594
v -0.31933459 -0.20779857 -0.16398646
v -0.30846143 -0.20276021 -0.15153352
v 0.26743183 -0.07139758 -0.05444652
v 0.29236751 -0.04989641 -0.04208284
v 0.27389190 -0.04879401 -0.02149147
v 0.27084809 -0.05860427 -0.03783954
v 0.25796171 -0.09975670 -0.08502626
v 0.28175818 -0.08076658 -0.07802857
v 0.26326264 -0.08562940 -0.07045946
v 0.29034635 -0.09094357 -0.10396000
v 0.31161490 -0.06593744 -0.09844116
v 0.30514421 -0.05600679 -0.06812988
v 0.29813678 -0.07411170 -0.08721967
v 0.32722824 -0.02435299 -0.05580040
v 0.31718165 -0.02335946 -0.02619824
v 0.31178018 -0.03776057 -0.04715372
v 0.24298421 -0.12375980 -0.10788418
v 0.26702335 -0.10964227 -0.10695652
v 0.25115027 -0.11223510 -0.09729374
v 0.22321198 -0.14672386 -0.12651938
v 0.24744559 -0.13357330 -0.12831759
v 0.23361925 -0.13502421 -0.11741859
v 0.24804045 -0.14318775 -0.15041919
v 0.27121085 -0.12612382 -0.15348664
v 0.27125921 -0.11828662 -0.12976248
v 0.26012534 -0.13059336 -0.14035199
v 0.29351015 -0.09947718 -0.13016859
v 0.28135996 -0.10536894 -0.11788607
v 0.19968918 -0.17309639 -0.14515840
v 0.22399141 -0.15900258 -0.14775099
v 0.21191881 -0.15955244 -0.13580774
v 0.17221617 -0.20067596 -0.16354597
v 0.19694917 -0.18741946 -0.16747550
v 0.18647153 -0.18694232 -0.15444639
v 0.19074142 -0.20101128 -0.19140895
v 0.21483713 -0.18368108 -0.19602057
v 0.22123619 -0.17149208 -0.17110656
v 0.20646352 -0.18631970 -0.18138994
v 0.24492762 -0.15350149 -0.17463369
v 0.23508662 -0.15696787 -0.16072640
v 0.14049417 -0.22642631 -0.18072155
v 0.16593075 -0.21536264 -0.18628822
v 0.15687085 -0.21388364 -0.17233202
v 0.10487160 -0.24895883 -0.19597893
v 0.13089143 -0.24053141 -0.20328952
v 0.12314186 -0.23816414 -0.18863137
v 0.11824944 -0.25257351 -0.22648073
v 0.14369729 -0.23970061 -0.23430763
v 0.15638425 -0.22851747 -0.21008111
v 0.13778127 -0.24104818 -0.21859901
v 0.18107681 -0.21318114 -0.21623141
v 0.17404292 -0.21512436 -0.20099533
v 0.06584564 -0.26727423 -0.20870855
v 0.09213236 -0.26179032 -0.21788059
v 0.08574019 -0.25867079 -0.20268111
v 0.02415835 -0.28104952 -0.21861947
v 0.02415835 -0.28104952 -0.21861947
v 0.05020855 -0.27845803 -0.22964810
v 0.04528545 -0.27474261 -0.21403130
v 0.03201628 -0.28688841 -0.25069336
v 0.03201628 -0.28688841 -0.25069336
v 0.05833722 -0.27974291 -0.26218940
v 0.07654943 -0.27215022 -0.24010583
v 0.05458594 -0.28014024 -0.24579310
v 0.10265663 -0.26212141 -0.24974854
v 0.09780486 -0.26295144 -0.23365925
v -0.01940936 -0.29008937 -0.22549440
v 0.00592954 -0.29030905 -0.23836533
v 0.00256137 -0.28616992 -0.22244423
v -0.06408730 -0.29427407 -0.22923069
v -0.03990143 -0.29717780 -0.24387363
v -0.04165757 -0.29279525 -0.22776003
v -0.06226983 -0.30102823 -0.26202719
v -0.03689412 -0.29954857 -0.27722367
v -0.01453210 -0.29655577 -0.25803575
v -0.03830375 -0.29944788 -0.26045622
v 0.01154448 -0.29228316 -0.27140156
v 0.00894256 -0.29236494 -0.25477785
v -0.10910638 -0.29351700 -0.22975783
v -0.08648527 -0.29895723 -0.24608656
v -0.08660192 -0.29451269 -0.22989598
v -0.15369666 -0.28785249 -0.22708219
v -0.13302395 -0.29562237 -0.24497111
v -0.13150326 -0.29129472 -0.22881912
v -0.15801859 -0.29416635 -0.25973109
v -0.13532165 -0.29790576 -0.27838371
v -0.11037359 -0.30021921 -0.26259014
v -0.13430483 -0.29784461 -0.26158707
v -0.08613167 -0.30143083 -0.27956290
v -0.08632792 -0.30128279 -0.26273719
v -0.19709187 -0.27735462 -0.22123554
v -0.17871812 -0.28722842 -0.24054508
v -0.17558983 -0.28319629 -0.22454882
v -0.23855606 -0.26222349 -0.21233142
v -0.22279047 -0.27391829 -0.23288386
v -0.21811086 -0.27035433 -0.21715766
v -0.24869204 -0.26678162 -0.24396988
v -0.23020248 -0.27496501 -0.26560777
v -0.20438680 -0.28294906 -0.25348380
v -0.22684617 -0.27546922 -0.24912659
v -0.18361992 -0.28903381 -0.27370505
v -0.18141165 -0.28919111 -0.25702419
v -0.27740674 -0.24293129 -0.20048830
v -0.26448260 -0.25591978 -0.22211974
v -0.25833589 -0.25298950 -0.20677254
v -0.31324519 -0.22145963 -0.18577420
v -0.30346581 -0.23437544 -0.20832826
v -0.29572415 -0.23232845 -0.19348649
v -0.32967843 -0.22249438 -0.21547441
v -0.31590231 -0.23285394 -0.23962389
v -0.29032229 -0.24609469 -0.23130325
v -0.31024870 -0.23454614 -0.22378633
v -0.27427010 -0.25594137 -0.25423059
v -0.26982721 -0.25691500 -0.23803017
v -0.34574058 -0.20063783 -0.16764273
v -0.33983876 -0.21133833 -0.19152609
v -0.32992507 -0.21060390 -0.17735877
v -0.37468229 -0.18688100 -0.14191879
v -0.37318981 -0.19142201 -0.16877248
v -0.36066733 -0.19243814 -0.15602868
v -0.40186612 -0.18006291 -0.16484070
v -0.39593547 -0.18117071 -0.19728165
v -0.36731632 -0.19820993 -0.19558283
v -0.38563953 -0.18728775 -0.18225911
v -0.35605996 -0.20724265 -0.22174844
v -0.34868154 -0.21016401 -0.20636410
v 0.32944533 -0.03507365 -0.09245370
v 0.34179043 0.00039992 -0.08890190
v 0.34327379 0.01340391 -0.04928897
v 0.33685094 -0.01182961 -0.07077118
v 0.31258712 -0.07566515 -0.12936285
v 0.32755165 -0.04590243 -0.12725315
v 0.32140883 -0.05651642 -0.11210065
v 0.32163940 -0.05470019 -0.15906739
v 0.32901952 -0.02131679 -0.15825658
v 0.33738821 -0.01145838 -0.12540110
v 0.33007695 -0.03415110 -0.14295373
v 0.34086044 0.02580423 -0.12434436
v 0.34708701 0.03855596 -0.08845895
v 0.34318650 0.01292723 -0.10702968
v 0.29206761 -0.10655730 -0.15641925
v 0.30918354 -0.08307098 -0.15841937
v 0.30282606 -0.09202809 -0.14389049
v 0.26733114 -0.13391995 -0.17842411
v 0.28694570 -0.11283852 -0.18243409
v 0.28025481 -0.12020394 -0.16768548
v 0.27820901 -0.11908217 -0.20833850
v 0.29201730 -0.09379492 -0.21152612
v 0.30231225 -0.08882901 -0.18566093
v 0.29097031 -0.10403378 -0.19721901
v 0.31253124 -0.06083020 -0.18737040
v 0.31245969 -0.07265501 -0.17312333
v 0.23806392 -0.16400221 -0.20035457
v 0.25965231 -0.14242317 -0.20449571
v 0.25323876 -0.14865722 -0.18937197
v 0.20480990 -0.19485947 -0.22172992
v 0.22735934 -0.17391256 -0.22655428
v 0.22189238 -0.17954096 -0.21119839
v 0.21299952 -0.18244928 -0.25236815
v 0.23244574 -0.15824192 -0.25632027
v 0.24797759 -0.15080844 -0.23073273
v 0.23096721 -0.16680896 -0.24171782
v 0.26531915 -0.12573490 -0.23411312
v 0.26380122 -0.13478664 -0.21955814
v 0.16814871 -0.22346114 -0.24127352
v 0.19136430 -0.20426432 -0.24731506
v 0.18690273 -0.20954394 -0.23177511
v 0.12801305 -0.24845719 -0.25838773
v 0.15218306 -0.23145646 -0.26588760
v 0.14852620 -0.23647695 -0.25016474
v 0.13347939 -0.23687580 -0.28955791
v 0.15564248 -0.21634521 -0.29580420
v 0.17484601 -0.21151905 -0.27216836
v 0.15458345 -0.22471911 -0.28119520
v 0.19557133 -0.18897429 -0.27713509
v 0.19430533 -0.19739111 -0.26253876
v 0.08434516 -0.26887011 -0.27261673
v 0.10954946 -0.25448748 -0.28178785
v 0.10658739 -0.25926855 -0.26588196
v 0.03779586 -0.28428203 -0.28368426
v 0.03779586 -0.28428203 -0.28368426
v 0.06369037 -0.27267281 -0.29463737
v 0.06138268 -0.27722129 -0.27856152
v 0.04111530 -0.27341424 -0.31538714
v 0.04111530 -0.27341424 -0.31538714
v 0.06596627 -0.25788149 -0.32481650
v 0.08871710 -0.25766326 -0.30406945
v 0.06522871 -0.26619349 -0.31014582
v 0.11237855 -0.23952302 -0.31183156
v 0.11149561 -0.24787392 -0.29719461
v -0.01085482 -0.29439655 -0.29136188
v 0.01532691 -0.28564402 -0.30416477
v 0.01368028 -0.29001167 -0.28795505
v -0.06075336 -0.29907593 -0.29553552
v -0.03474091 -0.29316145 -0.31018704
v -0.03570211 -0.29742253 -0.29389249
v -0.05963743 -0.28855090 -0.32751250
v -0.03356940 -0.27860412 -0.34054915
v -0.00862210 -0.28376072 -0.32324216
v -0.03402526 -0.28685770 -0.32583153
v 0.01706045 -0.27099864 -0.33445625
v 0.01646144 -0.27927478 -0.31975653
v -0.11103554 -0.29823150 -0.29612475
v -0.08563738 -0.29511070 -0.31260738
v -0.08590004 -0.29934277 -0.29627880
v -0.16083879 -0.29190425 -0.29313604
v -0.13648617 -0.29146780 -0.31138845
v -0.13605066 -0.29574928 -0.29507620
v -0.16196811 -0.28122020 -0.32505975
v -0.13645807 -0.27689469 -0.34176553
v -0.11104699 -0.28768975 -0.32811572
v -0.13662365 -0.28515206 -0.32704380
v -0.08503715 -0.28057834 -0.34299802
v -0.08534802 -0.28882553 -0.32827296
v -0.20930744 -0.28017874 -0.28660571
v -0.18641350 -0.28229584 -0.30655214
v -0.18529193 -0.28670371 -0.29030658
v -0.25561991 -0.26327884 -0.27666076
v -0.23456780 -0.26775262 -0.29818184
v -0.23278438 -0.27236042 -0.28205135
v -0.25887711 -0.25195213 -0.30821459
v -0.23564397 -0.25291226 -0.32841006
v -0.21152521 -0.26923177 -0.31838302
v -0.23552845 -0.26123771 -0.31372626
v -0.18694766 -0.26761941 -0.33687473
v -0.18697003 -0.27590321 -0.32216696
v -0.29920799 -0.24158694 -0.26343102
v -0.28012157 -0.24808706 -0.28642073
v -0.27771241 -0.25296535 -0.27045203
v -0.34099581 -0.21630584 -0.24697661
v -0.32327273 -0.22401522 -0.27143436
v -0.32025376 -0.22931116 -0.25560331
v -0.34608437 -0.20352615 -0.27821498
v -0.32518855 -0.20855048 -0.30148566
v -0.30343508 -0.22973333 -0.29472319
v -0.32492770 -0.21706257 -0.28682547
v -0.28171083 -0.23302556 -0.31651673
v -0.28146530 -0.24140715 -0.30186649
v -0.38193722 -0.18868040 -0.22691516
v -0.36524269 -0.19671848 -0.25340809
v -0.36158009 -0.20273784 -0.23755476
v -0.42084452 -0.15858497 -0.20233189
v -0.40507277 -0.16649297 -0.23240679
v -0.40199547 -0.17420824 -0.21463358
v -0.42384813 -0.14105885 -0.23790254
v -0.40573622 -0.14884849 -0.26365535
v -0.38732286 -0.17415174 -0.25906369
v -0.40642047 -0.15811888 -0.24869208
v -0.36699310 -0.18041803 -0.28375356
v -0.36704700 -0.18925538 -0.26893277
v 0.33033493 0.01521291 -0.15643257
v 0.32546054 0.05222801 -0.15430047
v 0.33690850 0.06377169 -0.12337192
v 0.33463182 0.03908306 -0.14003309
v 0.31726061 -0.02853505 -0.18703366
v 0.31700789 0.00674726 -0.18498231
v 0.32441225 -0.00745454 -0.17221702
v 0.30198310 -0.00023828 -0.21064822
v 0.29681687 0.03341461 -0.20751663
v 0.31174192 0.04233906 -0.18219186
v 0.30755862 0.02059976 -0.19669934
v 0.30212219 0.07597173 -0.17938120
v 0.31501660 0.08741549 -0.15239420
v 0.31430444 0.06470305 -0.16734878
v 0.30019967 -0.06532704 -0.21302478
v 0.30330872 -0.03377536 -0.21265802
v 0.30927561 -0.04764456 -0.20052921
v 0.27773865 -0.09858853 -0.23629707
v 0.28481102 -0.06956775 -0.23714234
v 0.28977344 -0.08212704 -0.22484057
v 0.26660753 -0.07423486 -0.26014615
v 0.26901943 -0.04392446 -0.25862513
v 0.28719961 -0.03862306 -0.23635099
v 0.27770214 -0.05665454 -0.24841066
v 0.28570202 -0.00669041 -0.23405735
v 0.29524527 -0.01989798 -0.22381449
v 0.24834246 -0.13188403 -0.25898214
v 0.25983095 -0.10374808 -0.26027539
v 0.26383818 -0.11525624 -0.24771393
v 0.21365481 -0.16403437 -0.28063125
v 0.22849913 -0.13706838 -0.28259481
v 0.23152447 -0.14822568 -0.26999128
v 0.20679350 -0.14085743 -0.30454935
v 0.21731840 -0.11256804 -0.30405328
v 0.23939009 -0.10860872 -0.28302050
v 0.22366509 -0.12507931 -0.29399427
v 0.24612855 -0.07923023 -0.28193318
v 0.25377059 -0.09160689 -0.27171037
v 0.17555337 -0.19322186 -0.30041364
v 0.19275673 -0.16791491 -0.30333869
v 0.19500543 -0.17906384 -0.29079230
v 0.13414918 -0.21854805 -0.31779188
v 0.15355442 -0.19514896 -0.32189140
v 0.15527563 -0.20641400 -0.30943376
v 0.12997330 -0.19469048 -0.34119940
v 0.14633353 -0.16950563 -0.34252128
v 0.17022174 -0.16977794 -0.32410032
v 0.15054987 -0.18277197 -0.33298428
v 0.18380686 -0.14291842 -0.32441430
v 0.18897423 -0.15578133 -0.31460365
v 0.08936369 -0.23930991 -0.33230079
v 0.11084808 -0.21810597 -0.33777923
v 0.11215076 -0.22953041 -0.32542638
v 0.04175570 -0.25505125 -0.34361943
v 0.04175570 -0.25505125 -0.34361943
v 0.06496346 -0.23625989 -0.35062818
v 0.06587093 -0.24783356 -0.33837749
v 0.03967296 -0.23042088 -0.36649232
v 0.03967296 -0.23042088 -0.36649232
v 0.06079564 -0.20936920 -0.37039753
v 0.08623963 -0.21503252 -0.35542365
v 0.06326512 -0.22336828 -0.36136832
v 0.10516052 -0.19179804 -0.35795753
v 0.10850611 -0.20545870 -0.34868966
v -0.00798337 -0.26539541 -0.35147490
v 0.01659452 -0.24922165 -0.36015791
v 0.01710033 -0.26091019 -0.34798910
v -0.05899853 -0.27018602 -0.35574552
v -0.03347413 -0.25673777 -0.36618063
v -0.03338653 -0.26849238 -0.35406427
v -0.05887959 -0.24520982 -0.37834493
v -0.03444644 -0.22916062 -0.38543114
v -0.00898138 -0.24052929 -0.37417119
v -0.03382866 -0.24355527 -0.37670179
v 0.01399418 -0.22189639 -0.37960910
v 0.01555523 -0.23614602 -0.37076408
v -0.11040810 -0.26932487 -0.35634873
v -0.08437027 -0.25868817 -0.36860107
v -0.08470912 -0.27046064 -0.35650597
v -0.16132922 -0.26285531 -0.35329276
v -0.13521906 -0.25504527 -0.36738214
v -0.13598475 -0.26678717 -0.35527681
v -0.15896486 -0.23803887 -0.37594528
v -0.13287297 -0.22751956 -0.38659101
v -0.10916161 -0.24436612 -0.37893398
v -0.13417673 -0.24188390 -0.37788543
v -0.08368316 -0.23104391 -0.38777037
v -0.08402611 -0.24547739 -0.37908803
v -0.21088631 -0.25086688 -0.34661604
v -0.18514639 -0.24587331 -0.36254583
v -0.18633113 -0.25753832 -0.35039997
v -0.25823821 -0.23358724 -0.33644760
v -0.23330069 -0.23133009 -0.35417553
v -0.23488956 -0.24287283 -0.34195928
v -0.25374598 -0.20941346 -0.35946999
v -0.22775379 -0.20457851 -0.37381552
v -0.20743351 -0.22631336 -0.36941494
v -0.23091045 -0.21849504 -0.36486059
v -0.18117123 -0.21864732 -0.38191280
v -0.18341800 -0.23283833 -0.37311581
v -0.30273014 -0.21133820 -0.32297233
v -0.27885446 -0.21166453 -0.34241442
v -0.28082640 -0.22304226 -0.33009951
v -0.34478258 -0.18485506 -0.30661246
v -0.32151326 -0.18734421 -0.32755035
v -0.32402358 -0.19857555 -0.31512411
v -0.33751274 -0.16148481 -0.33018918
v -0.31277261 -0.16194043 -0.34800442
v -0.29717348 -0.18762588 -0.34628045
v -0.31773617 -0.17506335 -0.33857415
v -0.27182142 -0.18555488 -0.36243834
v -0.27583848 -0.19909997 -0.35326126
v -0.38452614 -0.15481628 -0.28777691
v -0.36151377 -0.15905263 -0.31001463
v -0.36508247 -0.17027737 -0.29749490
v -0.41926430 -0.12113350 -0.26656062
v -0.39773559 -0.12714579 -0.29003598
v -0.40271884 -0.13844358 -0.27746335
v -0.40640502 -0.09801277 -0.29046116
v -0.38334382 -0.10283443 -0.31115441
v -0.37444239 -0.13152144 -0.31153444
v -0.39115506 -0.11519590 -0.30129327
v -0.35020567 -0.13422205 -0.33082138
v -0.35648838 -0.14696101 -0.32117121
v 0.28848204 0.06487919 -0.20415666
v 0.27731385 0.09345463 -0.20084173
v 0.28962746 0.10618009 -0.17705979
v 0.28987300 0.08549773 -0.19060082
v 0.28111183 0.02454057 -0.23072537
v 0.27358064 0.05404483 -0.22670339
v 0.28553446 0.04450180 -0.21758057
v 0.25696582 0.04360773 -0.24691417
v 0.24713102 0.06922899 -0.24136927
v 0.26324324 0.08106541 -0.22234124
v 0.26082342 0.06222616 -0.23469547
v 0.25029725 0.10535821 -0.21772058
v 0.26367866 0.11897380 -0.19756812
v 0.26420288 0.10001698 -0.20993670
v 0.26804664 -0.01363634 -0.25577768
v 0.26397390 0.01580342 -0.25179074
v 0.27529436 0.00517168 -0.24344443
v 0.24912309 -0.04969791 -0.27944450
v 0.24864564 -0.02062769 -0.27566159
v 0.25933446 -0.03191571 -0.26776418
v 0.22750606 -0.02704259 -0.29334557
v 0.22424664 -0.00021730 -0.28706152
v 0.24501633 0.00741019 -0.27066398
v 0.23695029 -0.01006123 -0.28214953
v 0.23840136 0.03383093 -0.26462067
v 0.25169225 0.02531794 -0.25891129
v 0.22421613 -0.08376428 -0.30194311
v 0.22755547 -0.05506369 -0.29833870
v 0.23737830 -0.06701484 -0.29085816
v 0.19411172 -0.11514938 -0.32287631
v 0.20105009 -0.08707440 -0.31961475
v 0.20975497 -0.09984316 -0.31263606
v 0.17681859 -0.08879970 -0.33451558
v 0.18051986 -0.06208324 -0.32825153
v 0.20459736 -0.05930055 -0.31475056
v 0.19127979 -0.07443122 -0.32486256
v 0.20484119 -0.03236626 -0.30838191
v 0.21669755 -0.04347993 -0.30422888
v 0.15967614 -0.14307507 -0.34176141
v 0.16986299 -0.11598082 -0.33905270
v 0.17740325 -0.12958029 -0.33260087
v 0.12135175 -0.16701297 -0.35819968
v 0.13458424 -0.14121642 -0.35625847
v 0.14097699 -0.15557311 -0.35031037
v 0.10888694 -0.13738450 -0.36765864
v 0.11910800 -0.11220248 -0.36226059
v 0.14474704 -0.11497691 -0.35226062
v 0.12725978 -0.12667869 -0.36027257
v 0.15177461 -0.08884964 -0.34631742
v 0.16128688 -0.10233259 -0.34366152
v 0.07955698 -0.18649944 -0.37182802
v 0.09565881 -0.16232803 -0.37088156
v 0.10084695 -0.17733434 -0.36538135
v 0.03500089 -0.20121226 -0.38241242
v 0.03500089 -0.20121226 -0.38241242
v 0.05368094 -0.17894762 -0.38264792
v 0.05757680 -0.19447119 -0.37751406
v 0.02804740 -0.16937563 -0.39030580
v 0.02804740 -0.16937563 -0.39030580
v 0.04414987 -0.14711403 -0.38667754
v 0.06975830 -0.15561501 -0.38040903
v 0.04918072 -0.16307105 -0.38572594
v 0.08303409 -0.13173569 -0.37579245
v 0.08969002 -0.14704142 -0.37437850
v -0.01155207 -0.21087484 -0.38975244
v 0.00939250 -0.19079129 -0.39135609
v 0.01192412 -0.20668502 -0.38649518
v -0.05928949 -0.21534904 -0.39374308
v -0.03643988 -0.19766092 -0.39686178
v -0.03532374 -0.21376753 -0.39217201
v -0.06020252 -0.18260248 -0.40090659
v -0.03930242 -0.16443566 -0.39983268
v -0.01552488 -0.17841546 -0.39717200
v -0.03777312 -0.18112228 -0.39943619
v 0.00313558 -0.15807555 -0.39473587
v 0.00644676 -0.17449515 -0.39412473
v -0.10739292 -0.21454118 -0.39430614
v -0.08302323 -0.19944223 -0.39907463
v -0.08334724 -0.21560446 -0.39445364
v -0.15503792 -0.20848832 -0.39144708
v -0.12956191 -0.19610766 -0.39795872
v -0.13132416 -0.21216657 -0.39330307
v -0.14981172 -0.17618168 -0.39875783
v -0.12552534 -0.16299842 -0.40084897
v -0.10522145 -0.18184623 -0.40143342
v -0.12761833 -0.17962395 -0.40049471
v -0.08243456 -0.16608590 -0.40188217
v -0.08271715 -0.18284137 -0.40157147
v -0.20140614 -0.19727102 -0.38519979
v -0.17525609 -0.18771371 -0.39353270
v -0.17843098 -0.20351308 -0.38874018
v -0.24571138 -0.18110358 -0.37568588
v -0.21932843 -0.17440329 -0.38587193
v -0.22386550 -0.18979118 -0.38084258
v -0.23467113 -0.15055266 -0.38400710
v -0.20864184 -0.14290202 -0.38965763
v -0.19320694 -0.16568379 -0.39291122
v -0.21422592 -0.15868349 -0.38883334
v -0.16783453 -0.15522615 -0.39675073
v -0.17170490 -0.17152546 -0.39622450
v -0.28720011 -0.16024517 -0.36305686
v -0.26102056 -0.15640478 -0.37510781
v -0.26684655 -0.17123697 -0.36974616
v -0.32528084 -0.13510054 -0.34756264
v -0.29963749 -0.13402962 -0.36142720
v -0.30670133 -0.14818161 -0.35565111
v -0.30899868 -0.10746160 -0.35765941
v -0.28298772 -0.10551544 -0.36702098
v -0.27348563 -0.13102776 -0.37218498
v -0.29169503 -0.11972704 -0.36524621
v -0.24724543 -0.12623716 -0.37969113
v -0.25445095 -0.14131867 -0.37844822
v -0.35936278 -0.10610272 -0.32947152
v -0.33454578 -0.10766995 -0.34507084
v -0.34286703 -0.12105467 -0.33882411
v -0.38869308 -0.07371325 -0.30906669
v -0.36513750 -0.07777085 -0.32631448
v -0.37467062 -0.09030286 -0.31954050
v -0.36772851 -0.04984562 -0.32151065
v -0.34349666 -0.05338748 -0.33448231
v -0.34058685 -0.08024087 -0.34066782
v -0.35474545 -0.06540893 -0.33134041
v -0.31525477 -0.08109375 -0.35186546
v -0.32531731 -0.09427924 -0.34945389
v 0.23453396 0.09240048 -0.23529463
v 0.21962004 0.11285434 -0.22874386
v 0.23482853 0.12692016 -0.21278297
v 0.23535530 0.10965274 -0.22402687
v 0.22887606 0.05822995 -0.25769990
v 0.21679913 0.08018894 -0.25009237
v 0.23237230 0.07523535 -0.24653604
v 0.19752472 0.06877133 -0.26194442
v 0.18422002 0.08671220 -0.25195757
v 0.20260225 0.09943585 -0.24185985
v 0.20066390 0.08403300 -0.25193382
v 0.18674604 0.11579743 -0.23297024
v 0.20286058 0.13041789 -0.22168230
v 0.20333572 0.11491807 -0.23176216
v 0.21792965 0.02499022 -0.27959303
v 0.20889808 0.04811164 -0.27117074
v 0.22405320 0.04145667 -0.26873444
v 0.20188802 -0.00672514 -0.30059833
v 0.19604802 0.01717756 -0.29161297
v 0.21053221 0.00890487 -0.29022999
v 0.17326953 0.01043740 -0.30048888
v 0.16572929 0.03067323 -0.28885562
v 0.18768198 0.03892382 -0.28160730
v 0.18103325 0.02447586 -0.29116866
v 0.17717446 0.05817422 -0.27069312
v 0.19318827 0.05371162 -0.27185074
v 0.18099188 -0.03633649 -0.32035130
v 0.17847260 -0.01202293 -0.31103447
v 0.19202337 -0.02182565 -0.31065243
v 0.15564014 -0.06335554 -0.33852144
v 0.15647580 -0.03897348 -0.32909313
v 0.16884614 -0.05019976 -0.32965415
v 0.13177516 -0.04040532 -0.33454933
v 0.13051368 -0.01926005 -0.32216441
v 0.15452156 -0.01615073 -0.31823506
v 0.14362580 -0.02859579 -0.32658905
v 0.15008606 0.00471096 -0.30611352
v 0.16441739 -0.00312203 -0.30952342
v 0.12626904 -0.08731957 -0.35479211
v 0.13043952 -0.06323248 -0.34548535
v 0.14142594 -0.07574463 -0.34691154
v 0.09338370 -0.10783122 -0.36889083
v 0.10080600 -0.08439634 -0.35993537
v 0.11023338 -0.09803092 -0.36212953
v 0.07586126 -0.08032758 -0.36180108
v 0.08097372 -0.05966717 -0.34958282
v 0.10539986 -0.06191549 -0.34915088
v 0.09099602 -0.07153074 -0.35573453
v 0.10734492 -0.04084016 -0.33673568
v 0.11901304 -0.05152615 -0.34207967
v 0.05751631 -0.12452201 -0.38056330
v 0.06807900 -0.10209871 -0.37219671
v 0.07578440 -0.11667215 -0.37504247
v 0.01929611 -0.13712357 -0.38962457
v 0.01929611 -0.13712357 -0.38962457
v 0.03281587 -0.11603832 -0.38206207
v 0.03865969 -0.13134966 -0.38543059
v 0.00933604 -0.10662398 -0.38041232
v 0.00933604 -0.10662398 -0.38041232
v 0.02048120 -0.08781642 -0.36926278
v 0.04365196 -0.09531076 -0.37227744
v 0.02672155 -0.10144021 -0.37664762
v 0.05185361 -0.07541530 -0.36048685
v 0.06005614 -0.08826383 -0.36732237
v -0.02062360 -0.14540362 -0.39591326
v -0.00437298 -0.12597550 -0.38936689
v -0.00049414 -0.14181288 -0.39312205
v -0.06155376 -0.14924006 -0.39933499
v -0.04285098 -0.13174222 -0.39398809
v -0.04100607 -0.14788400 -0.39798792
v -0.06325333 -0.11750264 -0.38913064
v -0.04683398 -0.10178654 -0.37987331
v -0.02650483 -0.11405812 -0.38605846
v -0.04480510 -0.11628465 -0.38792089
v -0.01260246 -0.09665677 -0.37576187
v -0.00843193 -0.11083348 -0.38355258
v -0.10279673 -0.14854761 -0.39981788
v -0.08195825 -0.13323845 -0.39584633
v -0.08218012 -0.14945915 -0.39994427
v -0.14364716 -0.14335805 -0.39736662
v -0.12102832 -0.13043911 -0.39490956
v -0.12331521 -0.14651179 -0.39895795
v -0.13695885 -0.11222135 -0.38736321
v -0.11638315 -0.10062744 -0.38069320
v -0.10028188 -0.11688099 -0.38956421
v -0.11870395 -0.11505283 -0.38879192
v -0.08162506 -0.10311800 -0.38152669
v -0.08177216 -0.11769900 -0.38967744
v -0.18340299 -0.13374070 -0.39201042
v -0.15938958 -0.12339213 -0.39119377
v -0.16370416 -0.13909274 -0.39504602
v -0.22138973 -0.11987879 -0.38385321
v -0.19638884 -0.11221794 -0.38476251
v -0.20265954 -0.12732753 -0.38827458
v -0.20675813 -0.09114104 -0.37523050
v -0.18342669 -0.08441754 -0.37166622
v -0.17265256 -0.10358662 -0.38255425
v -0.18994123 -0.09782888 -0.37920022
v -0.15051074 -0.09435834 -0.37738759
v -0.15496652 -0.10839179 -0.38527968
v -0.25694864 -0.10199164 -0.37302273
v -0.23139012 -0.09710817 -0.37572603
v -0.23951099 -0.11141905 -0.37876043
v -0.28948323 -0.08040179 -0.35971531
v -0.26379764 -0.07832036 -0.36423839
v -0.27363089 -0.09163825 -0.36666562
v -0.26789424 -0.05569759 -0.35355889
v -0.24339579 -0.05426097 -0.35340717
v -0.23868388 -0.07508143 -0.36550658
v -0.25366089 -0.06578622 -0.35979920
v -0.21456513 -0.07097497 -0.36362680
v -0.22302700 -0.08354602 -0.37065828
v -0.31842231 -0.05546378 -0.34414861
v -0.29305324 -0.05617733 -0.35049692
v -0.30443302 -0.06832469 -0.35219775
v -0.34328758 -0.02761783 -0.32659820
v -0.31865989 -0.03105625 -0.33473574
v -0.33139315 -0.04187588 -0.33560354
v -0.31620089 -0.00830685 -0.32382552
v -0.29220319 -0.01221311 -0.32716056
v -0.29387636 -0.03330780 -0.33958283
v -0.30552181 -0.02110843 -0.33191097
v -0.26942297 -0.03456173 -0.34118228
v -0.28131656 -0.04485463 -0.34680954
v 0.16943863 0.10177123 -0.24117029
v 0.15366851 0.11390526 -0.22969027
v 0.16968259 0.12914131 -0.22335735
v 0.17009440 0.11544762 -0.23225737
v 0.16494078 0.07469766 -0.25888727
v 0.15144459 0.08840816 -0.24632649
v 0.16771901 0.08816879 -0.25005919
v 0.13325739 0.07569815 -0.24853578
v 0.12070788 0.08525381 -0.23370611
v 0.13718022 0.09928835 -0.23310216
v 0.13567999 0.08743499 -0.24084643
v 0.12264083 0.10739262 -0.21926161
v 0.13739864 0.12314303 -0.21758098
v 0.13775474 0.11120786 -0.22533581
v 0.15624536 0.04837758 -0.27621169
v 0.14526489 0.06340837 -0.26273001
v 0.16110869 0.06141478 -0.26761739
v 0.14352178 0.02326909 -0.29284043
v 0.13523419 0.03933241 -0.27862168
v 0.15037511 0.03564316 -0.28463181
v 0.11459523 0.03091223 -0.27809281
v 0.10663444 0.04265476 -0.26173487
v 0.12568070 0.05277558 -0.26361845
v 0.12056637 0.04168735 -0.27094809
v 0.11534196 0.06355115 -0.24794459
v 0.12991784 0.06412905 -0.25613741
v 0.12697265 -0.00017906 -0.30847638
v 0.12152657 0.01660206 -0.29372192
v 0.13570746 0.01131237 -0.30079931
v 0.10689637 -0.02157669 -0.32285640
v 0.10437661 -0.00439422 -0.30777143
v 0.11735583 -0.01115765 -0.31583916
v 0.08268693 -0.00814979 -0.30422763
v 0.07984767 0.00469850 -0.28703194
v 0.10017768 0.01048998 -0.29170582
v 0.09179922 0.00092655 -0.29811684
v 0.09473559 0.02292515 -0.27483841
v 0.10778758 0.02049953 -0.28502136
v 0.08361993 -0.04055468 -0.33573106
v 0.08407711 -0.02329823 -0.32052997
v 0.09563333 -0.03138847 -0.32949552
v 0.05755478 -0.05679916 -0.34688754
v 0.06097349 -0.03978990 -0.33178022
v 0.07090929 -0.04903763 -0.34153665
v 0.03970334 -0.03883186 -0.32515762
v 0.04216992 -0.02602837 -0.30787165
v 0.06240939 -0.02468173 -0.31544012
v 0.05133675 -0.03207089 -0.32049716
v 0.06222585 -0.01171274 -0.29810583
v 0.07287488 -0.01669693 -0.31000938
v 0.02913637 -0.07001820 -0.35612930
v 0.03546349 -0.05358508 -0.34133028
v 0.04360934 -0.06380087 -0.35175756
v -0.00113904 -0.08000002 -0.36330670
v -0.00113904 -0.08000002 -0.36330670
v 0.00798202 -0.06444804 -0.34901826
v 0.01419919 -0.07542614 -0.35998505
v -0.01142423 -0.05904187 -0.33946073
v -0.01142423 -0.05904187 -0.33946073
v -0.00383036 -0.04743305 -0.32283584
v 0.01494843 -0.05034686 -0.33320803
v 0.00193676 -0.05505803 -0.33656698
v 0.02002555 -0.03800328 -0.31616215
v 0.02755534 -0.04493125 -0.32940002
v -0.03276044 -0.08655894 -0.36828869
v -0.02099852 -0.07219239 -0.35471159
v -0.01681520 -0.08371429 -0.36607748
v -0.06518228 -0.08959801 -0.37099922
v -0.05098441 -0.07668622 -0.35831328
v -0.04890592 -0.08852366 -0.36993206
v -0.06721191 -0.06740241 -0.34616150
v -0.05501731 -0.05805669 -0.33090459
v -0.03896951 -0.06475514 -0.34380040
v -0.05303365 -0.06646673 -0.34523202
v -0.02898767 -0.05415574 -0.32777808
v -0.02507948 -0.06227748 -0.34187442
v -0.09785194 -0.08904948 -0.37138172
v -0.08146066 -0.07785232 -0.35976146
v -0.08152135 -0.08977138 -0.37148174
v -0.13021071 -0.08493864 -0.36943998
v -0.11190780 -0.07567081 -0.35903145
v -0.11410557 -0.08743685 -0.37070055
v -0.12385758 -0.06334371 -0.34480327
v -0.10790364 -0.05717531 -0.33152807
v -0.09567055 -0.06692464 -0.34649473
v -0.10982812 -0.06552024 -0.34590158
v -0.08147313 -0.05906902 -0.33216177
v -0.08144431 -0.06755376 -0.34658202
v -0.16170235 -0.07732049 -0.36519720
v -0.14180310 -0.07017900 -0.35613567
v -0.14609872 -0.08155983 -0.36760168
v -0.19179279 -0.06634014 -0.35873568
v -0.17063657 -0.06147086 -0.35112373
v -0.17695555 -0.07224057 -0.36223801
v -0.17750096 -0.04714253 -0.33547873
v -0.15888391 -0.04484880 -0.32466363
v -0.15128947 -0.05670786 -0.34110758
v -0.16457683 -0.05228249 -0.33852968
v -0.13385475 -0.05240790 -0.32901424
v -0.13769744 -0.06040049 -0.34320197
v -0.21995999 -0.05217113 -0.35015650
v -0.19791319 -0.04969577 -0.34408157
v -0.20614700 -0.05963886 -0.35470149
v -0.24573149 -0.03506925 -0.33961534
v -0.22316803 -0.03505441 -0.33512923
v -0.23317410 -0.04397008 -0.34512094
v -0.22448704 -0.01990313 -0.31882344
v -0.20448561 -0.02191712 -0.31077907
v -0.20203756 -0.03480031 -0.32800567
v -0.21354847 -0.02765656 -0.32361932
v -0.18256231 -0.03462703 -0.31855044
v -0.19000465 -0.04130551 -0.33196484
v -0.26865499 -0.01531517 -0.32728454
v -0.24596763 -0.01779826 -0.32442047
v -0.25757363 -0.02550248 -0.33366037
v -0.28835146 0.00674233 -0.31338239
v -0.26592278 0.00177850 -0.31213784
v -0.27892967 -0.00455214 -0.32051596
v -0.26161236 0.01651870 -0.29597205
v -0.24159928 0.01005616 -0.29082110
v -0.24445545 -0.00269539 -0.30808210
v -0.25340525 0.00668040 -0.30218590
v -0.22427683 -0.00693758 -0.30148311
v -0.23480256 -0.01156978 -0.31363623
v 0.10811436 0.09215368 -0.21827328
v 0.09588094 0.09663389 -0.20232399
v 0.10830555 0.11285079 -0.20480535
v 0.10861349 0.10249589 -0.21153463
v 0.10471037 0.07168609 -0.23166398
v 0.09419706 0.07737355 -0.21488983
v 0.10681216 0.08186901 -0.22499268
v 0.08122397 0.06294209 -0.20942475
v 0.07362469 0.06542247 -0.19125523
v 0.08420925 0.08086707 -0.19769936
v 0.08306627 0.07186067 -0.20358303
v 0.07513009 0.08247650 -0.18013436
v 0.08438617 0.09898629 -0.18591118
v 0.08465019 0.08992223 -0.19180051
v 0.09813721 0.05179983 -0.24474825
v 0.08952809 0.05849236 -0.22727724
v 0.10181322 0.06164887 -0.23825851
v 0.08852078 0.03283305 -0.25730330
v 0.08195344 0.04031288 -0.23927396
v 0.09370066 0.04218050 -0.25110579
v 0.06704764 0.02891335 -0.23187978
v 0.06277596 0.03259026 -0.21285342
v 0.07546641 0.04552526 -0.22088362
v 0.07158205 0.03710016 -0.22645185
v 0.06948357 0.04869667 -0.20222545
v 0.07868559 0.05415161 -0.21520018
v 0.07601368 0.01511483 -0.26911160
v 0.07160380 0.02314854 -0.25067251
v 0.08261526 0.02379885 -0.26331346
v 0.06084057 -0.00105721 -0.27997383
v 0.05865515 0.00729214 -0.26127909
v 0.06874555 0.00681741 -0.27467334
v 0.04282077 -0.00076345 -0.25173205
v 0.04216096 0.00334352 -0.23234550
v 0.05610066 0.01339708 -0.24222046
v 0.04973951 0.00613131 -0.24709061
v 0.05361711 0.01738560 -0.22295159
v 0.06187857 0.02100178 -0.23714303
v 0.04324947 -0.01539926 -0.28970106
v 0.04332826 -0.00698389 -0.27091213
v 0.05232840 -0.00847198 -0.28498958
v 0.02355142 -0.02767435 -0.29813146
v 0.02588338 -0.01943617 -0.27940680
v 0.03364366 -0.02180936 -0.29408805
v 0.01018021 -0.02406520 -0.26762855
v 0.01316282 -0.02031755 -0.24839524
v 0.02742309 -0.01331998 -0.26024820
v 0.01901455 -0.01893123 -0.26408911
v 0.02859960 -0.00929500 -0.24087472
v 0.03537024 -0.00725558 -0.25612362
v 0.00207570 -0.03766365 -0.30511524
v 0.00662156 -0.02985169 -0.28661837
v 0.01301274 -0.03296545 -0.30181168
v -0.02080305 -0.04520663 -0.31053950
v -0.02080305 -0.04520663 -0.31053950
v -0.01412901 -0.03805389 -0.29242328
v -0.00921197 -0.04175047 -0.30802905
v -0.02864734 -0.03941279 -0.27849108
v -0.02864734 -0.03941279 -0.27849108
v -0.02224812 -0.03679505 -0.25991542
v -0.00861957 -0.03281008 -0.27374295
v -0.01850091 -0.03638740 -0.27629352
v -0.00388347 -0.02953586 -0.25477791
v 0.00095491 -0.02869675 -0.27085067
v -0.04469951 -0.05016321 -0.31430440
v -0.03601131 -0.04390142 -0.29672214
v -0.03264944 -0.04801357 -0.31263343
v -0.06920021 -0.05245954 -0.31635254
v -0.05865253 -0.04729463 -0.29944170
v -0.05690026 -0.05164804 -0.31554634
v -0.07101377 -0.04576235 -0.28357939
v -0.06165242 -0.04497276 -0.26612652
v -0.04956601 -0.04375157 -0.28178672
v -0.06024640 -0.04505163 -0.28287343
v -0.04161450 -0.04196978 -0.26371971
v -0.03901777 -0.04187004 -0.28032413
v -0.09388869 -0.05204521 -0.31664172
v -0.08166428 -0.04817495 -0.30053507
v -0.08154724 -0.05259091 -0.31671740
v -0.11834166 -0.04893891 -0.31517451
v -0.10465438 -0.04652795 -0.29998399
v -0.10617093 -0.05082667 -0.31612703
v -0.11403182 -0.04268018 -0.28254799
v -0.10236477 -0.04429456 -0.26660667
v -0.09262575 -0.04539940 -0.28383237
v -0.10337771 -0.04433285 -0.28338191
v -0.08201830 -0.04575215 -0.26709436
v -0.08182227 -0.04587699 -0.28389855
v -0.14213945 -0.04318168 -0.31196810
v -0.12722714 -0.04238113 -0.29779740
v -0.13034807 -0.04638543 -0.31378523
v -0.16487859 -0.03488408 -0.30708529
v -0.14899844 -0.03580596 -0.29401308
v -0.15366625 -0.03934299 -0.30973197
v -0.15476951 -0.03037645 -0.27546659
v -0.14161018 -0.03480533 -0.26132226
v -0.13486410 -0.03764055 -0.27974126
v -0.14495443 -0.03428007 -0.27778369
v -0.12234196 -0.04062450 -0.26467146
v -0.12454209 -0.04044481 -0.28133178
v -0.18616419 -0.02417656 -0.30060199
v -0.16959391 -0.02691505 -0.28869583
v -0.17572593 -0.02982000 -0.30403670
v -0.20563963 -0.01125308 -0.29263630
v -0.18866352 -0.01585990 -0.28193626
v -0.19615016 -0.01797884 -0.29679650
v -0.19045158 -0.00969002 -0.26281804
v -0.17671413 -0.01715247 -0.25063389
v -0.17340302 -0.02100361 -0.26979145
v -0.18214490 -0.01557814 -0.26646014
v -0.15983748 -0.02693676 -0.25661642
v -0.16426542 -0.02594367 -0.27279806
v -0.22296303 0.00367514 -0.28331788
v -0.20587843 -0.00282999 -0.27385018
v -0.21458853 -0.00402366 -0.28813625
v -0.23784733 0.02034378 -0.27281216
v -0.22094582 0.01195178 -0.26457597
v -0.23072694 0.01180878 -0.27820284
v -0.21864559 0.01796923 -0.24546439
v -0.20528490 0.00746116 -0.23526986
v -0.20561616 0.00337730 -0.25466123
v -0.21241308 0.01049773 -0.25018338
v -0.19195009 -0.00562094 -0.24347769
v -0.19828548 -0.00336157 -0.25887881
v 0.06711665 0.06626243 -0.17279861
v 0.06191777 0.06584873 -0.15414490
v 0.06730754 0.08256516 -0.16220520
v 0.06752791 0.07441248 -0.16749561
v 0.06441045 0.05011736 -0.18335090
v 0.06050234 0.05016497 -0.16435891
v 0.06607666 0.05815157 -0.17809163
v 0.05540286 0.03400276 -0.15527967
v 0.05797383 0.04922336 -0.14533758
v 0.05698225 0.04157772 -0.15032368
v 0.05817782 0.06458349 -0.13536150
v 0.05837364 0.05690370 -0.14034294
v 0.05922050 0.03442314 -0.19367319
v 0.05667834 0.03476976 -0.17444872
v 0.06212048 0.04219631 -0.18855195
v 0.05164496 0.01945461 -0.20358193
v 0.05050753 0.01994233 -0.18423132
v 0.05572418 0.02683106 -0.19869077
v 0.04336113 0.00508452 -0.17435249
v 0.05050384 0.01920305 -0.16501224
v 0.04720711 0.01204262 -0.16974260
v 0.05323943 0.02653391 -0.16018308
v 0.04180117 0.00547984 -0.21289751
v 0.04209152 0.00594705 -0.19352471
v 0.04699635 0.01232830 -0.20832390
v 0.02986123 -0.00726784 -0.22146297
v 0.03156810 -0.00697143 -0.20216536
v 0.03608200 -0.00106191 -0.21728346
v 0.02282158 -0.02012672 -0.19118830
v 0.03407766 -0.00809992 -0.18312394
v 0.02868501 -0.01427161 -0.18725279
v 0.03897719 -0.00163867 -0.17881854
v 0.01601539 -0.01856755 -0.22912969
v 0.01911307 -0.01859391 -0.21000992
v 0.02316195 -0.01311094 -0.22541665
v 0.00050802 -0.02823564 -0.23577140
v 0.00493498 -0.02872534 -0.21692552
v 0.00845348 -0.02361639 -0.23258625
v -0.00482838 -0.03989324 -0.20468129
v 0.00977792 -0.03078114 -0.19841584
v 0.00265560 -0.03554007 -0.20167643
v 0.01650952 -0.02563648 -0.19491446
v -0.01640208 -0.03610208 -0.24127164
v -0.01072374 -0.03719661 -0.22279279
v -0.00778976 -0.03240191 -0.23866988
v -0.03441787 -0.04204106 -0.24554249
v -0.03441787 -0.04204106 -0.24554249
v -0.02759634 -0.04386649 -0.22751384
v -0.02529056 -0.03931988 -0.24356588
v -0.03773339 -0.05290217 -0.21389176
v -0.03773339 -0.05290217 -0.21389176
v -0.02075898 -0.04730599 -0.20986681
v -0.02913321 -0.05033803 -0.21202923
v -0.01264481 -0.04381993 -0.20741431
v -0.05323449 -0.04594400 -0.24850642
v -0.04539017 -0.04862099 -0.23100919
v -0.04374615 -0.04425151 -0.24719078
v -0.07252759 -0.04775266 -0.25011951
v -0.06380094 -0.05138023 -0.23321999
v -0.06284216 -0.04711317 -0.24948435
v -0.07364131 -0.05828296 -0.21820441
v -0.05546326 -0.05657912 -0.21668474
v -0.06451541 -0.05768071 -0.21760615
v -0.04652303 -0.05498457 -0.21544521
v -0.09196797 -0.04742646 -0.25034724
v -0.08251285 -0.05209586 -0.23410894
v -0.08224987 -0.04785583 -0.25040663
v -0.11122328 -0.04497983 -0.24919151
v -0.10120665 -0.05075660 -0.23366081
v -0.10163979 -0.04646662 -0.24994176
v -0.11010095 -0.05567048 -0.21733012
v -0.09195806 -0.05797573 -0.21841906
v -0.10107108 -0.05707162 -0.21803718
v -0.08280191 -0.05838019 -0.21847495
v -0.12996261 -0.04044660 -0.24666682
v -0.11956159 -0.04738475 -0.23188287
v -0.12067755 -0.04296942 -0.24809773
v -0.14786795 -0.03391261 -0.24282180
v -0.13726505 -0.04203806 -0.22880560
v -0.13903913 -0.03742370 -0.24490589
v -0.14462847 -0.04524308 -0.21132868
v -0.12775729 -0.05139926 -0.21495134
v -0.13630954 -0.04855121 -0.21329229
v -0.11900884 -0.05377621 -0.21629952
v -0.16462950 -0.02548154 -0.23771691
v -0.15401232 -0.03480876 -0.22448209
v -0.15640993 -0.02992522 -0.24042141
v -0.17996501 -0.01530493 -0.23144430
v -0.16951801 -0.02581897 -0.21898534
v -0.17249247 -0.02060098 -0.23472015
v -0.17487075 -0.02771024 -0.20060837
v -0.16042103 -0.03729859 -0.20651836
v -0.16782984 -0.03270058 -0.20369513
v -0.15267646 -0.04148574 -0.20906675
v -0.19360572 -0.00355026 -0.22410686
v -0.18351640 -0.01522414 -0.21241044
v -0.18701153 -0.00961197 -0.22790063
v -0.20532615 0.00957555 -0.21583407
v -0.19576877 -0.00320451 -0.20486923
v -0.19971950 0.00285483 -0.22007886
v -0.19876625 -0.00426739 -0.18590011
v -0.18772335 -0.01663463 -0.19369480
v -0.19348407 -0.01059992 -0.18989973
v -0.18151025 -0.02234668 -0.19726975
v 0.19846831 -0.05548891 -0.00107090
v 0.17459470 -0.05353191 0.01457064
v 0.14798133 -0.04531286 0.00595628
v 0.17188074 -0.05228407 0.00147985
v 0.25191891 -0.05098946 -0.00462596
v 0.22789215 -0.05499882 0.01004321
v 0.22545449 -0.05502007 -0.00300219
v 0.25841214 -0.05346325 0.02121180
v 0.23437853 -0.06512714 0.03313435
v 0.23437853 -0.06512714 0.03313435
v 0.20335623 -0.05981640 0.02383229
v 0.23095785 -0.05845234 0.02216515
v 0.17896998 -0.06437348 0.03758875
v 0.17896998 -0.06437348 0.03758875
v 0.15369889 -0.05202027 0.03102374
v 0.17710448 -0.05764259 0.02664250
v 0.29997807 -0.03222848 -0.00729950
v 0.28028801 -0.04231225 0.00778545
v 0.27694172 -0.04351034 -0.00625490
v 0.33681293 0.00289729 -0.00304606
v 0.32329187 -0.01557512 0.00949463
v 0.32048333 -0.01679005 -0.00717053
v 0.34254381 0.00106266 0.02849293
v 0.33252147 -0.02120452 0.03502619
v 0.33252147 -0.02120452 0.03502619
v 0.30746333 -0.03259896 0.02098644
v 0.32721221 -0.01723890 0.02336152
v 0.28903313 -0.05041039 0.03193765
v 0.28903313 -0.05041039 0.03193765
v 0.28422211 -0.04475948 0.02054444
v 0.20804271 -0.07610465 0.04436785
v 0.18004168 -0.08414757 0.05747093
v 0.15481434 -0.06724775 0.05188428
v 0.17975382 -0.07348186 0.04730321
v 0.26747182 -0.06912388 0.04201196
v 0.24131257 -0.08621217 0.05279070
v 0.23788170 -0.07476816 0.04272253
v 0.27698025 -0.09187129 0.06468340
v 0.24733157 -0.10985086 0.08181519
v 0.21156467 -0.09925828 0.06676816
v 0.24451400 -0.09829456 0.06520147
v 0.18148084 -0.10687669 0.08591113
v 0.15337448 -0.08796783 0.07462639
v 0.18042173 -0.09555239 0.06977838
v 0.31939251 -0.04452747 0.04276066
v 0.30121009 -0.06881488 0.05222408
v 0.29501326 -0.05882403 0.04188044
v 0.35421753 -0.00658614 0.04928570
v 0.34775562 -0.03342650 0.05511011
v 0.33949844 -0.02689513 0.04508472
v 0.37368956 -0.01562060 0.06826551
v 0.36331954 -0.04634273 0.08201290
v 0.33338565 -0.06147861 0.06551582
v 0.35690686 -0.03991342 0.06667578
v 0.31045291 -0.08878907 0.08151944
v 0.30667376 -0.07919839 0.06481976
v 0.21582068 -0.12112586 0.10533088
v 0.18720673 -0.12553520 0.13183327
v 0.15629424 -0.10944075 0.11186628
v 0.18380637 -0.11730071 0.10755487
v 0.28244409 -0.11187589 0.10434192
v 0.25100182 -0.12697077 0.13101687
v 0.24960965 -0.11971761 0.10449407
v 0.28186933 -0.12120399 0.15979395
v 0.24974560 -0.12994194 0.18670559
v 0.21978447 -0.13329805 0.15762644
v 0.25116250 -0.13068642 0.15916101
v 0.19327516 -0.13074311 0.17809537
v 0.16819443 -0.12374970 0.15709951
v 0.19148983 -0.13029161 0.15587078
v 0.33819311 -0.07583013 0.10388016
v 0.31064803 -0.10151188 0.13065736
v 0.31159632 -0.09640108 0.10417356
v 0.38779171 -0.03159077 0.10344031
v 0.35958868 -0.05732918 0.12818831
v 0.36336052 -0.05269999 0.10335351
v 0.37825496 -0.03843376 0.15102947
v 0.34950884 -0.05696884 0.17899851
v 0.33178817 -0.08150892 0.15676540
v 0.35456258 -0.05857400 0.15400943
v 0.30464804 -0.10213849 0.18660922
v 0.30815104 -0.10359864 0.15884496
v 0.40885881 -0.02319047 0.12596145
v 0.43017372 -0.01474991 0.14595576
v 0.40069050 -0.02270044 0.16987016
v 0.40464618 -0.02472645 0.14827767
v 0.41374460 -0.00448778 0.08930127
v 0.43460174 -0.00662388 0.10779710
v 0.41217861 -0.01708220 0.10499008
v 0.45103723 0.01322727 0.10080373
v 0.46654498 0.01292987 0.11586417
v 0.45389300 -0.00376200 0.12689594
v 0.45313921 0.00233576 0.11165765
v 0.46695369 0.00407344 0.14530890
v 0.44871576 -0.00363829 0.16127582
v 0.45127538 -0.00580108 0.14426536
v -0.40075366 -0.18381165 -0.13348658
v -0.42347286 -0.18205527 -0.11623615
v -0.42792517 -0.17076448 -0.14618270
v -0.41421007 -0.17920365 -0.14177665
v -0.37527621 -0.18274671 -0.11585523
v -0.39937032 -0.18521272 -0.10545643
v -0.38776089 -0.18484354 -0.12471597
v -0.39835874 -0.18373543 -0.08073219
v -0.41604934 -0.18871873 -0.06491153
v -0.41977102 -0.18768240 -0.08898013
v -0.40897725 -0.18687541 -0.08517616
v -0.43475340 -0.18956421 -0.06806787
v -0.44073957 -0.18153243 -0.09165089
v -0.43045393 -0.18596533 -0.09138995
v -0.35219778 -0.17069962 -0.09894248
v -0.37648307 -0.17753926 -0.09236454
v -0.36334422 -0.17796954 -0.10729537
v -0.33517939 -0.15004924 -0.08228832
v -0.35789628 -0.16177211 -0.07957120
v -0.34206992 -0.16112552 -0.09070326
v -0.36637980 -0.15471895 -0.06266886
v -0.38279013 -0.16583640 -0.05435714
v -0.37909345 -0.17152858 -0.07204553
v -0.37162314 -0.16345162 -0.06751530
v -0.39767955 -0.17993611 -0.05980350
v -0.38820165 -0.17845493 -0.07640329
v -0.42813096 -0.19147115 -0.04679698
v -0.43517353 -0.19200220 -0.02924490
v -0.44333751 -0.18947847 -0.04614898
v -0.43596955 -0.19148261 -0.04710010
v -0.41196476 -0.18614519 -0.04426597
v -0.42185161 -0.18971583 -0.02821801
v -0.42005246 -0.18963017 -0.04569887
v -0.41643294 -0.18623755 -0.01266113
v -0.42230130 -0.18783837 -0.00116816
v -0.42803422 -0.19086085 -0.01399726
v -0.42231325 -0.18908318 -0.01314797
v -0.43198163 -0.19002378 -0.00483509
v -0.43813650 -0.19062083 -0.01539148
v -0.43343494 -0.19140354 -0.01526128
v -0.39693067 -0.17521591 -0.04157439
v -0.40815803 -0.18210427 -0.02685470
v -0.40409909 -0.18120276 -0.04295722
v -0.38658595 -0.16176406 -0.03778933
v -0.39663445 -0.17128039 -0.02579615
v -0.39093472 -0.16859866 -0.03991797
v -0.39719704 -0.16890932 -0.01363739
v -0.40282422 -0.17447223 -0.00390618
v -0.40509439 -0.17812485 -0.01275189
v -0.40046742 -0.17342452 -0.01358901
v -0.41198796 -0.18221080 -0.00084016
v -0.41055471 -0.18249020 -0.01248588
v 0.03468093 0.10415828 -0.07012069
v 0.03129590 0.10353220 -0.05097329
v 0.02364172 0.11653268 -0.06235276
v 0.02896302 0.11891137 -0.08066025
v 0.02940243 0.11050234 -0.06613406
v 0.03985997 0.09130190 -0.03956853
v 0.03853333 0.09482851 -0.01940521
v 0.03853333 0.09482851 -0.01940521
v 0.02848208 0.10472618 -0.03139407
v 0.03441550 0.09823109 -0.03534262
v 0.02601013 0.10813536 -0.01159662
v 0.02601013 0.10813536 -0.01159662
v 0.01522746 0.11641623 -0.02431621
v 0.01916275 0.11556667 -0.04351615
v 0.02207955 0.11078775 -0.02772012
v 0.01079045 0.12757900 -0.05546850
v 0.01704339 0.13053985 -0.07335695
v 0.01742800 0.12223125 -0.05879302
v 0.00529956 0.12608379 -0.03705046
v -0.00364021 0.13714311 -0.04958156
v 0.00343506 0.14080869 -0.06698077
v 0.00375838 0.13255720 -0.05239523
v 0.01158329 0.11936670 -0.00501210
v 0.01158329 0.11936670 -0.00501210
v 0.00025557 0.12635972 -0.01830659
v 0.00794551 0.12161240 -0.02117880
v -0.00465504 0.12856853 0.00050700
v -0.00465504 0.12856853 0.00050700
v -0.01625926 0.13443617 -0.01335221
v -0.01008475 0.13495123 -0.03163440
v -0.00782001 0.13063981 -0.01569817
v -0.01942417 0.14504376 -0.04476806
v -0.01162481 0.14953592 -0.06164021
v -0.01137712 0.14131282 -0.04703598
v -0.02678958 0.14199040 -0.02730697
v -0.03632257 0.15111463 -0.04110058
v -0.02788913 0.15654080 -0.05742026
v -0.02775331 0.14831214 -0.04278554
v -0.02254777 0.13569090 0.00505388
v -0.02254777 0.13569090 0.00505388
v -0.03410788 0.14053745 -0.00946852
v -0.02504019 0.13773153 -0.01126722
v -0.04175509 0.14079267 0.00851703
v -0.04175509 0.14079267 0.00851703
v -0.05288264 0.14472579 -0.00683789
v -0.04452566 0.14712733 -0.02415923
v -0.04340699 0.14286502 -0.00798363
v -0.05401512 0.15531551 -0.03867324
v -0.04508067 0.16170472 -0.05440015
v -0.04509046 0.15345005 -0.03972586
v -0.06291554 0.15039145 -0.02232937
v -0.07217212 0.15761835 -0.03756818
v -0.06289213 0.16497115 -0.05265341
v -0.06305485 0.15670776 -0.03795417
v -0.06175364 0.14403983 0.01057911
v -0.06175364 0.14403983 0.01057911
v -0.07215883 0.14706118 -0.00563927
v -0.06247981 0.14613172 -0.00605826
v -0.08210957 0.14539895 0.01110411
v -0.08210957 0.14539895 0.01110411
v -0.09160287 0.14740668 -0.00586675
v -0.08161801 0.15173845 -0.02187448
v -0.08187972 0.14749303 -0.00557706
v -0.09048991 0.15795518 -0.03778546
v -0.08101900 0.16628889 -0.05221417
v -0.08132955 0.15803701 -0.03751208
v -0.10032973 0.15105489 -0.02277020
v -0.10866720 0.15626764 -0.03930801
v -0.09915974 0.16561124 -0.05307705
v -0.09961531 0.15736303 -0.03838550
v -0.10247809 0.14463472 0.01013836
v -0.10247809 0.14463472 0.01013836
v -0.11089580 0.14562184 -0.00748427
v -0.10128862 0.14678061 -0.00650411
v -0.12251626 0.14164979 0.00772849
v -0.12251626 0.14164979 0.00772849
v -0.12971222 0.14173133 -0.01045168
v -0.12971222 0.14173133 -0.01045168
v -0.11874011 0.14830967 -0.02498473
v -0.12038402 0.14393657 -0.00880163
v -0.12639666 0.15259475 -0.04210284
v -0.12639666 0.15259475 -0.04210284
v -0.11700889 0.16294113 -0.05522231
v -0.11760738 0.15467599 -0.04054886
v -0.13653301 0.14355936 -0.02848183
v -0.14337123 0.14699929 -0.04612796
v -0.13426045 0.15833136 -0.05861189
v -0.13499632 0.15003104 -0.04396572
v -0.14188212 0.13648604 0.00392107
v -0.14188212 0.13648604 0.00392107
v -0.14772744 0.13579538 -0.01472376
v -0.13883931 0.13901232 -0.01242945
v -0.16024622 0.12922959 -0.00121721
v -0.16024622 0.12922959 -0.00121721
v -0.16463822 0.12792893 -0.02022337
v -0.15340594 0.13689034 -0.03320234
v -0.15633992 0.13209593 -0.01732570
v -0.15930444 0.13958695 -0.05130942
v -0.15061911 0.15186465 -0.06318851
v -0.15148559 0.14351307 -0.04857928
v -0.16906848 0.12842040 -0.03906562
v -0.17391878 0.13047967 -0.05756420
v -0.16580436 0.14365291 -0.06887368
v -0.16679212 0.13523580 -0.05430918
v -0.17729319 0.12001052 -0.00759912
v -0.17729319 0.12001052 -0.00759912
v -0.18014898 0.11826288 -0.02686191
v -0.17258481 0.12331052 -0.02340737
v -0.19273245 0.10899004 -0.01511704
v -0.19273245 0.10899004 -0.01511704
v -0.19400069 0.10696918 -0.03452164
v -0.18325345 0.11829461 -0.04597320
v -0.18729813 0.11280803 -0.03057193
v -0.18697044 0.11983889 -0.06478112
v -0.17955758 0.13383612 -0.07557049
v -0.18065507 0.12534021 -0.06105974
v -0.19571753 0.10668711 -0.05380565
v -0.19822850 0.10784051 -0.07284054
v -0.19164192 0.12258225 -0.08316432
v -0.19283571 0.11399637 -0.06871426
v -0.20629799 0.09635649 -0.02364184
v -0.20629799 0.09635649 -0.02364184
v -0.20594945 0.09423529 -0.04307512
v -0.20022594 0.10076880 -0.03869571
v -0.21775980 0.08232545 -0.03302806
v -0.21775980 0.08232545 -0.03302806
v -0.21579882 0.08028451 -0.05237264
v -0.20624846 0.09379545 -0.06242967
v -0.21114816 0.08739768 -0.04764046
v -0.20750930 0.09469583 -0.08160085
v -0.20185214 0.11008363 -0.09152542
v -0.20312710 0.10139804 -0.07714206
v -0.21466515 0.07984167 -0.07169672
v -0.21464383 0.08062463 -0.09091527
v -0.21001192 0.09655438 -0.10051052
v -0.21135238 0.08776089 -0.08619883
v -0.22692003 0.06713821 -0.04311428
v -0.22692003 0.06713821 -0.04311428
v -0.22337174 0.06535065 -0.06225813
v -0.21987820 0.07292437 -0.05725255
v -0.23362302 0.05105283 -0.05372912
v -0.23362302 0.05105283 -0.05372912
v -0.22854747 0.04969289 -0.07256024
v -0.22082339 0.06506271 -0.08144943
v -0.22626555 0.05759559 -0.06736809
v -0.21952094 0.06587164 -0.10062210
v -0.21598287 0.08222606 -0.10996586
v -0.21737097 0.07331803 -0.09572975
v -0.22461866 0.04971296 -0.09151995
v -0.22204614 0.05068668 -0.11055669
v -0.21966252 0.06734395 -0.11972958
v -0.22108021 0.05831716 -0.10557139
v -0.23775378 0.03434600 -0.06468998
v -0.23775378 0.03434600 -0.06468998
v -0.23122758 0.03357687 -0.08310397
v -0.23020190 0.04167481 -0.07781325
v -0.23924140 0.01730297 -0.07580972
v -0.23924140 0.01730297 -0.07580972
v -0.23137675 0.01727919 -0.09370858
v -0.22598590 0.03405381 -0.10173679
v -0.23161983 0.02543320 -0.08841010
v -0.22218654 0.03533097 -0.12054838
v -0.22098788 0.05216176 -0.12963521
v -0.22241609 0.04301370 -0.11555615
v 0.04903090 0.08533351 -0.00801800
v 0.04878022 0.09391093 0.01243041
v 0.03734818 0.10104630 0.00087961
v 0.04342175 0.09355433 -0.00332464
v 0.05972826 0.08511924 0.02194650
v 0.05970913 0.09752309 0.04109693
v 0.04845826 0.10458726 0.03205096
v 0.05430958 0.09539969 0.02739369
v 0.04815470 0.11706285 0.05044227
v 0.03500972 0.11987287 0.03956255
v 0.03620495 0.10952065 0.02067313
v 0.04206234 0.11272910 0.03605998
v 0.02371181 0.11401136 0.00808518
v 0.03078646 0.10785117 0.00466059
v 0.02135007 0.12190691 0.02721941
v 0.00796926 0.12453710 0.01408645
v 0.01609996 0.11956963 0.01121795
v 0.03346881 0.13172971 0.05736736
v 0.01862658 0.13139274 0.04554501
v 0.02718808 0.12606524 0.04269982
v 0.01514940 0.14210470 0.06292374
v -0.00060320 0.13980229 0.05065347
v 0.00404486 0.13146816 0.03268780
v 0.00935317 0.13594306 0.04817198
v -0.00977643 0.13275228 0.01913794
v -0.00066231 0.12892707 0.01671777
v -0.01554787 0.13854298 0.03745650
v -0.02931897 0.13877605 0.02336746
v -0.01935485 0.13602458 0.02137438
v -0.00643963 0.14937915 0.06795590
v -0.02236759 0.14576018 0.05529695
v -0.01121386 0.14305738 0.05306281
v -0.03059482 0.15437790 0.07239659
v -0.04585939 0.14971672 0.05882696
v -0.03697100 0.14347289 0.04138901
v -0.03395321 0.14796263 0.05725274
v -0.05009132 0.14284500 0.02639016
v -0.03959066 0.14103873 0.02505941
v -0.05947357 0.14660038 0.04383795
v -0.07149575 0.14514321 0.02779994
v -0.06074236 0.14422606 0.02730141
v -0.05627321 0.15755625 0.07526530
v -0.07023450 0.15197305 0.06052741
v -0.05797473 0.15107390 0.05991628
v -0.08264920 0.15885735 0.07609096
v -0.09492743 0.15214988 0.06033977
v -0.08245775 0.14789590 0.04450640
v -0.08257370 0.15235223 0.06066642
v -0.09311511 0.14542510 0.02758471
v -0.08230279 0.14555618 0.02789215
v -0.10547815 0.14695303 0.04345057
v -0.11456532 0.14341656 0.02579858
v -0.10388447 0.14471101 0.02688486
v -0.10911425 0.15770970 0.07491083
v -0.11943256 0.14981336 0.05832002
v -0.10723077 0.15130444 0.05955391
v -0.13514422 0.15380858 0.07179488
v -0.14332731 0.14488110 0.05455086
v -0.14332731 0.14488110 0.05455086
v -0.12812001 0.14356813 0.04073448
v -0.13148217 0.14767300 0.05664854
v -0.13548302 0.13909627 0.02249891
v -0.13548302 0.13909627 0.02249891
v -0.12511326 0.14154355 0.02433447
v -0.15000097 0.13774054 0.03643061
v -0.15551031 0.13250222 0.01774808
v -0.14562954 0.13607651 0.02029988
v -0.16029970 0.14711454 0.06684483
v -0.16620564 0.13735272 0.04912197
v -0.15491806 0.14143427 0.05203762
v -0.18415527 0.13769443 0.06016786
v -0.18768111 0.12736708 0.04213684
v -0.17075110 0.12954440 0.03062387
v -0.17714264 0.13265716 0.04581748
v -0.17430990 0.12375863 0.01163387
v -0.16508460 0.12839019 0.01485599
v -0.19001285 0.11912918 0.02341186
v -0.19155325 0.11301299 0.00425389
v -0.18314445 0.11862461 0.00809440
v -0.20629982 0.12572189 0.05187671
v -0.20737925 0.11509231 0.03370588
v -0.19777329 0.12150237 0.03809303
v -0.22635557 0.11140595 0.04211043
v -0.22497036 0.10075023 0.02397869
v -0.20745814 0.10667680 0.01491711
v -0.21645802 0.10816507 0.02899443
v -0.20695248 0.10045796 -0.00426133
v -0.19950098 0.10694892 0.00012951
v -0.22278626 0.09240187 0.00528475
v -0.22023570 0.08630177 -0.01377017
v -0.21387277 0.09356468 -0.00890184
v -0.24397780 0.09499451 0.03103660
v -0.24014433 0.08457867 0.01311623
v -0.23287583 0.09287574 0.01867770
v -0.25886649 0.07676829 0.01884403
v -0.25265293 0.06686195 0.00130888
v -0.23573699 0.07654806 -0.00532083
v -0.24674667 0.07589539 0.00731857
v -0.23118510 0.07079247 -0.02410638
v -0.22601513 0.07870047 -0.01884542
v -0.24608736 0.05938762 -0.01671750
v -0.23960364 0.05419060 -0.03509599
v -0.23571997 0.06261029 -0.02953130
v -0.27076619 0.05703912 0.00574140
v -0.26227006 0.04789039 -0.01123810
v -0.25783288 0.05751496 -0.00488833
v -0.27947978 0.03608206 -0.00797591
v -0.26884884 0.02794987 -0.02425699
v -0.25366205 0.04120622 -0.02870390
v -0.26594770 0.03802335 -0.01770604
v -0.24535739 0.03678365 -0.04654899
v -0.24282136 0.04556922 -0.04077681
v -0.25833186 0.02230425 -0.04106048
v -0.24833728 0.01886764 -0.05827035
v -0.24719713 0.02787014 -0.05238864
v -0.28487133 0.01413124 -0.02192844
v -0.27225297 0.00734845 -0.03748229
v -0.27095668 0.01770515 -0.03085671
v -0.28670661 -0.00836329 -0.03586898
v -0.27233445 -0.01346891 -0.05072381
v -0.26000292 0.00301113 -0.05357472
v -0.27271823 -0.00306241 -0.04411209
v -0.24850299 0.00074962 -0.07005943
v -0.24877360 0.00981430 -0.06416920
v 0.06903691 0.08671148 0.04645266
v 0.07014123 0.10266746 0.06396391
v 0.05983946 0.11161906 0.05868738
v 0.06467916 0.09978331 0.05307292
v 0.07946696 0.08943230 0.06712507
v 0.08671816 0.11384606 0.08476037
v 0.07338093 0.12233417 0.08035517
v 0.07701585 0.10666383 0.07441286
v 0.07771273 0.14531068 0.09530178
v 0.06238029 0.14714098 0.09046031
v 0.06092306 0.12824261 0.07517065
v 0.06857152 0.13585015 0.08575194
v 0.04776131 0.13113387 0.06747313
v 0.05427984 0.12210703 0.06343990
v 0.04704813 0.14670117 0.08328743
v 0.03120829 0.14470019 0.07395695
v 0.04004609 0.13858749 0.07093056
v 0.06283182 0.16695302 0.10397743
v 0.04534102 0.16325073 0.09760365
v 0.05460076 0.15613517 0.09433691
v 0.04188895 0.18035051 0.11008199
v 0.02281419 0.17351872 0.10319560
v 0.02784634 0.15866435 0.08928534
v 0.03470901 0.16890610 0.10048270
v 0.01045590 0.15383325 0.07929561
v 0.02132030 0.14970438 0.07669688
v 0.00410955 0.16674029 0.09464729
v -0.01383150 0.16021783 0.08436661
v -0.00131176 0.15731890 0.08189759
v 0.01559435 0.18948242 0.11560814
v -0.00425286 0.18090020 0.10862864
v 0.00976515 0.17750677 0.10596431
v -0.01491288 0.19633454 0.12084220
v -0.03444948 0.18602116 0.11300240
v -0.02308593 0.17242460 0.09952329
v -0.01905297 0.18372844 0.11102817
v -0.04052477 0.16448130 0.08836082
v -0.02695274 0.16258634 0.08656636
v -0.05237915 0.17610130 0.10273118
v -0.06847892 0.16693877 0.09032545
v -0.05439647 0.16595820 0.08961317
v -0.04806214 0.20089958 0.12436401
v -0.06635544 0.18900152 0.11518649
v -0.05025625 0.18780803 0.11439113
v -0.08254388 0.20282439 0.12541105
v -0.09896113 0.18926053 0.11496761
v -0.08267637 0.17762579 0.10367012
v -0.08262966 0.18951487 0.11538125
v -0.09691971 0.16709503 0.09013643
v -0.08268315 0.16734424 0.09049945
v -0.11315091 0.17632292 0.10231950
v -0.12516329 0.16439097 0.08781898
v -0.11109936 0.16611244 0.08923824
v -0.11730786 0.20140906 0.12387768
v -0.13137405 0.18618466 0.11230939
v -0.11523221 0.18815137 0.11393797
v -0.15152977 0.19630109 0.11978334
v -0.16299181 0.17966540 0.10732140
v -0.16299181 0.17966540 0.10732140
v -0.14313386 0.17183656 0.09873110
v -0.14731704 0.18335703 0.11009825
v -0.15270624 0.15870909 0.08347386
v -0.15270624 0.15870909 0.08347386
v -0.13905198 0.16192531 0.08589299
v -0.17211229 0.16412756 0.09302809
v -0.17907822 0.15003476 0.07721561
v -0.16606651 0.15473799 0.08057646
v -0.18461113 0.18749655 0.11327294
v -0.19326617 0.16970622 0.10013669
v -0.17832945 0.17510573 0.10399479
v -0.21598302 0.17510683 0.10449217
v -0.22168431 0.15649208 0.09089273
v -0.19959342 0.15327609 0.08533608
v -0.20773882 0.16349266 0.09576349
v -0.20383298 0.13852454 0.06916310
v -0.19168507 0.14462225 0.07340595
v -0.22510317 0.13948377 0.07578487
v -0.22653922 0.12437565 0.05944460
v -0.21546633 0.13176473 0.06450192
v -0.24510430 0.15936073 0.09358846
v -0.24775013 0.14024889 0.07973592
v -0.23503950 0.14873169 0.08554173
v -0.27147915 0.14053441 0.08074536
v -0.27102863 0.12127024 0.06686418
v -0.24820678 0.12299225 0.06453439
v -0.25976482 0.13108268 0.07350170
v -0.24681639 0.10784328 0.04823197
v -0.23700437 0.11639094 0.05401392
v -0.26850745 0.10408667 0.05177757
v -0.26430793 0.08920265 0.03571100
v -0.25592920 0.09876648 0.04212158
v -0.29465377 0.11895209 0.06618236
v -0.29110863 0.09987074 0.05249006
v -0.28149000 0.11085015 0.05984950
v -0.31423407 0.09498289 0.05014795
v -0.30766094 0.07642622 0.03686540
v -0.28565908 0.08309008 0.03773174
v -0.29984520 0.08838012 0.04481799
v -0.27872616 0.06878000 0.02210029
v -0.27191843 0.07919284 0.02902764
v -0.29936709 0.06036282 0.02263800
v -0.28981494 0.04688765 0.00766491
v -0.28469731 0.05800602 0.01495695
v -0.32988261 0.06903762 0.03291706
v -0.32039884 0.05127563 0.02034080
v -0.31451552 0.06405740 0.02866467
v -0.34142137 0.04136893 0.01526546
v -0.32920769 0.02447814 0.00382129
v -0.30942369 0.03610775 0.00699176
v -0.32529977 0.03808185 0.01201796
v -0.29742038 0.02368665 -0.00709494
v -0.29406127 0.03544237 0.00029192
v -0.31570871 0.01036972 -0.00845807
v -0.30134666 -0.00058011 -0.02170632
v -0.29987484 0.01163886 -0.01442740
v -0.34882806 0.01206761 -0.00153261
v -0.33413922 -0.00419049 -0.01177519
v -0.33211251 0.01046510 -0.00412515
v -0.35348239 -0.02069126 -0.01627618
v -0.33469147 -0.03514797 -0.02626554
v -0.31796002 -0.01660294 -0.02332619
v -0.33541334 -0.01972347 -0.01908354
v -0.30102427 -0.02503893 -0.03610149
v -0.30175614 -0.01284643 -0.02893080
v 0.10591756 0.11114473 0.09441550
v 0.11754100 0.14125738 0.10481823
v 0.09532607 0.14243121 0.09931627
v 0.10066380 0.12628653 0.09534624
v 0.14479103 0.14243346 0.11234508
v 0.15561780 0.17016850 0.11608371
v 0.12622645 0.17048836 0.11368860
v 0.13603882 0.15603000 0.11182361
v 0.13030066 0.19924813 0.12046162
v 0.10401527 0.19714581 0.12044660
v 0.10155447 0.17030820 0.11126926
v 0.11550303 0.18459727 0.11690719
v 0.08105548 0.16945231 0.10845356
v 0.08883232 0.15700436 0.10393728
v 0.08159927 0.19263900 0.11858659
v 0.06129666 0.18685674 0.11516167
v 0.07186850 0.17921848 0.11210766
v 0.10269851 0.22177518 0.12602706
v 0.07901331 0.21456729 0.12566210
v 0.09191312 0.20692212 0.12327335
v 0.07338424 0.23560250 0.13001932
v 0.05009614 0.22602771 0.13022268
v 0.05712244 0.20643579 0.12382593
v 0.06513496 0.22072230 0.12788713
v 0.03610504 0.19795943 0.12051503
v 0.04936696 0.19291940 0.11787693
v 0.02758123 0.21647019 0.12912520
v 0.00586153 0.20658481 0.12614222
v 0.02153703 0.20252991 0.12333772
v 0.03992166 0.24631421 0.13476424
v 0.01618307 0.23586005 0.13578987
v 0.03371411 0.23112487 0.13294338
v 0.00188064 0.25588796 0.14029571
v -0.02154769 0.24363166 0.14082374
v -0.00651205 0.22473513 0.13462972
v -0.00230193 0.24008031 0.13850317
v -0.02802132 0.21296492 0.13088678
v -0.01072407 0.21007818 0.12872596
v -0.04358992 0.23044102 0.13848985
v -0.06401275 0.21669489 0.13331219
v -0.04583199 0.21519883 0.13242195
v -0.03916710 0.26269706 0.14435726
v -0.06158248 0.24819195 0.14347666
v -0.04136010 0.24636175 0.14249313
v -0.08182204 0.26562226 0.14564360
v -0.10263322 0.24884154 0.14324989
v -0.08225833 0.23286711 0.13967654
v -0.08205903 0.24904479 0.14374046
v -0.10091089 0.21713334 0.13308120
v -0.08242018 0.21736807 0.13353834
v -0.12129987 0.23136372 0.13798221
v -0.13763132 0.21368768 0.13007950
v -0.11934151 0.21590560 0.13192163
v -0.12485625 0.26405280 0.14380148
v -0.14351469 0.24504588 0.13992792
v -0.12314924 0.24750521 0.14197134
v -0.16726798 0.25774151 0.13875187
v -0.18342734 0.23680071 0.13363964
v -0.18342734 0.23680071 0.13363964
v -0.15975947 0.22563064 0.13338922
v -0.16363839 0.24147383 0.13714263
v -0.17346685 0.20629313 0.12442748
v -0.17346685 0.20629313 0.12442748
v -0.15570008 0.21048274 0.12757489
v -0.19694524 0.21572250 0.12607257
v -0.20778122 0.19499944 0.11628412
v -0.19085128 0.20112201 0.12065740
v -0.20828158 0.24680389 0.13068930
v -0.22164674 0.22421412 0.12457128
v -0.20278989 0.23103643 0.12944179
v -0.24717415 0.23143539 0.11980477
v -0.25752217 0.20752811 0.11290116
v -0.23220859 0.20179132 0.11620234
v -0.23991756 0.21636720 0.11905051
v -0.23999153 0.18002054 0.10580679
v -0.22418518 0.18795566 0.11132744
v -0.26494278 0.18409060 0.10394558
v -0.26953499 0.16160957 0.09316133
v -0.25512810 0.17122412 0.09974163
v -0.28327679 0.21191147 0.10628602
v -0.29042793 0.18702113 0.09881627
v -0.27438143 0.19773038 0.10614575
v -0.31597449 0.18857145 0.09036372
v -0.31981525 0.16306216 0.08256665
v -0.29458954 0.16292844 0.08950896
v -0.30559496 0.17544922 0.09094580
v -0.29591996 0.14009852 0.07857203
v -0.28315281 0.15122000 0.08609500
v -0.32063913 0.13866908 0.07313961
v -0.31867912 0.11584312 0.06227958
v -0.30777687 0.12828786 0.07062123
v -0.34470491 0.16181547 0.07230958
v -0.34516475 0.13604690 0.06442037
v -0.33302176 0.14990793 0.07371136
v -0.36897940 0.13209975 0.05243098
v -0.36606062 0.10645001 0.04469546
v -0.34264829 0.11172627 0.05511598
v -0.35619433 0.12154048 0.05473470
v -0.33744005 0.08927023 0.04457002
v -0.32858159 0.10281920 0.05358375
v -0.36023837 0.08256271 0.03574774
v -0.35189928 0.06080437 0.02589573
v -0.34520903 0.07525167 0.03527548
v -0.38837983 0.09993470 0.03106938
v -0.38220388 0.07480981 0.02392903
v -0.37471423 0.09083533 0.03434266
v -0.40300178 0.06607622 0.00942532
v -0.39388979 0.04197453 0.00392658
v -0.37332947 0.05173050 0.01610781
v -0.38857949 0.05848555 0.01370642
v -0.36208303 0.03079512 0.00766853
v -0.35752088 0.04597175 0.01662813
v -0.38214071 0.01987207 -0.00196720
v -0.36857464 -0.00082432 -0.00843539
v -0.36559614 0.01531729 -0.00078606
v -0.41345307 0.03152662 -0.01044113
v -0.40197978 0.00855107 -0.01292862
v -0.39818504 0.02538966 -0.00515800
v -0.42153861 -0.00417154 -0.02438083
v -0.41013546 -0.02660300 -0.02205026
v -0.38911802 -0.01340642 -0.01565367
v -0.40579145 -0.00871962 -0.01876545
v -0.37628632 -0.03554624 -0.01953810
v -0.37153278 -0.01799134 -0.01497844
v 0.18837558 0.16865756 0.11802027
v 0.19601486 0.19510986 0.11510734
v 0.16122313 0.19867072 0.11882285
v 0.17573950 0.18323854 0.11732111
v 0.23437220 0.18720903 0.10889748
v 0.23239867 0.21678037 0.09890501
v 0.19480814 0.22455661 0.11187290
v 0.21605430 0.20565193 0.10901394
v 0.18524850 0.25538801 0.10771358
v 0.15384489 0.25615339 0.11872913
v 0.16041783 0.22777859 0.11992665
v 0.17394259 0.24169024 0.11539132
v 0.12953010 0.22682014 0.12449772
v 0.14557153 0.21363644 0.12154237
v 0.12477256 0.25207410 0.12511214
v 0.09809257 0.24467177 0.12849273
v 0.11384528 0.23690508 0.12670628
v 0.14365477 0.28157624 0.11430620
v 0.11648342 0.27527844 0.12273948
v 0.13490257 0.26704404 0.12104522
v 0.10486563 0.29686007 0.11788973
v 0.07869037 0.28743693 0.12585933
v 0.09016169 0.26636941 0.12827611
v 0.09795659 0.28177058 0.12421088
v 0.06468943 0.25636850 0.13209506
v 0.08184867 0.25089920 0.13018066
v 0.05230861 0.27755374 0.13233313
v 0.02656355 0.26712878 0.13727957
v 0.04619190 0.26185918 0.13455996
v 0.06321169 0.30856717 0.12181854
v 0.03630106 0.29876240 0.13059750
v 0.05805406 0.29319188 0.12808535
v 0.01701807 0.31933476 0.12670238
v -0.00953598 0.30825564 0.13532456
v 0.00998201 0.28800206 0.13754360
v 0.01368676 0.30387453 0.13310699
v -0.01525755 0.27603366 0.14229955
v 0.00601085 0.27193447 0.13995807
v -0.03500390 0.29557554 0.14151753
v -0.05917948 0.28130539 0.14502700
v -0.03703552 0.27918298 0.14400777
v -0.03140053 0.32710785 0.13040511
v -0.05693657 0.31391635 0.13793149
v -0.03311241 0.31163181 0.13695887
v -0.08053909 0.33048939 0.13151267
v -0.10490406 0.31486291 0.13757294
v -0.08123984 0.29887760 0.14278243
v -0.08090252 0.31502264 0.13816277
v -0.10399779 0.28215588 0.14477159
v -0.08154769 0.28232198 0.14530017
v -0.12772100 0.29725450 0.14078923
v -0.14861530 0.27805868 0.14116404
v -0.12638736 0.28072875 0.14338477
v -0.12970853 0.32873850 0.12933308
v -0.15258943 0.31050549 0.13371281
v -0.12883535 0.31335073 0.13608311
v -0.17813262 0.32155440 0.12358862
v -0.19914003 0.30089761 0.12641613
v -0.19914003 0.30089761 0.12641613
v -0.17352668 0.29045764 0.13535463
v -0.17606007 0.30634821 0.13048390
v -0.19218054 0.26905866 0.13431682
v -0.19218054 0.26905866 0.13431682
v -0.17058040 0.27416269 0.13813331
v -0.21782094 0.27864538 0.12666225
v -0.23389874 0.25531586 0.12442459
v -0.21331598 0.26276468 0.12973911
v -0.22494974 0.30907615 0.11441623
v -0.24371597 0.28621475 0.11585592
v -0.22172309 0.29417345 0.12153119
v -0.26934664 0.29153348 0.10200048
v -0.28555809 0.26675088 0.10224635
v -0.25982489 0.26204525 0.11491054
v -0.26502522 0.27706123 0.10941827
v -0.27305862 0.23709981 0.11168611
v -0.25384200 0.24674894 0.11839866
v -0.29881564 0.24095808 0.10031022
v -0.30897677 0.21471496 0.09631167
v -0.29146111 0.22640483 0.10431228
v -0.31055938 0.26924565 0.08656952
v -0.32393719 0.24283196 0.08581854
v -0.30522165 0.25532187 0.09436708
v -0.34788499 0.24260193 0.06839313
v -0.35821235 0.21488789 0.06686597
v -0.33412960 0.21575063 0.08311361
v -0.34162676 0.22933519 0.07663891
v -0.34105457 0.18856267 0.07857440
v -0.32553221 0.20208360 0.08772064
v -0.36515874 0.18685420 0.06361502
v -0.36872455 0.15907427 0.05876683
v -0.35546979 0.17420386 0.06890821
v -0.38068252 0.21205848 0.04778381
v -0.38777785 0.18337912 0.04570124
v -0.37361513 0.19954539 0.05653749
v -0.40839208 0.17813688 0.02509159
v -0.41214956 0.14885941 0.02269549
v -0.39137528 0.15476046 0.04214620
v -0.40064191 0.16645994 0.03440461
v -0.39153313 0.12676777 0.03723610
v -0.38076349 0.14324003 0.04819461
v -0.41232763 0.12002171 0.01907535
v -0.40920789 0.09221370 0.01453273
v -0.40097879 0.10972397 0.02593577
v -0.43053850 0.14141911 0.00070642
v -0.43108927 0.11184867 -0.00165533
v -0.42224252 0.13064781 0.01062089
v -0.44764929 0.10215328 -0.02469124
v -0.44572218 0.07258255 -0.02616009
v -0.42835010 0.08318127 -0.00459145
v -0.43885944 0.09248622 -0.01397017
v -0.42244589 0.05621673 -0.00762367
v -0.41632767 0.07434311 0.00326668
v -0.44055819 0.04477179 -0.02721195
v -0.43222636 0.01927887 -0.02654942
v -0.42766909 0.03794035 -0.01789871
v -0.46125620 0.06025116 -0.05013079
v -0.45732369 0.03066149 -0.04874438
v -0.45184542 0.05216190 -0.03806205
v -0.47228179 0.01296329 -0.07272990
v -0.46603316 -0.01689846 -0.06015828
v -0.44999089 0.00386835 -0.04347884
v -0.46225098 0.00752043 -0.05727482
v -0.44025661 -0.02013811 -0.03494052
v -0.43634590 -0.00000212 -0.03256626
v 0.26633355 0.20904816 0.07623172
v 0.24585055 0.24435659 0.06761488
v 0.21698548 0.25089013 0.09101384
v 0.24158658 0.23040901 0.08464398
v 0.26940452 0.23608759 0.03827263
v 0.24644263 0.26589057 0.02968931
v 0.22460363 0.27533113 0.05859620
v 0.24742134 0.25643962 0.04920206
v 0.20235175 0.30077498 0.04838982
v 0.17940385 0.30697746 0.07297636
v 0.19881631 0.28144679 0.08276630
v 0.20168564 0.29232331 0.06650447
v 0.17118151 0.28390212 0.10132693
v 0.19343841 0.26888773 0.09667089
v 0.15536976 0.30804789 0.09251316
v 0.13048433 0.30431792 0.10718849
v 0.15045070 0.29543312 0.10469538
v 0.15989752 0.32728798 0.06163697
v 0.13818733 0.32850910 0.08209325
v 0.15849218 0.31885477 0.07806000
v 0.11909857 0.34590416 0.07057432
v 0.09634578 0.34336104 0.08835403
v 0.11483829 0.32479753 0.09834276
v 0.11772617 0.33649276 0.08541230
v 0.08980285 0.31750034 0.11119638
v 0.11052176 0.31139456 0.10921782
v 0.07097075 0.33735775 0.10332028
v 0.04414366 0.32909971 0.11600786
v 0.06756578 0.32347344 0.11353580
v 0.07435669 0.35984592 0.07742395
v 0.04893782 0.35531140 0.09398169
v 0.07328234 0.34966623 0.09125527
v 0.02449670 0.37053250 0.08292879
v -0.00199202 0.36423286 0.09837008
v 0.02213546 0.34793229 0.10824892
v 0.02371266 0.36019950 0.09639823
v -0.00492534 0.33845689 0.12043314
v 0.01986908 0.33416543 0.11838338
v -0.02868140 0.35526956 0.11166853
v -0.05500580 0.34397787 0.12278181
v -0.02990650 0.34176021 0.12192848
v -0.02723441 0.37757785 0.08635125
v -0.05358784 0.36934429 0.10049970
v -0.02777442 0.36731499 0.09976320
v -0.07903744 0.38040069 0.08705374
v -0.10512100 0.36983912 0.09969591
v -0.07976357 0.35833921 0.11251123
v -0.07938572 0.37021950 0.10050321
v -0.10528127 0.34476538 0.12220972
v -0.08015381 0.34501236 0.12290492
v -0.13066579 0.35633369 0.11010044
v -0.15516035 0.34014635 0.11811370
v -0.13031926 0.34313949 0.12060867
v -0.13056017 0.37822342 0.08449983
v -0.15615748 0.36500569 0.09542010
v -0.13074659 0.36810139 0.09800045
v -0.18120920 0.37063817 0.07842672
v -0.20591456 0.35473518 0.08761855
v -0.20591456 0.35473518 0.08761855
v -0.18074029 0.34886734 0.10412796
v -0.18124853 0.36055073 0.09195831
v -0.20382193 0.33010554 0.11049214
v -0.20382193 0.33010554 0.11049214
v -0.17969705 0.33579810 0.11473709
v -0.22913592 0.33597792 0.09465304
v -0.25041756 0.31476542 0.09946191
v -0.22742823 0.32308090 0.10539052
v -0.23014955 0.35760884 0.06884332
v -0.25355594 0.33905892 0.07634407
v -0.23005034 0.34755726 0.08240395
v -0.27656298 0.33928181 0.05587173
v -0.29827778 0.31826562 0.06180650
v -0.27503133 0.31785088 0.08182389
v -0.27633179 0.32928120 0.06946850
v -0.29415637 0.29442304 0.08523926
v -0.27269273 0.30519905 0.09273514
v -0.31763514 0.29481499 0.06587487
v -0.33427437 0.26942190 0.06806814
v -0.31471043 0.28247803 0.07700355
v -0.31964698 0.31598934 0.03974557
v -0.33929663 0.29270518 0.04425183
v -0.31929383 0.30605367 0.05338734
v -0.35866615 0.28813773 0.02074580
v -0.37592824 0.26283925 0.02399581
v -0.35622001 0.26727308 0.04708637
v -0.35820259 0.27828057 0.03444114
v -0.37010200 0.24021184 0.04825694
v -0.35276507 0.25531378 0.05847272
v -0.39012343 0.23569935 0.02578121
v -0.40100674 0.20727568 0.02613342
v -0.38620288 0.22417420 0.03746050
v -0.39295136 0.25620840 -0.00079931
v -0.40752727 0.22916377 0.00137567
v -0.39239064 0.24644190 0.01295721
v -0.42191832 0.22074760 -0.02452120
v -0.43357459 0.19226995 -0.02321230
v -0.41876814 0.20063342 0.00232347
v -0.42127559 0.21108152 -0.01069751
v -0.42648258 0.17119207 0.00208541
v -0.41445392 0.18959027 0.01432519
v -0.44166118 0.16267709 -0.02288425
v -0.44630739 0.13245855 -0.02345235
v -0.43703274 0.15215560 -0.01053609
v -0.44506947 0.18236404 -0.05001266
v -0.45382887 0.15268913 -0.04937007
v -0.44436139 0.17280629 -0.03611703
v -0.46282775 0.14143954 -0.07694041
v -0.46957661 0.11049087 -0.07674915
v -0.45937428 0.12206486 -0.04939764
v -0.46216971 0.13191746 -0.06292820
v -0.46184619 0.09099342 -0.04982074
v -0.45451055 0.11207802 -0.03657616
v -0.47354064 0.07866237 -0.07673030
v -0.47436636 0.04634911 -0.07612583
v -0.46851647 0.06918081 -0.06309824
v -0.47653647 0.09812969 -0.10504398
v -0.48175016 0.06595871 -0.10501455
v -0.47624261 0.08840806 -0.09079052
v -0.48530004 0.05346702 -0.13385455
v -0.48762645 0.02111713 -0.13385430
v -0.48356048 0.03308619 -0.10436156
v -0.48568361 0.04343204 -0.11938182
v -0.48255695 -0.00166214 -0.10165394
v -0.47923911 0.02220750 -0.08861793
v 0.26265041 0.25259572 -0.00222693
v 0.23770191 0.27538132 -0.01113062
v 0.22233903 0.28982572 0.01975246
v 0.24305768 0.27193847 0.00936139
v 0.24760462 0.25883120 -0.04241797
v 0.22281537 0.27763372 -0.04999968
v 0.21274062 0.29408031 -0.02068067
v 0.23080964 0.27701426 -0.03113497
v 0.18812240 0.30980373 -0.03019197
v 0.17436011 0.32428245 -0.00244346
v 0.19819462 0.30886655 0.00885023
v 0.19379273 0.30988454 -0.01110112
v 0.18001894 0.32044412 0.03686305
v 0.20111776 0.30605964 0.02892620
v 0.15793523 0.33588146 0.02450498
v 0.13947781 0.34335771 0.04917762
v 0.15966674 0.33278203 0.04354341
v 0.15051235 0.33707092 -0.01350828
v 0.13493972 0.34854454 0.01204651
v 0.15483858 0.33712924 0.00524566
v 0.11051143 0.35913088 -0.00003444
v 0.09286495 0.36755911 0.02329832
v 0.11722851 0.35656235 0.03625257
v 0.11437770 0.35864810 0.01803760
v 0.09725189 0.36035458 0.05814988
v 0.11886743 0.35245407 0.05397631
v 0.07256446 0.37243459 0.04523206
v 0.04963250 0.37339717 0.06519423
v 0.07404834 0.36734284 0.06191012
v 0.06690245 0.37650727 0.01045713
v 0.04639153 0.38214948 0.03183825
v 0.07011373 0.37539720 0.02790831
v 0.01991414 0.38939303 0.01799297
v -0.00289806 0.39234786 0.03754244
v 0.02349704 0.38421249 0.05184657
v 0.02196551 0.38780394 0.03505938
v -0.00132455 0.38261678 0.07008708
v 0.02438268 0.37849604 0.06794082
v -0.02736007 0.39179980 0.05576091
v -0.05293194 0.38777235 0.07233838
v -0.02711191 0.38573783 0.07157098
v -0.02878019 0.39764955 0.02240121
v -0.05306923 0.39800806 0.04017764
v -0.02793183 0.39576908 0.03925794
v -0.07803796 0.40102793 0.02351944
v -0.10338839 0.39870344 0.03950798
v -0.07847382 0.39485422 0.05664056
v -0.07824359 0.39900578 0.04027045
v -0.10447628 0.38823059 0.07150282
v -0.07873587 0.38863223 0.07233371
v -0.12939324 0.39278150 0.05415160
v -0.15551766 0.38337627 0.06719981
v -0.13010498 0.38647933 0.06979078
v -0.12724764 0.39917121 0.02119425
v -0.15328315 0.39402785 0.03533496
v -0.12843677 0.39704148 0.03786008
v -0.17568266 0.39194964 0.01539430
v -0.20194720 0.38397272 0.02768796
v -0.20194720 0.38397272 0.02768796
v -0.17947228 0.38529317 0.04814544
v -0.17782172 0.38966919 0.03194189
v -0.20527518 0.37310075 0.05938791
v -0.20527518 0.37310075 0.05938791
v -0.18060902 0.37891755 0.06373107
v -0.22786831 0.37240029 0.03865990
v -0.25291687 0.35742337 0.04811077
v -0.22941145 0.36592186 0.05417139
v -0.22250003 0.37946292 0.00620868
v -0.24854310 0.36863010 0.01665095
v -0.22555328 0.37694656 0.02258149
v -0.26689794 0.36191884 -0.00620865
v -0.29228226 0.34828828 0.00242930
v -0.27376387 0.35427284 0.02582920
v -0.27081827 0.35906373 0.00992418
v -0.29763889 0.33663051 0.03357349
v -0.27569272 0.34764566 0.04123520
v -0.31636803 0.33123751 0.00988117
v -0.33865774 0.31107007 0.01601881
v -0.31865493 0.32441855 0.02515433
v -0.30811052 0.33963171 -0.02163851
v -0.33240044 0.32328728 -0.01474110
v -0.31283650 0.33634341 -0.00580568
v -0.34543631 0.31298813 -0.03981417
v -0.36822807 0.29407722 -0.03455229
v -0.35495290 0.30369560 -0.00890732
v -0.35089114 0.30917916 -0.02433652
v -0.37528934 0.28120413 -0.00423720
v -0.35756369 0.29664546 0.00620812
v -0.38885633 0.27212187 -0.03021248
v -0.40688837 0.24752866 -0.02685734
v -0.39175175 0.26480679 -0.01527581
v -0.37823383 0.28244497 -0.06042394
v -0.39913280 0.26114106 -0.05667581
v -0.38432895 0.27803958 -0.04534874
v -0.40594339 0.24852337 -0.08311616
v -0.42460865 0.22505745 -0.08072383
v -0.41750103 0.23705595 -0.05367022
v -0.41257999 0.24345566 -0.06848404
v -0.43293569 0.21063483 -0.05144531
v -0.42063669 0.22944640 -0.03893053
v -0.44039407 0.19909961 -0.07887795
v -0.45312697 0.17109201 -0.07761423
v -0.44372249 0.19117118 -0.06435005
v -0.42808981 0.21180561 -0.10750133
v -0.44426950 0.18641101 -0.10630731
v -0.43515881 0.20602098 -0.09334532
v -0.44444509 0.17287737 -0.13319331
v -0.45833095 0.14573265 -0.13308579
v -0.45762667 0.15876601 -0.10549429
v -0.45198009 0.16629312 -0.11956799
v -0.46830496 0.12923859 -0.10509747
v -0.46127778 0.15043548 -0.09120696
v -0.46987098 0.11647891 -0.13324017
v -0.47904689 0.08553182 -0.13357530
v -0.47433802 0.10753848 -0.11925488
v -0.45503046 0.13232721 -0.15980974
v -0.46691080 0.10360795 -0.16068103
v -0.46336043 0.12479405 -0.14681965
v -0.45952625 0.09088283 -0.18687003
v -0.46894502 0.06101443 -0.18843311
v -0.47648031 0.07308689 -0.16157147
v -0.46882536 0.08230473 -0.17458158
v -0.48317501 0.04137915 -0.16229638
v -0.48210219 0.06341301 -0.14795698
v 0.22870570 0.26109242 -0.07767173
v 0.20477152 0.27791581 -0.08249583
v 0.19831654 0.29415271 -0.05706024
v 0.21415414 0.27803624 -0.06707271
v 0.20769863 0.26132025 -0.10624203
v 0.18362988 0.27488051 -0.10895912
v 0.18033153 0.29189394 -0.08707869
v 0.19461497 0.27696567 -0.09641065
v 0.15532697 0.30266903 -0.09159970
v 0.14856696 0.31924517 -0.07007177
v 0.17365324 0.30814101 -0.06368135
v 0.16494889 0.30601665 -0.07828531
v 0.16358529 0.32338796 -0.03899202
v 0.18139334 0.30931264 -0.04768425
v 0.13865754 0.33445882 -0.04734905
v 0.12585782 0.34792249 -0.02381016
v 0.14509247 0.33625003 -0.03103247
v 0.12305448 0.32713586 -0.07644323
v 0.11314846 0.34272480 -0.05553413
v 0.13128512 0.33149011 -0.06247853
v 0.08736729 0.34784057 -0.06375590
v 0.07448767 0.36205372 -0.04371065
v 0.10037124 0.35640558 -0.03376604
v 0.09420140 0.35292174 -0.04926831
v 0.08493755 0.36779433 -0.01159144
v 0.10582509 0.35842909 -0.01732827
v 0.05884740 0.37392847 -0.02310755
v 0.04059380 0.38315198 -0.00238078
v 0.06313897 0.37604226 -0.00660329
v 0.04878104 0.36446469 -0.05378464
v 0.03300803 0.37701812 -0.03481891
v 0.05405305 0.37009376 -0.03888987
v 0.00793839 0.37675826 -0.04670130
v -0.01046619 0.38742947 -0.02897831
v 0.01464707 0.38691265 -0.01551597
v 0.01146450 0.38280447 -0.03151105
v -0.00607019 0.39387473 0.00370141
v 0.01746920 0.38910257 0.00105986
v -0.03115936 0.39518036 -0.01110388
v -0.05381297 0.39978667 0.00652574
v -0.02985874 0.39744711 0.00552734
v -0.03439173 0.38453554 -0.04260477
v -0.05506646 0.39311039 -0.02628393
v -0.03267300 0.39087007 -0.02723445
v -0.07747072 0.38765940 -0.04156114
v -0.10005797 0.39392221 -0.02678492
v -0.07768688 0.39854820 -0.00995836
v -0.07755777 0.39413293 -0.02613226
v -0.10188573 0.40063699 0.00599099
v -0.07784970 0.40086107 0.00668453
v -0.12423789 0.39682700 -0.01214103
v -0.14960285 0.39620995 0.00202442
v -0.12583796 0.39908177 0.00443347
v -0.12058916 0.38603907 -0.04360051
v -0.14472193 0.38976697 -0.03050496
v -0.12247816 0.39246145 -0.02824633
v -0.16302375 0.37968864 -0.04869351
v -0.18829420 0.38073944 -0.03736509
v -0.18829420 0.38073944 -0.03736509
v -0.17006243 0.38998872 -0.01763193
v -0.16669291 0.38585408 -0.03354867
v -0.19615813 0.38658066 -0.00529851
v -0.19615813 0.38658066 -0.00529851
v -0.17307734 0.39203793 -0.00122381
v -0.21435763 0.37816227 -0.02632905
v -0.24073459 0.37189224 -0.01586299
v -0.21874119 0.37985251 -0.01018669
v -0.20403906 0.36872970 -0.05675019
v -0.23001324 0.36698719 -0.04725467
v -0.20943025 0.37443859 -0.04194194
v -0.24293211 0.35335546 -0.06763025
v -0.26917351 0.34877054 -0.05999034
v -0.25636232 0.36155955 -0.03807927
v -0.24995653 0.35841934 -0.05327916
v -0.28257708 0.35242835 -0.02947065
v -0.26204386 0.36273813 -0.02229973
v -0.29535360 0.34047307 -0.05267785
v -0.32095653 0.32851000 -0.04589746
v -0.30224097 0.34100020 -0.03734936
v -0.27903529 0.33383194 -0.08114681
v -0.30509184 0.32638573 -0.07536392
v -0.28757600 0.33807529 -0.06736377
v -0.31173298 0.31049181 -0.09706893
v -0.33716964 0.30023347 -0.09310123
v -0.33066757 0.31526534 -0.06987401
v -0.32164728 0.31375437 -0.08395495
v -0.35523169 0.30056592 -0.06485002
v -0.33864610 0.31501322 -0.05507709
v -0.36169670 0.28636891 -0.08937260
v -0.38479719 0.26905715 -0.08601476
v -0.37063447 0.28522342 -0.07517850
v -0.34046341 0.28373589 -0.11512316
v -0.36483961 0.27074510 -0.11290885
v -0.35158486 0.28587469 -0.10276747
v -0.36473789 0.25402020 -0.13500181
v -0.38764819 0.23843860 -0.13443958
v -0.38791324 0.25427546 -0.11084187
v -0.37687855 0.25491086 -0.12348107
v -0.40916889 0.23453744 -0.10902051
v -0.39766125 0.25213797 -0.09731138
v -0.40886559 0.21953671 -0.13391272
v -0.42792104 0.19758109 -0.13348406
v -0.41926186 0.21632585 -0.12109510
v -0.38413833 0.22185515 -0.15636341
v -0.40518385 0.20385547 -0.15733189
v -0.39709386 0.22139480 -0.14573991
v -0.39833426 0.18778863 -0.17884409
v -0.41716964 0.16759637 -0.18118878
v -0.42421262 0.18274097 -0.15819474
v -0.41188680 0.18589752 -0.16916478
v -0.44086271 0.15880194 -0.15900182
v -0.43512718 0.17838062 -0.14613657
v -0.43372045 0.14451215 -0.18327681
v -0.44782370 0.11883637 -0.18515596
v -0.44510717 0.13892235 -0.17202906
v -0.40708252 0.15240657 -0.20205722
v -0.42337598 0.13027596 -0.20560524
v -0.42100222 0.14902908 -0.19335308
v -0.41023344 0.11631133 -0.22560760
v -0.42372208 0.09253527 -0.23016247
v -0.43721355 0.10550469 -0.20872926
v -0.42428528 0.11141749 -0.21789279
v -0.44852281 0.07842226 -0.21146018
v -0.44897476 0.09863826 -0.19832039
v 0.18363447 0.25709680 -0.12926474
v 0.15922380 0.26643035 -0.13021315
v 0.15881069 0.28495018 -0.11175934
v 0.17176356 0.27135430 -0.12028301
v 0.15686899 0.24736566 -0.14665140
v 0.13295820 0.25256957 -0.14522050
v 0.13460278 0.27234544 -0.13092518
v 0.14621930 0.26015414 -0.13858216
v 0.11020811 0.27491025 -0.13121418
v 0.10865849 0.29474107 -0.11696762
v 0.13367850 0.29154872 -0.11448898
v 0.12206681 0.28389027 -0.12371017
v 0.12989237 0.30992643 -0.09621744
v 0.14483444 0.29782728 -0.10372638
v 0.10443867 0.31373185 -0.10075515
v 0.09736235 0.33156966 -0.08289898
v 0.11404389 0.32118917 -0.08926474
v 0.08418695 0.29462357 -0.11899285
v 0.07943618 0.31417207 -0.10501459
v 0.09442434 0.30484929 -0.11072680
v 0.05534040 0.31137095 -0.10876666
v 0.04748182 0.33029135 -0.09527822
v 0.07200621 0.33259203 -0.08925057
v 0.06376474 0.32266714 -0.09985625
v 0.06179488 0.34950477 -0.07204971
v 0.07992128 0.34102333 -0.07715071
v 0.03698098 0.34776303 -0.08020438
v 0.02379162 0.36339355 -0.06389404
v 0.04305617 0.35696929 -0.06762663
v 0.02418898 0.32484302 -0.10072442
v 0.01336721 0.34277765 -0.08795518
v 0.03065803 0.33700230 -0.09130776
v -0.00872683 0.33480178 -0.09500679
v -0.02232306 0.35143681 -0.08315276
v -0.00002354 0.35897423 -0.07377937
v -0.00431777 0.34759625 -0.08523321
v -0.01597561 0.37303030 -0.05854670
v 0.00408564 0.36875451 -0.06086309
v -0.03838131 0.36604641 -0.07007025
v -0.05682234 0.37824659 -0.05609597
v -0.03630721 0.37619659 -0.05695684
v -0.04285145 0.34108032 -0.09170461
v -0.05899562 0.35611059 -0.08095532
v -0.04057547 0.35427673 -0.08172622
v -0.07760809 0.34357587 -0.09087170
v -0.09602233 0.35673933 -0.08138938
v -0.07744591 0.36886398 -0.06913437
v -0.07750447 0.35693361 -0.08084202
v -0.09805588 0.37896279 -0.05657540
v -0.07743403 0.37917121 -0.05596803
v -0.11654968 0.36737653 -0.07099260
v -0.13898216 0.37513580 -0.05999477
v -0.11860112 0.37761283 -0.05792102
v -0.11239864 0.34224656 -0.09252496
v -0.13277008 0.35329655 -0.08446169
v -0.11447034 0.35552342 -0.08259905
v -0.14663030 0.33711598 -0.09663628
v -0.16861112 0.34586141 -0.09010849
v -0.16861112 0.34586141 -0.09010849
v -0.15502728 0.36161069 -0.07561387
v -0.15084297 0.35007221 -0.08696802
v -0.17890187 0.36685575 -0.06628345
v -0.17890187 0.36685575 -0.06628345
v -0.15911163 0.37154477 -0.06278552
v -0.19221546 0.35167179 -0.08291978
v -0.21712207 0.35425419 -0.07534472
v -0.19826546 0.36108155 -0.07047698
v -0.17971362 0.32827478 -0.10313593
v -0.20292619 0.33454747 -0.09824382
v -0.18599577 0.34067722 -0.09387408
v -0.21108554 0.31587360 -0.11191252
v -0.23513692 0.31956428 -0.10871893
v -0.22747933 0.33773217 -0.09278452
v -0.21933055 0.32750002 -0.10319924
v -0.25299807 0.33756601 -0.08701183
v -0.23539327 0.34640529 -0.08086371
v -0.26021355 0.32003048 -0.10503980
v -0.28590403 0.31705903 -0.10109577
v -0.26985735 0.32776796 -0.09376674
v -0.24020720 0.30012590 -0.12281502
v -0.26468040 0.30115284 -0.12136367
v -0.25027333 0.31076708 -0.11478382
v -0.26658189 0.28129907 -0.13565826
v -0.29106520 0.27964145 -0.13595338
v -0.28986032 0.29886820 -0.11947624
v -0.27829754 0.29076297 -0.12843018
v -0.31529135 0.29310011 -0.11734548
v -0.30107105 0.30548711 -0.10896624
v -0.31590990 0.27460896 -0.13584577
v -0.34064084 0.26608491 -0.13549185
v -0.32849785 0.27994591 -0.12620082
v -0.28975667 0.25971727 -0.15022113
v -0.31382452 0.25538654 -0.15224564
v -0.30292228 0.26783125 -0.14390395
v -0.30933697 0.23574810 -0.16625558
v -0.33258545 0.22881365 -0.16995521
v -0.33791906 0.24766618 -0.15386944
v -0.32372700 0.24236261 -0.16094147
v -0.36153671 0.23648802 -0.15521676
v -0.35167042 0.25157849 -0.14517752
v -0.35550914 0.21850262 -0.17323768
v -0.37760160 0.20480564 -0.17618892
v -0.37019032 0.22087334 -0.16556956
v -0.32498551 0.20980282 -0.18348647
v -0.34700892 0.20036831 -0.18878460
v -0.34035443 0.21479508 -0.17924975
v -0.33643680 0.18232443 -0.20161963
v -0.35686748 0.17054424 -0.20840752
v -0.36838099 0.18761498 -0.19362062
v -0.35252166 0.18559771 -0.19851727
v -0.38858204 0.17158744 -0.19804503
v -0.38374211 0.18835342 -0.18702964
v -0.37631236 0.15553461 -0.21466759
v -0.39426782 0.13739676 -0.22041390
v -0.39209277 0.15457721 -0.20918922
v -0.34349312 0.15378442 -0.22034389
v -0.36197235 0.13984719 -0.22849072
v -0.36001964 0.15527214 -0.21841298
v -0.34603437 0.12466924 -0.23934011
v -0.36225682 0.10880452 -0.24868966
v -0.37916922 0.12280734 -0.23602053
v -0.36272017 0.12433601 -0.23859729
v -0.39458491 0.10282143 -0.24291148
v -0.39510069 0.12012015 -0.23167075
v 0.12906243 0.23243055 -0.15708943
v 0.10651953 0.23379603 -0.15277122
v 0.10938338 0.25448018 -0.14319587
v 0.11964902 0.24372052 -0.14996053
v 0.10200297 0.21314743 -0.15983630
v 0.08170881 0.21147487 -0.15248493
v 0.08484808 0.23235892 -0.14772726
v 0.09379686 0.22298428 -0.15362273
v 0.06438653 0.22846818 -0.14182319
v 0.06488137 0.24956521 -0.13698682
v 0.08657120 0.25336872 -0.14049173
v 0.07519673 0.24123229 -0.14217376
v 0.08647033 0.27423291 -0.13087022
v 0.09830886 0.26466543 -0.13682315
v 0.06377299 0.27062659 -0.12978374
v 0.06069352 0.29134751 -0.12032797
v 0.07391216 0.28313879 -0.12536456
v 0.04459463 0.24344801 -0.13252706
v 0.04243071 0.26446427 -0.12780404
v 0.05394265 0.25731936 -0.13219112
v 0.02267032 0.25615936 -0.12475541
v 0.01789211 0.27680968 -0.12033088
v 0.03851312 0.28527548 -0.12083047
v 0.03039681 0.27097121 -0.12384504
v 0.03251661 0.30553388 -0.11174607
v 0.04687499 0.29882407 -0.11578122
v 0.01123317 0.29705696 -0.11378874
v 0.00242326 0.31652609 -0.10528590
v 0.01767706 0.31144097 -0.10824397
v -0.00100790 0.26638243 -0.11864202
v -0.00831937 0.28637712 -0.11470321
v 0.00496773 0.28195063 -0.11728057
v -0.02603698 0.27394279 -0.11429123
v -0.03575048 0.29301376 -0.11100828
v -0.01760000 0.30576883 -0.10877822
v -0.02191114 0.29007011 -0.11260923
v -0.02906635 0.32415037 -0.10104616
v -0.01317959 0.32076881 -0.10288306
v -0.04749413 0.31126212 -0.10588403
v -0.06142408 0.32826436 -0.09910557
v -0.04517123 0.32665047 -0.09978628
v -0.05198768 0.27871032 -0.11177732
v -0.06393771 0.29659464 -0.10931687
v -0.04977964 0.29518990 -0.10991023
v -0.07841802 0.28060360 -0.11114390
v -0.09239614 0.29707170 -0.10964991
v -0.07794127 0.31344363 -0.10515401
v -0.07816352 0.29722340 -0.10922980
v -0.09409357 0.32881342 -0.09948771
v -0.07775485 0.32898669 -0.09900527
v -0.10841773 0.31227718 -0.10660178
v -0.12651541 0.32577435 -0.10219824
v -0.11037003 0.32773904 -0.10055489
v -0.10487364 0.27959132 -0.11240103
v -0.12063844 0.29442446 -0.11201098
v -0.10657481 0.29613591 -0.11057947
v -0.13090379 0.27569023 -0.11552765
v -0.14818371 0.28871119 -0.11635066
v -0.14818371 0.28871119 -0.11635066
v -0.13840393 0.30778327 -0.11020353
v -0.13452846 0.29194680 -0.11393696
v -0.15813681 0.31921513 -0.10717979
v -0.15813681 0.31921513 -0.10717979
v -0.14246065 0.32292969 -0.10440945
v -0.16738446 0.30003891 -0.11589686
v -0.18841222 0.30923361 -0.11435764
v -0.17347503 0.31464155 -0.11050188
v -0.15606109 0.26896754 -0.12046989
v -0.17455637 0.28001617 -0.12260335
v -0.16154471 0.28472735 -0.11924440
v -0.17991649 0.25953791 -0.12714347
v -0.19931139 0.26850115 -0.13065379
v -0.19486563 0.28917604 -0.12358478
v -0.18716380 0.27460043 -0.12641146
v -0.21683063 0.29601457 -0.12359939
v -0.20288529 0.30301625 -0.11872939
v -0.22037542 0.27538120 -0.13313526
v -0.24289630 0.27977042 -0.13475567
v -0.23018549 0.28825294 -0.12895036
v -0.20206107 0.24756294 -0.13543402
v -0.22201731 0.25435087 -0.14037202
v -0.21094459 0.26174053 -0.13531466
v -0.22211683 0.23324688 -0.14520011
v -0.24229465 0.23781899 -0.15158447
v -0.24347903 0.25888954 -0.14438551
v -0.23248263 0.24636659 -0.14580243
v -0.26617479 0.26079186 -0.14762754
v -0.25491082 0.27060381 -0.14099021
v -0.26377970 0.23998405 -0.15714246
v -0.28625479 0.23939241 -0.16200175
v -0.27663616 0.25037180 -0.15464227
v -0.23973906 0.21683553 -0.15627408
v -0.25978619 0.21917842 -0.16410553
v -0.25140745 0.22874222 -0.15769491
v -0.25462774 0.19860934 -0.16846669
v -0.27420442 0.19875577 -0.17771624
v -0.28093133 0.21898749 -0.17118834
v -0.26739668 0.20916861 -0.17078889
v -0.30280710 0.21594790 -0.17762641
v -0.29499136 0.22790180 -0.16967382
v -0.29463934 0.19626023 -0.18628207
v -0.31553248 0.19085133 -0.19423908
v -0.30966168 0.20357907 -0.18582714
v -0.26652745 0.17888016 -0.18156932
v -0.28528991 0.17689441 -0.19218739
v -0.28017557 0.18798179 -0.18485958
v -0.27523497 0.15798490 -0.19535823
v -0.29286678 0.15397340 -0.20726840
v -0.30467008 0.17218964 -0.20216639
v -0.28952705 0.16554236 -0.19966750
v -0.32423037 0.16453832 -0.21155188
v -0.32039637 0.17781936 -0.20282613
v -0.31085152 0.14718899 -0.21856858
v -0.32873428 0.13745492 -0.22927089
v -0.32701121 0.15106391 -0.22037958
v -0.28060055 0.13628281 -0.20959632
v -0.29678996 0.13038120 -0.22270333
v -0.29528921 0.14223613 -0.21495803
v -0.28253333 0.11414357 -0.22404110
v -0.29700837 0.10652396 -0.23822682
v -0.31307785 0.12168477 -0.23520884
v -0.29736447 0.11846026 -0.23047061
v -0.32898549 0.11006687 -0.24709183
v -0.32939436 0.12376984 -0.23818764
v 0.07760293 0.19092165 -0.15471695
v 0.06028785 0.18714026 -0.14425726
v 0.06271704 0.20759034 -0.14421188
v 0.07048215 0.19945655 -0.14932699
v 0.05753227 0.16727059 -0.14210160
v 0.04367463 0.16246168 -0.12881777
v 0.04449353 0.18185649 -0.13290696
v 0.05129507 0.17473788 -0.13738481
v 0.03031966 0.17553882 -0.12060721
v 0.02931882 0.19492690 -0.12474645
v 0.04521619 0.20192250 -0.13498220
v 0.03715798 0.18859663 -0.12868802
v 0.04539296 0.22251886 -0.13489328
v 0.05434254 0.21528915 -0.13939350
v 0.02799682 0.21495455 -0.12689483
v 0.02591623 0.23544390 -0.12692660
v 0.03590299 0.22924591 -0.13073225
v 0.01506286 0.18707807 -0.11344324
v 0.01226035 0.20624611 -0.11776896
v 0.02100673 0.20081785 -0.12110262
v -0.00183230 0.19687663 -0.10745121
v -0.00638050 0.21562699 -0.11208876
v 0.00892385 0.22601309 -0.12013314
v 0.00311833 0.21119022 -0.11475981
v 0.00462946 0.24615254 -0.12044260
v 0.01547707 0.24108805 -0.12349145
v -0.01167361 0.23490698 -0.11481335
v -0.01810954 0.25445208 -0.11555853
v -0.00658281 0.25061241 -0.11779529
v -0.02007108 0.20476051 -0.10273631
v -0.02628890 0.22289789 -0.10780973
v -0.01619739 0.21953392 -0.10976955
v -0.03934279 0.21059188 -0.09937990
v -0.04712159 0.22794265 -0.10499967
v -0.03344485 0.24148473 -0.11102671
v -0.03661150 0.22570532 -0.10621716
v -0.04190681 0.26020963 -0.11235126
v -0.02990088 0.25765631 -0.11374109
v -0.05601741 0.24563303 -0.10883914
v -0.06635993 0.26331636 -0.11088376
v -0.05407737 0.26209743 -0.11139870
v -0.05932055 0.21426903 -0.09744138
v -0.06852763 0.23066425 -0.10371374
v -0.05777574 0.22959673 -0.10416483
v -0.07966690 0.21573056 -0.09695240
v -0.09013897 0.23102719 -0.10396736
v -0.07900710 0.24728014 -0.10828799
v -0.07933085 0.23114221 -0.10364796
v -0.09104814 0.26373028 -0.11117320
v -0.07870106 0.26386167 -0.11080833
v -0.10201872 0.24639967 -0.10938209
v -0.11554903 0.26143343 -0.11322169
v -0.10334829 0.26291826 -0.11197975
v -0.10003228 0.21495207 -0.09792029
v -0.11158739 0.22901729 -0.10576076
v -0.10090633 0.23031677 -0.10467377
v -0.12007070 0.21194896 -0.10032720
v -0.13250538 0.22467822 -0.10905658
v -0.13250538 0.22467822 -0.10905658
v -0.12466045 0.24300632 -0.11210176
v -0.12213546 0.22713534 -0.10722362
v -0.13944498 0.25647699 -0.11698649
v -0.13944498 0.25647699 -0.11698649
v -0.12759859 0.25928393 -0.11489256
v -0.14654275 0.23715879 -0.11640061
v -0.16232424 0.24893387 -0.12241085
v -0.15103606 0.25302083 -0.11949694
v -0.13943674 0.20677337 -0.10413204
v -0.15253349 0.21807494 -0.11380508
v -0.14265232 0.22165269 -0.11125423
v -0.15780089 0.19951431 -0.10926945
v -0.17133295 0.20933004 -0.11991820
v -0.16729281 0.22895672 -0.12220542
v -0.16210763 0.21396189 -0.11669653
v -0.18379943 0.23894424 -0.12939483
v -0.17326128 0.24423568 -0.12571441
v -0.18655442 0.21854049 -0.12941680
v -0.20349742 0.22666869 -0.13782553
v -0.19389162 0.23307926 -0.13343824
v -0.17484802 0.19029596 -0.11565152
v -0.18857613 0.19858397 -0.12729846
v -0.18016733 0.20419559 -0.12345795
v -0.19028728 0.17927549 -0.12316945
v -0.20397552 0.18602937 -0.13581340
v -0.20399971 0.20608811 -0.13791155
v -0.19652402 0.19252033 -0.13142257
v -0.22108870 0.21232706 -0.14755249
v -0.21257636 0.21974188 -0.14253670
v -0.21932782 0.19181318 -0.14754391
v -0.23626267 0.19615556 -0.15841503
v -0.22899416 0.20445261 -0.15285353
v -0.20385282 0.16664194 -0.13169425
v -0.21725874 0.17187318 -0.14532225
v -0.21089581 0.17913609 -0.14045391
v -0.21531463 0.15261090 -0.14108047
v -0.22820815 0.15636388 -0.15565845
v -0.23227855 0.17595937 -0.15814950
v -0.22303818 0.16427188 -0.15039749
v -0.24877127 0.17843884 -0.17022239
v -0.24286500 0.18747229 -0.16421270
v -0.24262892 0.15879893 -0.16954617
v -0.25838754 0.15947353 -0.18277647
v -0.25395121 0.16909186 -0.17641960
v -0.22447486 0.13742366 -0.15116669
v -0.23662668 0.13976201 -0.16664807
v -0.23274302 0.14818170 -0.16108338
v -0.23117785 0.12133828 -0.16178152
v -0.24238043 0.12235506 -0.17810107
v -0.25020326 0.14062381 -0.18154004
v -0.23984441 0.13114063 -0.17232888
v -0.26496077 0.13958916 -0.19585952
v -0.26206310 0.14962509 -0.18926582
v -0.25487014 0.12174651 -0.19392487
v -0.26836442 0.11912213 -0.20924984
v -0.26706221 0.12940681 -0.20253044
v -0.23530861 0.10463145 -0.17274239
v -0.24536032 0.10443905 -0.18982242
v -0.24422018 0.11344155 -0.18394072
v -0.23679623 0.08758842 -0.18386213
v -0.24552604 0.08632103 -0.20161150
v -0.25655110 0.10248915 -0.20648935
v -0.24579665 0.09538571 -0.19572128
v -0.26855415 0.09842532 -0.22271691
v -0.26886268 0.10878063 -0.21598801
v 0.04321782 0.14382069 -0.12290511
v 0.03309487 0.13913983 -0.10712308
v 0.03146498 0.15691777 -0.11463631
v 0.03759621 0.15052303 -0.11866490
v 0.03550974 0.12222406 -0.09838068
v 0.02441862 0.13454780 -0.09059545
v 0.03020544 0.12853000 -0.09438922
v 0.01150898 0.14561644 -0.08367099
v 0.02079238 0.15113976 -0.09957589
v 0.01817706 0.14025183 -0.08701672
v 0.01778599 0.16867439 -0.10728753
v 0.02485208 0.16297775 -0.11083766
v 0.00674189 0.16174854 -0.09298217
v 0.00241425 0.17887050 -0.10099921
v 0.01029491 0.17397878 -0.10400346
v -0.00299009 0.15522782 -0.07774199
v 0.00444243 0.15061531 -0.08057541
v -0.01882129 0.16320247 -0.07290779
v -0.00880785 0.17076993 -0.08746393
v -0.01075551 0.15943041 -0.07518211
v -0.01437431 0.18732889 -0.09587779
v -0.00582064 0.18332769 -0.09828627
v -0.02558390 0.17803264 -0.08311870
v -0.03229302 0.19388712 -0.09201989
v -0.02321123 0.19085268 -0.09378692
v -0.03571817 0.16937744 -0.06925870
v -0.02715449 0.16652148 -0.07093100
v -0.05338895 0.17366201 -0.06685807
v -0.04330017 0.18340417 -0.08002492
v -0.04447529 0.17176096 -0.06789874
v -0.05103606 0.19843841 -0.08948675
v -0.04158085 0.19641977 -0.09058392
v -0.06165927 0.18679462 -0.07823754
v -0.07029194 0.20089539 -0.08832751
v -0.06062034 0.19993129 -0.08873384
v -0.07153552 0.17598332 -0.06576069
v -0.06242178 0.17507063 -0.06614557
v -0.08985169 0.17630467 -0.06597386
v -0.08035312 0.18814589 -0.07778610
v -0.08069156 0.17639574 -0.06570348
v -0.08973164 0.20122645 -0.08855400
v -0.08000947 0.20132787 -0.08826738
v -0.09906377 0.18743509 -0.07867445
v -0.10902456 0.19941908 -0.09016688
v -0.09941672 0.20058782 -0.08918922
v -0.10802933 0.17460572 -0.06749356
v -0.09897686 0.17570586 -0.06657180
v -0.12575851 0.17092877 -0.07028716
v -0.12575851 0.17092877 -0.07028716
v -0.11747469 0.18467687 -0.08088587
v -0.11696904 0.17301160 -0.06873343
v -0.12784083 0.19551557 -0.09313182
v -0.12784083 0.19551557 -0.09313182
v -0.11851273 0.19772616 -0.09148279
v -0.13526818 0.17992151 -0.08438177
v -0.14585629 0.18957544 -0.09740277
v -0.13696798 0.19279367 -0.09510825
v -0.14273327 0.16533173 -0.07431203
v -0.13435852 0.16836420 -0.07214997
v -0.15866664 0.15792011 -0.07949367
v -0.15214097 0.17325148 -0.08910165
v -0.15084780 0.16184594 -0.07676308
v -0.16276725 0.18170943 -0.10290210
v -0.15446878 0.18587570 -0.10000425
v -0.16780332 0.16478140 -0.09496566
v -0.17827800 0.17204337 -0.10954064
v -0.17071384 0.17709101 -0.10608610
v -0.17328099 0.14881283 -0.08574845
v -0.16615415 0.15356853 -0.08249371
v -0.18633248 0.13817163 -0.09296564
v -0.18198847 0.15465604 -0.10187296
v -0.18001728 0.14367337 -0.08924398
v -0.19212971 0.16074967 -0.11720037
v -0.18542715 0.16658853 -0.11325066
v -0.19445254 0.14304854 -0.10970541
v -0.20407848 0.14801579 -0.12575384
v -0.19835496 0.15454929 -0.12137444
v -0.19759070 0.12617368 -0.10102478
v -0.19219792 0.13232954 -0.09689851
v -0.20687151 0.11302900 -0.10978510
v -0.20498348 0.13015688 -0.11832943
v -0.20248930 0.11973121 -0.10532631
v -0.21392785 0.13406500 -0.13505137
v -0.20927718 0.14117817 -0.13031919
v -0.21340017 0.11620310 -0.12759649
v -0.22150076 0.11913114 -0.14493686
v -0.21800723 0.12670486 -0.13993128
v -0.21400604 0.09895779 -0.11909952
v -0.21071459 0.10609405 -0.11438307
v -0.21888314 0.08420481 -0.12880634
v -0.21955841 0.10142414 -0.13734920
v -0.21673317 0.09165119 -0.12391400
v -0.22667649 0.10347339 -0.15523897
v -0.22439457 0.11137608 -0.15004682
v -0.22335368 0.08607439 -0.14741972
v -0.22935660 0.08735736 -0.16578270
v -0.22833092 0.09545530 -0.16049198
v -0.22140835 0.06901984 -0.13874094
v -0.22044241 0.07665032 -0.13375564
v -0.22154875 0.05366413 -0.14873263
v -0.22472092 0.07041524 -0.15763655
v -0.22177829 0.06134686 -0.14374040
v -0.22950577 0.07105968 -0.17638731
v -0.22974885 0.07921369 -0.17108883
v 0.09792163 0.08197933 0.08762392
v 0.11792728 0.09056243 0.10701814
v 0.13106411 0.11590699 0.10889262
v 0.11215835 0.09957849 0.09891124
v 0.10721801 0.06617169 0.10685288
v 0.12341017 0.07690443 0.12822929
v 0.12341017 0.07690443 0.12822929
v 0.14083689 0.09915827 0.12582665
v 0.12176646 0.08307135 0.11692120
v 0.16606279 0.10858665 0.14458498
v 0.16606279 0.10858665 0.14458498
v 0.18736615 0.12719303 0.13711656
v 0.15850402 0.12144186 0.12324334
v 0.16313546 0.11400693 0.13281090
v 0.17507314 0.14441456 0.12074060
v 0.15233415 0.13091089 0.11628668
v 0.20619585 0.14608987 0.12865975
v 0.22220111 0.16554338 0.11958620
v 0.19838527 0.15624360 0.12190247
v 0.21692864 0.13293748 0.14956927
v 0.21692864 0.13293748 0.14956927
v 0.23713520 0.14623194 0.13572008
v 0.21223477 0.13829047 0.13798493
v 0.26748994 0.14415814 0.14111893
v 0.26748994 0.14415814 0.14111893
v 0.28460998 0.14837726 0.12300646
v 0.25468424 0.15888089 0.12142145
v 0.26146249 0.14995001 0.13062594
v 0.27077098 0.17082926 0.10469509
v 0.24645110 0.17145967 0.11360600
v 0.10718725 0.05385879 0.12958335
v 0.12074594 0.06663009 0.15420629
v 0.14303455 0.08919860 0.15042247
v 0.12259508 0.07186184 0.14055226
v 0.10295382 0.04024222 0.15688290
v 0.11964990 0.05034751 0.18678243
v 0.14145089 0.07902759 0.18115212
v 0.11928901 0.05989636 0.16951059
v 0.16968294 0.08759466 0.20849152
v 0.19698570 0.11153945 0.19518688
v 0.16737211 0.10180420 0.17341752
v 0.16787241 0.09659026 0.19023492
v 0.19347379 0.11903887 0.16273269
v 0.16712184 0.10516055 0.15816050
v 0.22399455 0.12752938 0.17819388
v 0.24773363 0.13768728 0.15966530
v 0.22070608 0.13012485 0.16310553
v 0.23082000 0.11370209 0.21143294
v 0.25778225 0.13076629 0.18885556
v 0.22722303 0.12282954 0.19443606
v 0.29472038 0.12809175 0.19392591
v 0.31404098 0.13605425 0.16557648
v 0.28004870 0.13873916 0.16556749
v 0.28786141 0.13565589 0.17931687
v 0.29683632 0.13932325 0.14289769
v 0.27347206 0.14099723 0.15280046
v 0.10651186 0.01714626 0.19308149
v 0.12967043 0.02076854 0.22569826
v 0.14630929 0.05562823 0.21873209
v 0.12325471 0.03667051 0.20633914
v 0.12344962 -0.00997225 0.23009640
v 0.14682983 -0.01264156 0.25386650
v 0.16022631 0.01814691 0.25478991
v 0.13846353 0.00454407 0.24237814
v 0.19532455 0.00844033 0.27548835
v 0.21682189 0.04419914 0.26591265
v 0.17988303 0.05387063 0.24704041
v 0.18721353 0.03192353 0.26348767
v 0.20410198 0.08733303 0.23214960
v 0.17386302 0.07289150 0.22806748
v 0.24041878 0.07706760 0.24522970
v 0.26679360 0.10572507 0.22036165
v 0.23521377 0.09782505 0.22878441
v 0.25331549 0.02839031 0.27035339
v 0.27584030 0.06075573 0.24803901
v 0.24644843 0.05329923 0.25950689
v 0.30954763 0.04464483 0.24419142
v 0.33291351 0.07686083 0.22499972
v 0.30108597 0.09143195 0.22362990
v 0.30474634 0.06809911 0.23527987
v 0.32867103 0.11874173 0.19989006
v 0.29843633 0.11238972 0.20927114
v 0.36488917 0.06833547 0.22827663
v 0.38483769 0.10053090 0.21991718
v 0.35705186 0.10854464 0.21047955
v 0.36008964 0.08857227 0.22096743
v 0.41023362 0.09421440 0.22405577
v 0.42359821 0.11431808 0.21603923
v 0.40324987 0.12501374 0.20951538
v 0.40572128 0.11003424 0.21858254
v 0.41823117 0.13578258 0.19468354
v 0.40108318 0.14025082 0.18229901
v 0.38017798 0.13176528 0.19658428
v 0.40079759 0.13543043 0.19704801
v 0.35855354 0.13585247 0.17934022
v 0.35602690 0.12570079 0.19659624
v -0.47626539 -0.04784460 -0.06732024
v -0.46871408 -0.06701556 -0.04242940
v -0.45692128 -0.04098819 -0.04185446
v -0.46807715 -0.04223003 -0.05389764
v -0.47438749 -0.09597224 -0.03675752
v -0.46601887 -0.11006215 -0.01706125
v -0.45978776 -0.08592752 -0.02369662
v -0.46827510 -0.08979338 -0.02968832
v -0.44956709 -0.10348952 -0.01023050
v -0.43796475 -0.08302498 -0.01611876
v -0.44748401 -0.06286888 -0.02696353
v -0.44949480 -0.08384707 -0.01907563
v -0.43026003 -0.04293341 -0.02615435
v -0.44418688 -0.04136312 -0.03266235
v -0.42104537 -0.06422590 -0.01966539
v -0.40024069 -0.04853574 -0.02056503
v -0.41552771 -0.04527698 -0.02216298
v -0.42876903 -0.10088153 -0.00908397
v -0.41357554 -0.08384725 -0.01579128
v -0.42576716 -0.08293305 -0.01511873
v -0.40798496 -0.10177081 -0.01325418
v -0.39191046 -0.08979939 -0.02101802
v -0.39408973 -0.06973912 -0.02052503
v -0.40206499 -0.08604385 -0.01785232
v -0.37084765 -0.05935171 -0.02409895
v -0.38465065 -0.05285092 -0.02123686
v -0.46580290 -0.13235331 -0.00949884
v -0.45507239 -0.14140321 0.00321820
v -0.45480884 -0.12363442 -0.00327455
v -0.46120284 -0.12731920 -0.00593439
v -0.45229328 -0.15462286 0.00770396
v -0.44365305 -0.16034561 0.01420572
v -0.44385739 -0.15062557 0.01181673
v -0.44887131 -0.15215182 0.00992168
v -0.43360559 -0.15909372 0.01727372
v -0.43179505 -0.14717465 0.01240069
v -0.44290237 -0.13618779 0.00612431
v -0.43809991 -0.14894072 0.01260647
v -0.43834527 -0.11906462 -0.00122868
v -0.44704746 -0.12098708 -0.00165910
v -0.42765157 -0.13253594 0.00494715
v -0.41992470 -0.11674650 -0.00406182
v -0.42912938 -0.11755554 -0.00212269
v -0.42239733 -0.15574177 0.01614174
v -0.41865101 -0.14365297 0.00936445
v -0.42513943 -0.14540406 0.01130770
v -0.41214505 -0.15077115 0.01129987
v -0.40797083 -0.14151365 0.00393902
v -0.41262730 -0.13061365 0.00029466
v -0.41284715 -0.14194524 0.00660734
v -0.40364838 -0.11837758 -0.00995360
v -0.41125624 -0.11692494 -0.00676534
v 0.05257292 0.07785812 -0.10680761
v 0.05523380 0.06127856 -0.09747709
v 0.05561599 0.06014535 -0.07834159
v 0.05057429 0.07622863 -0.08781416
v 0.05057429 0.07622863 -0.08781416
v 0.05318931 0.06880696 -0.09259610
v 0.05595883 0.06289804 -0.11647887
v 0.05939879 0.04450738 -0.08857789
v 0.05669133 0.05367244 -0.10242834
v 0.07001380 0.02618700 -0.06273558
v 0.07001380 0.02618700 -0.06273558
v 0.06205409 0.04362063 -0.06975329
v 0.06390001 0.03536007 -0.07524231
v 0.06493260 0.04404546 -0.05078985
v 0.06493260 0.04404546 -0.05078985
v 0.05663088 0.06011390 -0.05898426
v 0.05663088 0.06011390 -0.05898426
v 0.05961106 0.05188698 -0.06431580
v -0.20289904 -0.00638014 -0.16730595
v -0.20844069 -0.00914831 -0.14917000
v -0.20732898 -0.02632780 -0.14059136
v -0.20418296 -0.01599571 -0.15352772
v -0.21081393 0.00741712 -0.15851028
v -0.21532528 0.00515468 -0.14002205
v -0.21532528 0.00515468 -0.14002205
v -0.21549185 -0.01209684 -0.13151919
v -0.21216095 -0.00208829 -0.14466182
v -0.22409461 -0.01474761 -0.11437645
v -0.22409461 -0.01474761 -0.11437645
v -0.22782058 -0.03292730 -0.10822483
v -0.22782058 -0.03292730 -0.10822483
v -0.21678820 -0.02992778 -0.12408544
v -0.22073586 -0.02243465 -0.11930067
v -0.21893584 -0.04841613 -0.11809888
v -0.21893584 -0.04841613 -0.11809888
v -0.21226924 -0.03719513 -0.12871040
v 0.07474542 0.02667258 -0.04471093
v 0.07812415 0.02970921 -0.02623703
v 0.06749938 0.04672551 -0.03145424
v 0.06749938 0.04672551 -0.03145424
v 0.07133793 0.03663436 -0.03803557
v 0.08581213 0.00791976 -0.04116113
v 0.07755903 0.01694603 -0.05137336
v 0.10154758 -0.00835516 -0.02421283
v 0.08955236 0.01107850 -0.02389018
v 0.09404925 -0.00060838 -0.03210570
v 0.09002520 0.01753696 -0.00624189
v 0.07948572 0.03595185 -0.00731451
v 0.07948572 0.03595185 -0.00731451
v 0.08458774 0.02332502 -0.01557778
v -0.23228497 -0.05173030 -0.10382933
v -0.23701448 -0.07124590 -0.10128745
v -0.22726089 -0.05980928 -0.10897082
v -0.24040741 -0.03485450 -0.09303584
v -0.24040741 -0.03485450 -0.09303584
v -0.24698245 -0.05375055 -0.09009094
v -0.23667367 -0.04340023 -0.09851014
v -0.26263808 -0.05412337 -0.07662891
v -0.26263808 -0.05412337 -0.07662891
v -0.27071479 -0.07367074 -0.07687687
v -0.25354956 -0.07338179 -0.08904121
v -0.25843424 -0.06387526 -0.08290164
v -0.25988103 -0.09373227 -0.09009943
v -0.24796467 -0.08259662 -0.09500978
v 0.10067297 -0.00171510 -0.00801156
v 0.09630996 0.00768279 0.00867229
v 0.08731185 0.02714009 0.01121722
v 0.08731185 0.02714009 0.01121722
v 0.09373251 0.01240021 0.00158648
v 0.11312359 -0.02096558 -0.01129162
v 0.10758281 -0.01503766 -0.01748904
v 0.12474526 -0.03108848 0.00286793
v 0.10782396 -0.01199123 0.00547993
v 0.11913886 -0.02644941 -0.00497845
v 0.10047340 -0.00142312 0.02367521
v 0.09089658 0.01900530 0.02609393
v 0.09089658 0.01900530 0.02609393
v 0.09835733 0.00315249 0.01578033
v -0.27837886 -0.09395725 -0.07927172
v -0.28617546 -0.11492900 -0.08391154
v -0.27253209 -0.10452377 -0.08651751
v -0.28812238 -0.07183291 -0.06464681
v -0.29677359 -0.09189524 -0.06779164
v -0.28351195 -0.08303416 -0.07195108
v -0.31514849 -0.08800092 -0.05601251
v -0.32448175 -0.10782979 -0.06044137
v -0.30581135 -0.11241847 -0.07265303
v -0.31044755 -0.10018390 -0.06406595
v -0.31699309 -0.13312824 -0.07896290
v -0.30106663 -0.12490553 -0.08192872
v 0.34972418 0.08568887 0.02227401
v 0.35056557 0.06875096 -0.01270547
v 0.34652766 0.10668872 -0.01529458
v 0.34126535 0.12103881 0.02052645
v 0.34834253 0.09556202 0.00426115
v 0.34686222 0.03143177 -0.01059011
v 0.34968510 0.05276488 -0.05038027
v 0.34836088 0.04081445 -0.03024466
v 0.34465410 0.07712786 -0.08934308
v 0.34759415 0.09169863 -0.05263616
v 0.34870457 0.06497689 -0.07030787
v 0.33772147 0.12934090 -0.05547429
v 0.33540893 0.14407501 -0.01896900
v 0.34331091 0.11822857 -0.03550301
v -0.43777670 -0.14994860 -0.16954848
v -0.45182329 -0.12241319 -0.18137674
v -0.43878430 -0.13194284 -0.21041857
v -0.43757273 -0.14107541 -0.19163140
v -0.46317172 -0.11438364 -0.15042772
v -0.47206433 -0.08395308 -0.15850623
v -0.47206433 -0.08395308 -0.15850623
v -0.46361105 -0.09340200 -0.18775233
v -0.46323826 -0.10333130 -0.17041077
v -0.47237550 -0.06363975 -0.19035856
v -0.47237550 -0.06363975 -0.19035856
v -0.46144949 -0.07436164 -0.21715082
v -0.45226040 -0.10377132 -0.21521788
v -0.46333348 -0.08395784 -0.20311257
v -0.43772094 -0.11335168 -0.24142628
v -0.43911350 -0.12287430 -0.22677939
v 0.33409914 0.11413644 -0.09041795
v 0.31747301 0.14783019 -0.09199091
v 0.32073164 0.16372797 -0.05859802
v 0.32879113 0.13918556 -0.07431816
v 0.32608641 0.10000701 -0.12282408
v 0.33676780 0.08889373 -0.10680176
v 0.30049514 0.11920389 -0.15112298
v 0.31021342 0.13289518 -0.12288154
v 0.31364884 0.11019956 -0.13755131
v 0.29148936 0.16179051 -0.12364644
v 0.29718297 0.17738028 -0.09431194
v 0.30472070 0.15534233 -0.10844823
v -0.44631635 -0.08375887 -0.24304730
v -0.42770072 -0.09165520 -0.26764181
v -0.43376659 -0.10285828 -0.25507322
v -0.46591695 -0.04364928 -0.21755805
v -0.46591695 -0.04364928 -0.21755805
v -0.45043123 -0.05306764 -0.24311121
v -0.45700302 -0.06397589 -0.23052686
v -0.45085943 -0.02202239 -0.24203726
v -0.45085943 -0.02202239 -0.24203726
v -0.43266332 -0.03075486 -0.26538448
v -0.43188587 -0.06126536 -0.26713449
v -0.44217227 -0.04190485 -0.25477373
v -0.41103365 -0.06816112 -0.28922687
v -0.41997308 -0.08000196 -0.27905261
v 0.28402118 0.14713187 -0.15049646
v 0.26608586 0.17164830 -0.15011445
v 0.27183133 0.18700402 -0.12485187
v 0.27873158 0.16724225 -0.13754192
v 0.27482672 0.13292990 -0.17511552
v 0.28766486 0.12675126 -0.16368009
v 0.24779904 0.14153155 -0.19419067
v 0.25814253 0.15651142 -0.17323366
v 0.26164837 0.13782720 -0.18532146
v 0.23968157 0.17712269 -0.17120648
v 0.24682110 0.19310124 -0.14968586
v 0.25318968 0.17495820 -0.16134271
v -0.41255975 -0.03842192 -0.28665063
v -0.39082732 -0.04483055 -0.30546896
v -0.40133268 -0.05639205 -0.29808570
v -0.43065398 -0.00086451 -0.26262992
v -0.43065398 -0.00086451 -0.26262992
v -0.41116462 -0.00940710 -0.28288710
v -0.42234303 -0.01988518 -0.27481433
v -0.40685848 0.01836974 -0.27802372
v -0.40685848 0.01836974 -0.27802372
v -0.38604470 0.00993063 -0.29425827
v -0.38993812 -0.01678330 -0.30050701
v -0.39908079 0.00056853 -0.28942697
v -0.36722784 -0.02287253 -0.31517010
v -0.37947350 -0.03361225 -0.31121703
v 0.22973095 0.16121008 -0.19056850
v 0.20996876 0.17785266 -0.18664708
v 0.21937105 0.19470406 -0.16901013
v 0.22519899 0.17809195 -0.17968531
v 0.21732685 0.14558753 -0.20747854
v 0.23294741 0.14412888 -0.20161562
v 0.18471776 0.14495420 -0.21404266
v 0.19828663 0.16122059 -0.20173848
v 0.20117226 0.14587366 -0.21166048
v 0.17817494 0.17369689 -0.19549109
v 0.18898334 0.19132209 -0.18236550
v 0.19421812 0.17639179 -0.19195948
v -0.36363465 0.00267142 -0.30735622
v -0.34017708 -0.00338892 -0.31722575
v -0.35404765 -0.01274645 -0.31716822
v -0.37913561 0.03487626 -0.28675854
v -0.37913561 0.03487626 -0.28675854
v -0.35723802 0.02635328 -0.29826525
v -0.37201007 0.01856807 -0.29720537
v -0.34838599 0.04780181 -0.28805654
v -0.34838599 0.04780181 -0.28805654
v -0.32652350 0.03886039 -0.29471514
v -0.33446898 0.01888747 -0.30654968
v -0.34198863 0.03315986 -0.29743600
v -0.31134572 0.01240066 -0.31158309
v -0.32586161 0.00504519 -0.31535896
v 0.16565506 0.15635316 -0.20574591
v 0.14616889 0.16466632 -0.19684052
v 0.15744287 0.18294138 -0.18863612
v 0.16206547 0.16975427 -0.19710941
v 0.15189948 0.13946899 -0.21310109
v 0.16819833 0.14279601 -0.21450760
v 0.12110803 0.12958821 -0.20485861
v 0.13389250 0.14685724 -0.20223480
v 0.13610734 0.13504313 -0.20986947
v 0.11613487 0.15146276 -0.19074229
v 0.12673818 0.17002580 -0.18732612
v 0.13076597 0.15853511 -0.19470939
v -0.30446878 0.03073534 -0.29814025
v -0.28269106 0.02333979 -0.29849221
v -0.29687465 0.01852252 -0.30591254
v -0.31674757 0.05624566 -0.28182428
v -0.31674757 0.05624566 -0.28182428
v -0.29598661 0.04651794 -0.28371626
v -0.31110328 0.04332748 -0.29009951
v -0.28634826 0.05964062 -0.26848205
v -0.28634826 0.05964062 -0.26848205
v -0.26769681 0.04889330 -0.26614906
v -0.27565260 0.03741869 -0.28269484
v -0.28143174 0.04838766 -0.27569057
v -0.25615539 0.02877300 -0.27897565
v -0.26903707 0.02678032 -0.28946513
v 0.10526718 0.13342259 -0.19149266
v 0.09023392 0.13495998 -0.17752095
v 0.09906342 0.15351846 -0.17856053
v 0.10255632 0.14355170 -0.18496462
v 0.09455287 0.11593919 -0.18979642
v 0.10718669 0.12317425 -0.19811551
v 0.07397769 0.09955611 -0.16905764
v 0.08174023 0.11698617 -0.17426450
v 0.08341350 0.10802037 -0.18005802
v 0.07017963 0.11636860 -0.15821262
v 0.07632078 0.13456235 -0.16295491
v 0.07937331 0.12584615 -0.16855551
v -0.25002679 0.03847518 -0.26129374
v -0.23360721 0.02823190 -0.25427267
v -0.24428814 0.02924599 -0.26716724
v -0.25930583 0.05775311 -0.24896390
v -0.25930583 0.05775311 -0.24896390
v -0.24364615 0.04573306 -0.24311577
v -0.25504057 0.04799089 -0.25521746
v -0.23743046 0.05071691 -0.22458792
v -0.23743046 0.05071691 -0.22458792
v -0.22537541 0.03735815 -0.21627724
v -0.22930802 0.03384110 -0.23538141
v -0.23369672 0.04217118 -0.23006221
v -0.21649067 0.02186932 -0.22615129
v -0.22428394 0.02576213 -0.24052289
v 0.06496826 0.09873502 -0.15175546
v 0.05745228 0.09694268 -0.13405738
v 0.06012517 0.11450249 -0.14161577
v 0.06285761 0.10668565 -0.14663668
v 0.06090081 0.08153163 -0.14398843
v 0.06645295 0.09068386 -0.15695188
v 0.05599139 0.07980421 -0.12552249
v 0.05738238 0.07222695 -0.13041469
v 0.05143928 0.09463938 -0.11598008
v 0.05400898 0.08728507 -0.12070444
v -0.21491722 0.02385271 -0.20676417
v -0.20606400 0.01003363 -0.19649112
v -0.21039775 0.01658550 -0.21138903
v -0.22222363 0.03903288 -0.19705517
v -0.22222363 0.03903288 -0.19705517
v -0.21422687 0.02426459 -0.18741895
v -0.21886488 0.03134584 -0.20197940
v -0.21468748 0.02348784 -0.16820630
v -0.21468748 0.02348784 -0.16820630
v -0.20780290 0.00918486 -0.17735425
v -0.21152315 0.01624487 -0.17284607
v -0.20354516 0.00233746 -0.18171196
v 0.11439291 -0.02105192 0.02319067
v 0.10608715 -0.01155117 0.04359981
v 0.09535521 0.00963085 0.04343852
v 0.09535521 0.00963085 0.04343852
v 0.10325797 -0.00627621 0.03312170
v 0.13228810 -0.03800822 0.02573499
v 0.12905926 -0.03448318 0.01366431
v 0.13568788 -0.04960760 0.04840407
v 0.13568788 -0.04960760 0.04840407
v 0.11961666 -0.03129565 0.04539072
v 0.13463665 -0.04303803 0.03740435
v 0.10938386 -0.02394444 0.06557053
v 0.10938386 -0.02394444 0.06557053
v 0.10049731 -0.00192805 0.06460688
v 0.10049731 -0.00192805 0.06460688
v 0.10833706 -0.01739243 0.05458945
v 0.35220022 0.05276843 0.02255876
v 0.34934345 0.02466948 0.02417183
v 0.34732149 0.02692366 0.00789453
v 0.34547294 0.10182660 0.05305090
v 0.34547294 0.10182660 0.05305090
v 0.35399242 0.07194214 0.05096189
v 0.35164240 0.07790989 0.03785365
v 0.35089979 0.08968565 0.07530101
v 0.35089979 0.08968565 0.07530101
v 0.35956845 0.06430812 0.06961038
v 0.35956845 0.06430812 0.06961038
v 0.35722890 0.04457594 0.04854409
v 0.35666953 0.06750255 0.06156028
v 0.35689913 0.01906886 0.04755728
v 0.35689913 0.01906886 0.04755728
v 0.35253506 0.02204865 0.03720451
v 0.36496009 0.03899034 0.06444786
v 0.36993825 0.01262270 0.06300016
v 0.36243781 0.01573943 0.05579598
v 0.35611015 0.08390428 0.08750600
v 0.35611015 0.08390428 0.08750600
v 0.36704153 0.06099310 0.07890525
v 0.36258392 0.06207573 0.07507378
v 0.36645118 0.08400304 0.09369080
v 0.36645118 0.08400304 0.09369080
v 0.38558181 0.06302747 0.08549103
v 0.37938122 0.03637895 0.07429424
v 0.37426580 0.06124781 0.08205943
v 0.39412286 0.01086391 0.07703346
v 0.38018506 0.01028323 0.07025064
v 0.11981212 -0.04558555 0.06664802
v 0.10720322 -0.03968254 0.08723974
v 0.10082467 -0.01564502 0.08618765
v 0.10082467 -0.01564502 0.08618765
v 0.10860314 -0.03135167 0.07602281
v 0.13368687 -0.06709987 0.06907452
v 0.13502494 -0.05774945 0.05846731
v 0.13314148 -0.08796347 0.09784369
v 0.11739855 -0.06411118 0.09050625
v 0.13271276 -0.07729310 0.08170613
v 0.10738143 -0.05938705 0.11714054
v 0.09865915 -0.03255631 0.11121923
v 0.09865915 -0.03255631 0.11121923
v 0.10639337 -0.04900497 0.10051480
v 0.12152005 -0.08572916 0.12807627
v 0.11928239 -0.08230154 0.16220832
v 0.10414074 -0.05476001 0.14918732
v 0.11137672 -0.07089674 0.13841030
v 0.14200891 -0.10841888 0.14216407
v 0.13601210 -0.09874718 0.11896751
v 0.16701268 -0.12141569 0.18359082
v 0.14040158 -0.10554767 0.17525159
v 0.15181516 -0.11575523 0.16451917
v 0.15044189 -0.09986301 0.20892202
v 0.12545893 -0.07715676 0.19716367
v 0.13200271 -0.09236797 0.18641757
v 0.18224555 -0.11681098 0.21317844
v 0.20462750 -0.10315316 0.24186212
v 0.16884926 -0.08744844 0.23980182
v 0.17550419 -0.10355348 0.22760510
v 0.21631486 -0.12756889 0.20580092
v 0.18918154 -0.12606174 0.19693697
v 0.27575942 -0.11381828 0.21353194
v 0.24146556 -0.11304325 0.23299929
v 0.24640539 -0.12381299 0.21142830
v 0.26480904 -0.08893694 0.25468019
v 0.22808188 -0.08055580 0.26536626
v 0.23524982 -0.09837639 0.25108871
v 0.29609940 -0.08731218 0.23384705
v 0.31483169 -0.05695300 0.24504378
v 0.28445800 -0.05862002 0.26573260
v 0.29074316 -0.07454853 0.25203131
v 0.32327911 -0.07531118 0.20739611
v 0.30068272 -0.09660918 0.21182453
v 0.36990504 -0.03294394 0.19473089
v 0.34232386 -0.04671906 0.22041152
v 0.34565209 -0.05304780 0.20133540
v 0.36459158 -0.01910639 0.22565815
v 0.33457609 -0.02647368 0.24634817
v 0.33885466 -0.03789176 0.23561897
v 0.40892173 0.04160971 0.08373765
v 0.43236888 0.02388140 0.08892852
v 0.41269544 0.01650836 0.08283515
v 0.39405252 0.08973464 0.10167594
v 0.42190373 0.07025976 0.09670409
v 0.40231462 0.06651969 0.09015475
v 0.43427087 0.09532069 0.11762175
v 0.45941393 0.07262588 0.11807508
v 0.44711122 0.05002317 0.09843832
v 0.44179015 0.07278336 0.10579301
v 0.46361341 0.03178937 0.10658636
v 0.44961063 0.02964718 0.09658620
v 0.39613806 -0.01125162 0.20447255
v 0.42316881 0.01271430 0.20853165
v 0.39033034 0.00835880 0.22623174
v 0.39382151 -0.00233864 0.21706242
v 0.42613150 -0.00678652 0.18247087
v 0.39814157 -0.01812404 0.18867200
v 0.46692596 0.01076870 0.16565407
v 0.45088604 0.01308272 0.18764066
v 0.44964570 0.00287035 0.17543974
v 0.46871476 0.03889054 0.18645959
v 0.44486511 0.04103673 0.20872600
v 0.44925844 0.02635652 0.19876394
v 0.47514967 0.04717096 0.12516145
v 0.47819832 0.02226595 0.13491799
v 0.47357029 0.02829081 0.11970660
v 0.46569153 0.08945198 0.14602897
v 0.47889587 0.06070875 0.15225825
v 0.47221456 0.06832251 0.13420392
v 0.47257603 0.06940371 0.18149741
v 0.47972508 0.03237502 0.16012191
v 0.47816166 0.05061963 0.17031745
v 0.47621308 0.01682942 0.15119042
v -0.45425791 -0.14319469 -0.13600012
v -0.46577664 -0.14056872 -0.10224320
v -0.47209245 -0.11061127 -0.11697237
v -0.47209245 -0.11061127 -0.11697237
v -0.46436846 -0.12719637 -0.12714439
v -0.44674042 -0.16622715 -0.11556380
v -0.44169212 -0.15823941 -0.14330170
v -0.45169582 -0.18093818 -0.06464516
v -0.45897277 -0.16457145 -0.08406096
v -0.45034162 -0.17419165 -0.08900829
v -0.46502722 -0.16419000 -0.05432167
v -0.47217508 -0.14100608 -0.06964779
v -0.47217508 -0.14100608 -0.06964779
v -0.46634634 -0.15330018 -0.07740785
v -0.33565812 -0.12633087 -0.06464539
v -0.34987527 -0.14196261 -0.06597148
v -0.33374241 -0.13827200 -0.07340768
v -0.34295741 -0.10338400 -0.04908150
v -0.35275320 -0.12133930 -0.05195924
v -0.33882455 -0.11476288 -0.05658535
v -0.36857069 -0.11907759 -0.04032064
v -0.37647643 -0.13484640 -0.03824250
v -0.36383852 -0.13686088 -0.05175961
v -0.36554490 -0.12791516 -0.04602457
v -0.37557693 -0.15012504 -0.04717141
v -0.36395088 -0.14582540 -0.05736237
v -0.45585263 -0.17931020 -0.03951969
v -0.45456860 -0.17733563 -0.01841039
v -0.46463364 -0.16389931 -0.02934234
v -0.46463364 -0.16389931 -0.02934234
v -0.46076787 -0.17203725 -0.03466796
v -0.44633533 -0.18762379 -0.02604386
v -0.45000410 -0.18527236 -0.04348480
v -0.43681529 -0.18837702 -0.00350043
v -0.44471903 -0.18500730 -0.00906229
v -0.44175992 -0.18842180 -0.01284025
v -0.44034733 -0.18225839 0.00406079
v -0.44974432 -0.17550609 -0.00212461
v -0.44974432 -0.17550609 -0.00212461
v -0.44742814 -0.18057809 -0.00551284
v -0.38389424 -0.14869677 -0.03169322
v -0.39090282 -0.16029500 -0.02253801
v -0.38436010 -0.15512590 -0.03498959
v -0.38679040 -0.13651597 -0.02430821
v -0.39125664 -0.15032543 -0.01686849
v -0.38482548 -0.14248934 -0.02807464
v -0.39769800 -0.15409470 -0.00359495
v -0.40102562 -0.16450409 0.00326849
v -0.39573867 -0.16155428 -0.00855910
v -0.39643500 -0.15783656 -0.00597143
v -0.39992119 -0.16960099 -0.00285504
v -0.39580656 -0.16509861 -0.01153794
v -0.40485686 -0.17213345 0.00685087
v -0.40846046 -0.17774955 0.00570951
v -0.40409398 -0.17386473 0.00264400
v -0.40665185 -0.16716958 0.01129593
v -0.41039584 -0.17395199 0.01329367
v -0.40569255 -0.16980954 0.00950398
v -0.41606534 -0.17456816 0.01705764
v -0.41974542 -0.17954126 0.01576901
v -0.41415725 -0.17936664 0.01215570
v -0.41509397 -0.17712986 0.01519601
v -0.41796598 -0.18391076 0.00734965
v -0.41315510 -0.18111490 0.00709205
v -0.42337675 -0.18391097 0.01233658
v -0.42735494 -0.18754973 0.00557242
v -0.42268171 -0.18608816 0.00704161
v -0.42540544 -0.17858981 0.01760085
v -0.42540544 -0.17858981 0.01760085
v -0.42907462 -0.18253644 0.01397347
v -0.42431073 -0.18138544 0.01557120
v -0.43574110 -0.17949516 0.01267655
v -0.43574110 -0.17949516 0.01267655
v -0.43301815 -0.18584374 0.00712805
v -0.43432490 -0.18286912 0.01034613
v -0.43203988 -0.18819940 0.00234762
v 0.04959570 0.07545378 -0.06852006
v 0.04369302 0.09062455 -0.07864940
v 0.04687722 0.09234117 -0.09751563
v 0.04740534 0.08351449 -0.08316010
v 0.05786416 0.06201913 -0.03925838
v 0.05786416 0.06201913 -0.03925838
v 0.04923118 0.07622683 -0.04883393
v 0.05317353 0.06825638 -0.05381359
v 0.04912534 0.07930235 -0.02865804
v 0.04912534 0.07930235 -0.02865804
v 0.04148069 0.09006968 -0.05934621
v 0.04479594 0.08393804 -0.04407585
v 0.03896616 0.10610714 -0.08875694
v 0.03944798 0.09751896 -0.07429746
v -0.22490099 0.01835444 -0.11192430
v -0.21993004 0.02006689 -0.13042622
v -0.21993570 0.03694081 -0.13951226
v -0.22135564 0.02767112 -0.12551212
v -0.23806111 0.00021574 -0.08689783
v -0.23806111 0.00021574 -0.08689783
v -0.22898210 0.00107896 -0.10419225
v -0.23049504 0.00914959 -0.09897674
v -0.23423207 -0.01662411 -0.09776510
v -0.23423207 -0.01662411 -0.09776510
v -0.22138265 0.00288233 -0.12190890
v -0.22684581 -0.00689822 -0.10933286
v -0.21652523 0.02193986 -0.14919283
v -0.21791786 0.01255044 -0.13526996
v 0.06916178 0.05249880 -0.01161577
v 0.05897352 0.06677749 -0.01898057
v 0.06339208 0.05683913 -0.02507267
v 0.07904205 0.04546501 0.01167608
v 0.06973348 0.06147411 0.00844244
v 0.07457715 0.04877998 0.00075358
v 0.06949694 0.07314346 0.02807474
v 0.05958135 0.07461959 0.00163189
v 0.06482668 0.07369900 0.01556814
v 0.05420065 0.07634190 -0.01326639
v -0.25861756 -0.01631344 -0.06604409
v -0.24584092 -0.01726015 -0.08171410
v -0.24752248 -0.00828796 -0.07591597
v -0.28465567 -0.03073514 -0.04968197
v -0.26901431 -0.03405791 -0.06381195
v -0.27108267 -0.02381199 -0.05729497
v -0.27901568 -0.05256318 -0.06333476
v -0.25422416 -0.03533629 -0.07827679
v -0.26618245 -0.04417307 -0.07026119
v -0.24346611 -0.02612839 -0.08742893
v 0.08394224 0.03913150 0.02884903
v 0.07734916 0.05759287 0.03003901
v 0.08195985 0.04233584 0.02079246
v 0.08754440 0.03145284 0.04476764
v 0.08227427 0.05297672 0.04716182
v 0.08560038 0.03559095 0.03659208
v 0.08542234 0.06890215 0.06701953
v 0.07661726 0.07186299 0.04826498
v 0.08072478 0.07123022 0.05769047
v 0.07315083 0.07251624 0.03868346
v -0.31440803 -0.04313902 -0.03785280
v -0.29612498 -0.04883227 -0.05032061
v -0.29907345 -0.03703421 -0.04321782
v -0.34668434 -0.05762911 -0.03052446
v -0.32527818 -0.06291808 -0.04089476
v -0.33072947 -0.04947864 -0.03353663
v -0.33402284 -0.08356862 -0.04487598
v -0.30615293 -0.06804538 -0.05249014
v -0.32008844 -0.07566898 -0.04833776
v -0.29240060 -0.06043201 -0.05745009
v 0.32674156 0.15700098 0.01698457
v 0.31176513 0.16741302 0.05059375
v 0.33086516 0.13364371 0.05304070
v 0.32891098 0.14497269 0.03596186
v 0.31810460 0.17922282 -0.02347125
v 0.30803928 0.19227906 0.01189384
v 0.32344428 0.16874559 -0.00309250
v 0.28653674 0.22490914 0.00546987
v 0.29089288 0.20226219 0.04553364
v 0.28981822 0.21471357 0.02575960
v 0.29073422 0.17415449 0.08097738
v 0.29031632 0.18841061 0.06444951
v -0.48618046 -0.01142352 -0.13309625
v -0.48250234 -0.04440227 -0.13132679
v -0.48124630 -0.03941379 -0.09863199
v -0.48374141 -0.02367732 -0.11631159
v -0.48598125 0.00936499 -0.16269419
v -0.48439468 -0.02206003 -0.16279387
v -0.48716183 -0.00069664 -0.14839311
v -0.47762326 -0.03323485 -0.19076486
v -0.47944783 -0.05313212 -0.16191613
v -0.47943126 -0.04302427 -0.17685057
v -0.47760636 -0.07767911 -0.12687897
v -0.47854775 -0.06440221 -0.14543479
v 0.29937476 0.19385056 -0.06246534
v 0.29630438 0.21024124 -0.02875941
v 0.30981045 0.18744978 -0.04335299
v 0.27533418 0.20287003 -0.09729080
v 0.27609669 0.21964746 -0.06722334
v 0.28761101 0.19884901 -0.08053538
v 0.25232355 0.24169497 -0.07253563
v 0.27233819 0.23667841 -0.03513897
v 0.26273042 0.23967532 -0.05448275
v 0.28049148 0.23199358 -0.01499231
v -0.47549069 0.02986551 -0.18967703
v -0.47854093 -0.00181794 -0.19047596
v -0.48193513 0.01962505 -0.17649083
v -0.45727141 0.04941262 -0.21379437
v -0.46342514 0.01893293 -0.21568118
v -0.46711359 0.03986728 -0.20214736
v -0.44816389 0.00866011 -0.24009678
v -0.46645167 -0.01233073 -0.21697538
v -0.45797556 -0.00172011 -0.22899216
v -0.47314899 -0.02291979 -0.20418625
v 0.25137033 0.20906706 -0.12610747
v 0.25332929 0.22517543 -0.10042557
v 0.26335673 0.20633752 -0.11245932
v 0.22613416 0.21157115 -0.14910517
v 0.22994596 0.22820988 -0.12723364
v 0.23906558 0.21087308 -0.13830058
v 0.20737088 0.24433258 -0.12823598
v 0.23088713 0.24465982 -0.10343227
v 0.21948244 0.24504705 -0.11653176
v 0.24177147 0.24344932 -0.08880939
v -0.43457254 0.06640514 -0.23410279
v -0.44273210 0.03830056 -0.23742732
v -0.44643033 0.05828259 -0.22451318
v -0.40773253 0.08012309 -0.24909057
v -0.41817593 0.05502003 -0.25443971
v -0.42167938 0.07370919 -0.24236215
v -0.39962336 0.04445856 -0.27210597
v -0.42582970 0.02788336 -0.25896243
v -0.41322981 0.03654678 -0.26634418
v -0.43746141 0.01855794 -0.25015014
v 0.19768113 0.20909774 -0.16660098
v 0.20391985 0.22684275 -0.14846014
v 0.21226671 0.21097626 -0.15858752
v 0.16722988 0.20152807 -0.17763527
v 0.17509186 0.22020042 -0.16389843
v 0.18259587 0.20594495 -0.17299888
v 0.15207007 0.22797099 -0.16078107
v 0.18067221 0.23879323 -0.14767998
v 0.16650426 0.23402770 -0.15510295
v 0.19436436 0.24223815 -0.13867105
v -0.37690215 0.08999588 -0.25731228
v -0.38950416 0.06845262 -0.26515258
v -0.39271400 0.08557464 -0.25408776
v -0.34401763 0.09547906 -0.25828197
v -0.35769527 0.07794746 -0.26865820
v -0.36057701 0.09331978 -0.25872409
v -0.33747635 0.06671138 -0.27684662
v -0.36954963 0.05765933 -0.27818004
v -0.35362656 0.06275288 -0.27844982
v -0.38497242 0.05152884 -0.27605853
v 0.13657494 0.18906190 -0.18118890
v 0.14516917 0.20844483 -0.17232514
v 0.15180055 0.19585599 -0.18036317
v 0.10780651 0.17264016 -0.17715538
v 0.11604191 0.19224785 -0.17311327
v 0.12182158 0.18127897 -0.18011747
v 0.09626493 0.19275945 -0.16432945
v 0.12328177 0.21223831 -0.16641403
v 0.10942698 0.20288615 -0.16634301
v 0.13757942 0.22065402 -0.16455576
v -0.31131099 0.09611475 -0.25180153
v -0.32496073 0.08284242 -0.26470959
v -0.32750325 0.09640516 -0.25594490
v -0.28099951 0.09194682 -0.23844483
v -0.29350298 0.08280879 -0.25357364
v -0.29571739 0.09462325 -0.24593873
v -0.27602550 0.07007155 -0.25256160
v -0.30558108 0.07091481 -0.26806380
v -0.29037596 0.07113110 -0.26109892
v -0.32137111 0.06943660 -0.27334852
v 0.08299310 0.15337200 -0.16570824
v 0.08978412 0.17279304 -0.16623351
v 0.09479830 0.16327886 -0.17230814
v 0.06378399 0.13263149 -0.14777873
v 0.06820010 0.15141612 -0.15217507
v 0.07258911 0.14309707 -0.15748773
v 0.05489529 0.14807898 -0.13792653
v 0.07295263 0.17086442 -0.15455770
v 0.06317406 0.15948538 -0.14703930
v 0.08404445 0.18202053 -0.16036114
v -0.25521723 0.08318202 -0.21901799
v -0.26551239 0.07785209 -0.23603046
v -0.26743394 0.08810131 -0.22940707
v -0.23561594 0.07050119 -0.19495024
v -0.24286396 0.06831126 -0.21326618
v -0.24454553 0.07728345 -0.20746804
v -0.23178690 0.05366134 -0.20581751
v -0.25089063 0.06415438 -0.23129709
v -0.24048915 0.05944302 -0.21898101
v -0.26279991 0.06772141 -0.24255883
v 0.05159734 0.11183068 -0.12450560
v 0.05282715 0.12960754 -0.13194839
v 0.05677501 0.12215252 -0.13671350
v 0.04456834 0.10885082 -0.10688687
v 0.04828634 0.10183666 -0.11136849
v 0.04342635 0.12596580 -0.11548053
v 0.04030343 0.11565544 -0.10255201
v 0.04830144 0.13683966 -0.12733941
v -0.22363600 0.05471587 -0.16782406
v -0.22711112 0.05485946 -0.18687098
v -0.22862356 0.06293022 -0.18165537
v -0.21929224 0.03840006 -0.15861047
v -0.22071784 0.04600428 -0.15369637
v -0.22011767 0.03924377 -0.17780867
v -0.21728007 0.03088360 -0.16345421
v -0.22497484 0.04688228 -0.19201159
v 0.09338282 0.02075350 0.06432571
v 0.08870198 0.04427516 0.06510297
v 0.09038545 0.02645613 0.05412199
v 0.09688347 0.00784163 0.08596371
v 0.09688347 0.00784163 0.08596371
v 0.09490243 0.03154788 0.08570962
v 0.09579574 0.01449773 0.07504942
v 0.09957502 0.04222046 0.10731877
v 0.09957502 0.04222046 0.10731877
v 0.09536798 0.05587253 0.08596664
v 0.09848654 0.04888474 0.09637981
v 0.09065804 0.06316373 0.07631224
v 0.30052918 0.14879479 0.10380767
v 0.31641243 0.14376990 0.08094314
v 0.29479431 0.16049018 0.09358762
v 0.31131456 0.13498166 0.12192417
v 0.31131456 0.13498166 0.12192417
v 0.32470593 0.12727561 0.10160223
v 0.30597324 0.14044640 0.11316568
v 0.34327938 0.10572809 0.09618444
v 0.34327938 0.10572809 0.09618444
v 0.33662995 0.11609157 0.07928711
v 0.33996353 0.10998271 0.08881453
v 0.33351764 0.12399767 0.06742247
v 0.32351696 0.13066312 0.13873207
v 0.33322927 0.11967572 0.11621367
v 0.31674183 0.13193552 0.13034462
v 0.34656349 0.13179825 0.15462205
v 0.34666337 0.11957414 0.12767029
v 0.33290131 0.13051669 0.14738956
v 0.36862879 0.10613574 0.11314827
v 0.35060655 0.10278409 0.10571735
v 0.35754825 0.10375732 0.10933252
v 0.34633850 0.10338471 0.10157664
v 0.09421167 -0.00664755 0.10843420
v 0.09473201 0.01818832 0.10756382
v 0.09590477 0.00093784 0.09673899
v 0.09409313 -0.02559746 0.13881914
v 0.09117874 0.00256075 0.13328137
v 0.09315728 -0.01534814 0.12210821
v 0.09419882 0.01106022 0.16137493
v 0.09584471 0.02912547 0.13081040
v 0.09401390 0.02111065 0.14483963
v 0.09819659 0.03589796 0.11854926
v 0.10665679 -0.05019706 0.18280578
v 0.09573472 -0.02016202 0.17014258
v 0.09837228 -0.03782895 0.15962581
v 0.13789411 -0.06795640 0.22939254
v 0.11613409 -0.04384010 0.21484169
v 0.11960971 -0.06085493 0.20663558
v 0.13220822 -0.03291465 0.24037098
v 0.10532210 -0.01513138 0.20201511
v 0.11671002 -0.02648960 0.22178987
v 0.09789295 -0.00181751 0.18115527
v 0.19033924 -0.06682085 0.26517206
v 0.15627763 -0.05077958 0.25554261
v 0.16217302 -0.06965487 0.24935363
v 0.24990443 -0.05103739 0.27899564
v 0.21208046 -0.03832257 0.28093829
v 0.22028544 -0.06032486 0.27550166
v 0.23294064 -0.00493837 0.28338669
v 0.17583963 -0.02464818 0.27183239
v 0.20368684 -0.01518794 0.28111954
v 0.15196581 -0.03142930 0.25765089
v 0.30300498 -0.02687995 0.26433793
v 0.26911934 -0.01870707 0.27786245
v 0.27708892 -0.03982841 0.27430691
v 0.35569771 0.00350901 0.24016765
v 0.32227103 0.00427143 0.25312581
v 0.32881922 -0.01237357 0.25199084
v 0.34304901 0.03534578 0.23854395
v 0.28843605 0.01328802 0.26423923
v 0.31561800 0.02332312 0.25033316
v 0.26103372 0.00421063 0.27650811
v 0.38762577 0.13765455 0.16192266
v 0.37603924 0.12522354 0.13738229
v 0.36617189 0.13480880 0.15873390
v 0.42236005 0.13668874 0.17388729
v 0.41564807 0.13002790 0.14976745
v 0.40682504 0.13844271 0.16638681
v 0.44319804 0.11385978 0.14452977
v 0.40502208 0.11318653 0.12424488
v 0.42517676 0.11502803 0.13289618
v 0.38531334 0.10975066 0.11789071
v 0.41316832 0.03814364 0.22484650
v 0.37813310 0.03453153 0.23384593
v 0.38480601 0.02058604 0.23177035
v 0.45575332 0.07184899 0.20760495
v 0.42886620 0.06907494 0.22356393
v 0.43780936 0.05546934 0.21744203
v 0.43349286 0.09578265 0.22019699
v 0.39735705 0.06638136 0.22941364
v 0.41881163 0.08127545 0.22574259
v 0.37119926 0.05038507 0.23262581
v 0.43841014 0.12343964 0.19982861
v 0.44532667 0.12300511 0.17381483
v 0.43282078 0.13190896 0.18618554
v 0.45283197 0.10075903 0.20399545
v 0.43932953 0.11061719 0.21136241
v 0.46386127 0.09893886 0.17678577
v 0.46402391 0.08656921 0.19338185
v 0.45650608 0.10826615 0.15983081
v -0.47732213 -0.11121076 -0.08340784
v -0.48027259 -0.07704438 -0.09355965
v -0.47749951 -0.09380663 -0.10572233
v -0.47314326 -0.14355247 -0.04108112
v -0.47805737 -0.11604299 -0.05292625
v -0.47617123 -0.12831737 -0.06137948
v -0.47418098 -0.12376273 -0.02796276
v -0.47922168 -0.08363359 -0.06257367
v -0.47755560 -0.10499173 -0.04461127
v -0.48009571 -0.06058647 -0.08064991
v -0.37332356 -0.08233813 -0.02771784
v -0.35363711 -0.08061376 -0.03531438
v -0.36091917 -0.06916672 -0.02907138
v -0.39199145 -0.10838606 -0.02039268
v -0.37738861 -0.10240562 -0.02965394
v -0.38378554 -0.09538967 -0.02500401
v -0.38216420 -0.12038349 -0.02896345
v -0.36076237 -0.10097352 -0.03889304
v -0.37241806 -0.11043804 -0.03481167
v -0.34777239 -0.09201023 -0.04198779
v -0.45978153 -0.16408015 -0.00990599
v -0.46860450 -0.14688465 -0.01871623
v -0.46733370 -0.15534161 -0.02395644
v -0.44360107 -0.17398474 0.00936896
v -0.45271781 -0.16466795 0.00398696
v -0.45152415 -0.17016272 0.00116941
v -0.44627519 -0.16432232 0.01193249
v -0.46079991 -0.15084314 -0.00244628
v -0.45327490 -0.15914142 0.00594534
v -0.46818243 -0.13904836 -0.01382858
v -0.40146138 -0.13344660 -0.00531271
v -0.39296226 -0.12563854 -0.01689961
v -0.39762663 -0.12139166 -0.01334651
v -0.40703049 -0.15152339 0.00874312
v -0.40147090 -0.14697832 0.00079248
v -0.40426494 -0.14359058 0.00226110
v -0.40338446 -0.15850601 0.00711672
v -0.39491236 -0.14102966 -0.01090454
v -0.39932911 -0.15047740 -0.00124997
v -0.38942660 -0.13078957 -0.02056834
v -0.41521601 -0.16057148 0.01673056
v -0.40913614 -0.16125209 0.01383209
v -0.41074866 -0.15694315 0.01350048
v -0.42540987 -0.16498238 0.01949365
v -0.41852300 -0.16826538 0.01927801
v -0.42022807 -0.16312969 0.01863093
v -0.42193115 -0.17398337 0.01933482
v -0.41241873 -0.16880817 0.01659382
v -0.41717198 -0.17184589 0.01858608
v -0.40778502 -0.16448879 0.01291765
v -0.43534461 -0.16723354 0.01860680
v -0.42814552 -0.17178490 0.02011638
v -0.43038697 -0.16649515 0.01961202
v -0.43853153 -0.17182426 0.01612261
v -0.44046954 -0.16676439 0.01609981
v -0.43150054 -0.17636780 0.01793112
v -0.43704968 -0.17594055 0.01479134
v -0.42658470 -0.17560318 0.01928096
f 1494 1493 1490
f 1 1490 1493
f 418 1492 1491
f 1494 1491 1492
f 1498 1491 1495
f 413 1495 1491
f 414 1497 1496
f 1498 1496 1497
f 1503 1502 1497
f 418 1497 1502
f 16 1501 1499
f 1503 1499 1501
f 1507 1506 1492
f 417 1492 1506
f 416 1504 1502
f 1507 1502 1504
f 1511 1496 1508
f 2 1508 1496
f 423 1510 1509
f 1511 1509 1510
f 1515 1509 1512
f 419 1512 1509
f 420 1514 1513
f 1515 1513 1514
f 1520 1519 1514
f 423 1514 1519
f 18 1518 1516
f 1520 1516 1518
f 1523 1499 1510
f 414 1510 1499
f 421 1521 1519
f 1523 1519 1521
f 1527 1513 1524
f 3 1524 1513
f 428 1526 1525
f 1527 1525 1526
f 1531 1525 1528
f 424 1528 1525
f 425 1530 1529
f 1531 1529 1530
f 1536 1535 1530
f 428 1530 1535
f 19 1533 1532
f 1536 1532 1533
f 1539 1516 1526
f 420 1526 1516
f 427 1537 1535
f 1539 1535 1537
f 1543 1529 1540
f 4 1540 1529
f 433 1542 1541
f 1543 1541 1542
f 1541 429 1547
f 1544 1547 429
f 1546 1547 430
f 1545 430 1547
f 1552 1551 1546
f 433 1546 1551
f 21 1550 1548
f 1552 1548 1550
f 1555 1532 1542
f 425 1542 1532
f 432 1554 1551
f 1555 1551 1554
f 1545 5 1559
f 1556 1559 5
f 1558 1559 439
f 1557 439 1559
f 1557 434 1564
f 1560 1564 434
f 1563 1564 436
f 1561 436 1564
f 1569 439 1570
f 1563 1570 439
f 1568 1570 24
f 1565 24 1570
f 1548 430 1573
f 1558 1573 430
f 1571 1573 437
f 1569 437 1573
f 1562 6 1577
f 1574 1577 6
f 1576 1577 444
f 1575 444 1577
f 1581 1575 1578
f 440 1578 1575
f 441 1580 1579
f 1581 1579 1580
f 1586 1585 1580
f 444 1580 1585
f 28 1583 1582
f 1586 1582 1583
f 1566 435 1589
f 1576 1589 435
f 1588 1589 442
f 1585 442 1589
f 1579 8 1593
f 1590 1593 8
f 1592 1593 449
f 1591 449 1593
f 1597 1591 1594
f 445 1594 1591
f 446 1596 1595
f 1597 1595 1596
f 1602 1601 1596
f 449 1596 1601
f 30 1600 1598
f 1602 1598 1600
f 1582 441 1605
f 1592 1605 441
f 1604 1605 447
f 1601 447 1605
f 1595 9 1609
f 1606 1609 9
f 1608 1609 454
f 1607 454 1609
f 1613 1607 1610
f 450 1610 1607
f 451 1612 1611
f 1613 1611 1612
f 1618 1617 1612
f 454 1612 1617
f 31 1616 1614
f 1618 1614 1616
f 1598 446 1621
f 1608 1621 446
f 1619 1621 452
f 1617 452 1621
f 1611 10 1625
f 1622 1625 10
f 1624 1625 459
f 1623 459 1625
f 1629 1623 1626
f 455 1626 1623
f 456 1628 1627
f 1629 1627 1628
f 1634 1633 1628
f 459 1628 1633
f 33 1632 1630
f 1634 1630 1632
f 1614 451 1637
f 1624 1637 451
f 1635 1637 458
f 1633 458 1637
f 1627 11 1641
f 1638 1641 11
f 1640 1641 464
f 1639 464 1641
f 1645 1639 1642
f 460 1642 1639
f 461 1644 1643
f 1645 1643 1644
f 1650 1649 1644
f 464 1644 1649
f 35 1647 1646
f 1650 1646 1647
f 1630 456 1653
f 1640 1653 456
f 1651 1653 463
f 1649 463 1653
f 14 1505 1656
f 1657 1656 1505
f 1657 1654 1655
f 468 1655 1654
f 1660 1654 1500
f 415 1500 1654
f 1660 1658 1659
f 465 1659 1658
f 468 1659 1663
f 1664 1663 1659
f 1664 1661 1662
f 38 1662 1661
f 467 1655 1666
f 1667 1666 1655
f 1667 1663 1665
f 466 1665 1663
f 1670 1658 1522
f 15 1522 1658
f 471 1669 1668
f 1670 1668 1669
f 1673 1668 1517
f 422 1517 1668
f 469 1672 1671
f 1673 1671 1672
f 1677 1676 1672
f 471 1672 1676
f 39 1675 1674
f 1677 1674 1675
f 1679 1661 1669
f 465 1669 1661
f 470 1678 1676
f 1679 1676 1678
f 1682 1671 1538
f 17 1538 1671
f 474 1681 1680
f 1682 1680 1681
f 1685 1680 1534
f 426 1534 1680
f 472 1684 1683
f 1685 1683 1684
f 1689 1688 1684
f 474 1684 1688
f 1687 1689 40
f 1686 40 1689
f 1691 1674 1681
f 469 1681 1674
f 473 1690 1688
f 1691 1688 1690
f 1694 1683 1553
f 20 1553 1683
f 477 1693 1692
f 1694 1692 1693
f 1697 1692 1549
f 431 1549 1692
f 475 1696 1695
f 1697 1695 1696
f 1701 1700 1696
f 477 1696 1700
f 41 1699 1698
f 1701 1698 1699
f 1703 1686 1693
f 472 1693 1686
f 1702 1703 476
f 1700 476 1703
f 1706 1695 1572
f 22 1572 1695
f 481 1705 1704
f 1706 1704 1705
f 1704 438 1710
f 1567 1710 438
f 479 1709 1708
f 1710 1708 1709
f 1715 1714 1709
f 481 1709 1714
f 43 1713 1711
f 1715 1711 1713
f 1717 1698 1705
f 475 1705 1698
f 480 1716 1714
f 1717 1714 1716
f 1707 26 1720
f 1587 1720 26
f 1719 1720 484
f 1718 484 1720
f 1723 1718 1584
f 443 1584 1718
f 482 1722 1721
f 1723 1721 1722
f 1727 1726 1722
f 484 1722 1726
f 44 1725 1724
f 1727 1724 1725
f 1712 478 1729
f 1719 1729 478
f 1728 1729 483
f 1726 483 1729
f 1721 27 1732
f 1603 1732 27
f 1731 1732 487
f 1730 487 1732
f 1735 1730 1599
f 448 1599 1730
f 485 1734 1733
f 1735 1733 1734
f 1739 1738 1734
f 487 1734 1738
f 45 1737 1736
f 1739 1736 1737
f 1724 482 1741
f 1731 1741 482
f 1740 1741 486
f 1738 486 1741
f 1733 29 1744
f 1620 1744 29
f 1743 1744 490
f 1742 490 1744
f 1747 1742 1615
f 453 1615 1742
f 488 1746 1745
f 1747 1745 1746
f 1751 1750 1746
f 490 1746 1750
f 46 1749 1748
f 1751 1748 1749
f 1736 485 1753
f 1743 1753 485
f 1752 1753 489
f 1750 489 1753
f 1745 32 1756
f 1636 1756 32
f 493 1755 1754
f 1756 1754 1755
f 1759 1754 1631
f 457 1631 1754
f 491 1758 1757
f 1759 1757 1758
f 1763 1762 1758
f 493 1758 1762
f 47 1761 1760
f 1763 1760 1761
f 1748 488 1765
f 1755 1765 488
f 492 1764 1762
f 1765 1762 1764
f 1757 34 1768
f 1652 1768 34
f 496 1767 1766
f 1768 1766 1767
f 1771 1766 1648
f 462 1648 1766
f 494 1770 1769
f 1771 1769 1770
f 1775 1774 1770
f 496 1770 1774
f 48 1773 1772
f 1775 1772 1773
f 1777 1760 1767
f 491 1767 1760
f 495 1776 1774
f 1777 1774 1776
f 37 1665 1780
f 1781 1780 1665
f 1781 1778 1779
f 500 1779 1778
f 466 1662 1778
f 1784 1778 1662
f 1784 1782 1783
f 497 1783 1782
f 500 1783 1787
f 1788 1787 1783
f 1788 1785 1786
f 50 1786 1785
f 499 1779 1790
f 1791 1790 1779
f 1791 1787 1789
f 498 1789 1787
f 38 1678 1782
f 1794 1782 1678
f 1794 1792 1793
f 503 1793 1792
f 1797 1792 1675
f 470 1675 1792
f 501 1796 1795
f 1797 1795 1796
f 1801 1800 1796
f 503 1796 1800
f 1799 1801 51
f 1798 51 1801
f 497 1793 1785
f 1803 1785 1793
f 1803 1800 1802
f 502 1802 1800
f 1795 39 1806
f 1690 1806 39
f 1805 1806 506
f 1804 506 1806
f 1804 473 1809
f 1687 1809 473
f 504 1808 1807
f 1809 1807 1808
f 1812 506 1813
f 1808 1813 506
f 52 1811 1810
f 1813 1810 1811
f 1798 501 1815
f 1805 1815 501
f 1812 505 1815
f 1814 1815 505
f 1818 1807 1702
f 40 1702 1807
f 509 1817 1816
f 1818 1816 1817
f 1821 1816 1699
f 476 1699 1816
f 507 1820 1819
f 1821 1819 1820
f 1825 1824 1820
f 509 1820 1824
f 53 1823 1822
f 1825 1822 1823
f 1827 1810 1817
f 504 1817 1810
f 508 1826 1824
f 1827 1824 1826
f 1830 1819 1716
f 41 1716 1819
f 513 1829 1828
f 1830 1828 1829
f 1834 1828 1713
f 480 1713 1828
f 510 1833 1831
f 1834 1831 1833
f 1839 1838 1833
f 513 1833 1838
f 54 1837 1836
f 1839 1836 1837
f 1841 1822 1829
f 507 1829 1822
f 512 1840 1838
f 1841 1838 1840
f 1844 1832 1728
f 42 1728 1832
f 516 1843 1842
f 1844 1842 1843
f 1847 1842 1725
f 483 1725 1842
f 514 1846 1845
f 1847 1845 1846
f 1851 1850 1846
f 516 1846 1850
f 56 1849 1848
f 1851 1848 1849
f 1853 1835 1843
f 511 1843 1835
f 515 1852 1850
f 1853 1850 1852
f 1856 1845 1740
f 44 1740 1845
f 519 1855 1854
f 1856 1854 1855
f 1859 1854 1737
f 486 1737 1854
f 517 1858 1857
f 1859 1857 1858
f 1863 1862 1858
f 519 1858 1862
f 57 1861 1860
f 1863 1860 1861
f 1865 1848 1855
f 514 1855 1848
f 518 1864 1862
f 1865 1862 1864
f 1868 1857 1752
f 45 1752 1857
f 522 1867 1866
f 1868 1866 1867
f 1871 1866 1749
f 489 1749 1866
f 520 1870 1869
f 1871 1869 1870
f 1875 1874 1870
f 522 1870 1874
f 58 1873 1872
f 1875 1872 1873
f 1877 1860 1867
f 517 1867 1860
f 521 1876 1874
f 1877 1874 1876
f 1880 1869 1764
f 46 1764 1869
f 525 1879 1878
f 1880 1878 1879
f 1883 1878 1761
f 492 1761 1878
f 523 1882 1881
f 1883 1881 1882
f 1887 1886 1882
f 525 1882 1886
f 59 1885 1884
f 1887 1884 1885
f 1889 1872 1879
f 520 1879 1872
f 524 1888 1886
f 1889 1886 1888
f 1892 1881 1776
f 47 1776 1881
f 528 1891 1890
f 1892 1890 1891
f 1895 1890 1773
f 495 1773 1890
f 526 1894 1893
f 1895 1893 1894
f 1899 1898 1894
f 528 1894 1898
f 60 1897 1896
f 1899 1896 1897
f 1901 1884 1891
f 523 1891 1884
f 527 1900 1898
f 1901 1898 1900
f 49 1789 1904
f 1905 1904 1789
f 1905 1902 1903
f 532 1903 1902
f 498 1786 1902
f 1908 1902 1786
f 1908 1906 1907
f 529 1907 1906
f 532 1907 1911
f 1912 1911 1907
f 1912 1909 1910
f 62 1910 1909
f 531 1903 1914
f 1915 1914 1903
f 530 1913 1911
f 1915 1911 1913
f 50 1802 1906
f 1918 1906 1802
f 1918 1916 1917
f 535 1917 1916
f 1921 1916 1799
f 502 1799 1916
f 1919 533 1921
f 1920 1921 533
f 1920 1925 535
f 1924 535 1925
f 1922 63 1925
f 1923 1925 63
f 529 1917 1909
f 1927 1909 1917
f 1926 1927 534
f 1924 534 1927
f 1814 1930 51
f 1919 51 1930
f 1928 538 1930
f 1929 1930 538
f 1811 1933 505
f 1928 505 1933
f 536 1932 1931
f 1933 1931 1932
f 1932 1937 538
f 1936 538 1937
f 1935 1937 64
f 1934 64 1937
f 1929 1939 533
f 1922 533 1939
f 1936 537 1939
f 1938 1939 537
f 1942 1931 1826
f 52 1826 1931
f 541 1941 1940
f 1942 1940 1941
f 1945 1940 1823
f 508 1823 1940
f 539 1944 1943
f 1945 1943 1944
f 1949 1948 1944
f 541 1944 1948
f 65 1947 1946
f 1949 1946 1947
f 1934 536 1951
f 1941 1951 536
f 1950 1951 540
f 1948 540 1951
f 1954 1943 1840
f 53 1840 1943
f 545 1953 1952
f 1954 1952 1953
f 1958 1952 1837
f 512 1837 1952
f 543 1957 1955
f 1958 1955 1957
f 1963 1962 1957
f 545 1957 1962
f 66 1961 1959
f 1963 1959 1961
f 1965 1946 1953
f 539 1953 1946
f 544 1964 1962
f 1965 1962 1964
f 1968 1956 1852
f 55 1852 1956
f 548 1967 1966
f 1968 1966 1967
f 1971 1966 1849
f 515 1849 1966
f 546 1970 1969
f 1971 1969 1970
f 1975 1974 1970
f 548 1970 1974
f 68 1973 1972
f 1975 1972 1973
f 1977 1960 1967
f 542 1967 1960
f 547 1976 1974
f 1977 1974 1976
f 1980 1969 1864
f 56 1864 1969
f 551 1979 1978
f 1980 1978 1979
f 1983 1978 1861
f 518 1861 1978
f 549 1982 1981
f 1983 1981 1982
f 1987 1986 1982
f 551 1982 1986
f 69 1985 1984
f 1987 1984 1985
f 1989 1972 1979
f 546 1979 1972
f 1988 1989 550
f 1986 550 1989
f 1992 1981 1876
f 57 1876 1981
f 554 1991 1990
f 1992 1990 1991
f 1995 1990 1873
f 521 1873 1990
f 552 1994 1993
f 1995 1993 1994
f 1999 1998 1994
f 554 1994 1998
f 70 1997 1996
f 1999 1996 1997
f 2001 1984 1991
f 549 1991 1984
f 2000 2001 553
f 1998 553 2001
f 2004 1993 1888
f 58 1888 1993
f 557 2003 2002
f 2004 2002 2003
f 2007 2002 1885
f 524 1885 2002
f 555 2006 2005
f 2007 2005 2006
f 2011 2010 2006
f 557 2006 2010
f 71 2009 2008
f 2011 2008 2009
f 2013 1996 2003
f 552 2003 1996
f 556 2012 2010
f 2013 2010 2012
f 1900 2016 59
f 2005 59 2016
f 2014 560 2016
f 2015 2016 560
f 1897 2019 527
f 2014 527 2019
f 2019 2017 2018
f 558 2018 2017
f 2018 2023 560
f 2022 560 2023
f 2023 2020 2021
f 72 2021 2020
f 2025 2008 2015
f 555 2015 2008
f 559 2024 2022
f 2025 2022 2024
f 1913 2029 61
f 2028 61 2029
f 2026 564 2029
f 2027 2029 564
f 2026 530 2032
f 1910 2032 530
f 2030 561 2032
f 2031 2032 561
f 2031 2036 564
f 2035 564 2036
f 2034 2036 74
f 2033 74 2036
f 2027 2039 563
f 2038 563 2039
f 2035 562 2039
f 2037 2039 562
f 1926 2042 62
f 2030 62 2042
f 2040 567 2042
f 2041 2042 567
f 1923 2045 534
f 2040 534 2045
f 2043 565 2045
f 2044 2045 565
f 2044 2049 567
f 2048 567 2049
f 2046 75 2049
f 2047 2049 75
f 2041 2051 561
f 2033 561 2051
f 2048 566 2051
f 2050 2051 566
f 1938 2054 63
f 2043 63 2054
f 2052 570 2054
f 2053 2054 570
f 1935 2057 537
f 2052 537 2057
f 2056 2057 568
f 2055 568 2057
f 2060 570 2061
f 2056 2061 570
f 2059 2061 76
f 2058 76 2061
f 2053 2063 565
f 2046 565 2063
f 2060 569 2063
f 2062 2063 569
f 2055 64 2066
f 1950 2066 64
f 2065 2066 573
f 2064 573 2066
f 2069 2064 1947
f 540 1947 2064
f 571 2068 2067
f 2069 2067 2068
f 2072 573 2073
f 2068 2073 573
f 77 2071 2070
f 2073 2070 2071
f 2058 568 2075
f 2065 2075 568
f 2074 2075 572
f 2072 572 2075
f 2078 2067 1964
f 65 1964 2067
f 577 2077 2076
f 2078 2076 2077
f 2082 2076 1961
f 544 1961 2076
f 574 2081 2079
f 2082 2079 2081
f 2087 2086 2081
f 577 2081 2086
f 78 2085 2084
f 2087 2084 2085
f 2089 2070 2077
f 571 2077 2070
f 576 2088 2086
f 2089 2086 2088
f 2092 2080 1976
f 67 1976 2080
f 580 2091 2090
f 2092 2090 2091
f 2095 2090 1973
f 547 1973 2090
f 578 2094 2093
f 2095 2093 2094
f 2099 2098 2094
f 580 2094 2098
f 80 2097 2096
f 2099 2096 2097
f 2101 2083 2091
f 575 2091 2083
f 579 2100 2098
f 2101 2098 2100
f 2093 68 2104
f 1988 2104 68
f 2103 2104 583
f 2102 583 2104
f 2107 2102 1985
f 550 1985 2102
f 581 2106 2105
f 2107 2105 2106
f 2111 2110 2106
f 583 2106 2110
f 81 2109 2108
f 2111 2108 2109
f 2096 578 2113
f 2103 2113 578
f 2112 2113 582
f 2110 582 2113
f 2105 69 2116
f 2000 2116 69
f 2115 2116 586
f 2114 586 2116
f 2119 2114 1997
f 553 1997 2114
f 584 2118 2117
f 2119 2117 2118
f 2123 2122 2118
f 586 2118 2122
f 82 2121 2120
f 2123 2120 2121
f 2108 581 2125
f 2115 2125 581
f 2124 2125 585
f 2122 585 2125
f 2117 70 2128
f 2012 2128 70
f 589 2127 2126
f 2128 2126 2127
f 2131 2126 2009
f 556 2009 2126
f 587 2130 2129
f 2131 2129 2130
f 2135 2134 2130
f 589 2130 2134
f 83 2133 2132
f 2135 2132 2133
f 2120 584 2137
f 2127 2137 584
f 588 2136 2134
f 2137 2134 2136
f 2140 2129 2024
f 71 2024 2129
f 2140 2138 2139
f 592 2139 2138
f 559 2021 2138
f 2143 2138 2021
f 590 2142 2141
f 2143 2141 2142
f 592 2142 2146
f 2147 2146 2142
f 84 2145 2144
f 2147 2144 2145
f 2149 2132 2139
f 587 2139 2132
f 591 2148 2146
f 2149 2146 2148
f 73 2037 2152
f 2153 2152 2037
f 2153 2150 2151
f 596 2151 2150
f 2150 562 2156
f 2034 2156 562
f 2155 2156 593
f 2154 593 2156
f 596 2155 2159
f 2160 2159 2155
f 2158 2160 86
f 2157 86 2160
f 595 2151 2162
f 2163 2162 2151
f 2163 2159 2161
f 594 2161 2159
f 2154 74 2166
f 2050 2166 74
f 2165 2166 599
f 2164 599 2166
f 2047 2169 566
f 2164 566 2169
f 2167 597 2169
f 2168 2169 597
f 2172 599 2173
f 2168 2173 599
f 2171 2173 87
f 2170 87 2173
f 2157 593 2175
f 2165 2175 593
f 2174 2175 598
f 2172 598 2175
f 2062 2178 75
f 2167 75 2178
f 2177 2178 602
f 2176 602 2178
f 2176 569 2181
f 2059 2181 569
f 2180 2181 600
f 2179 600 2181
f 2184 602 2185
f 2180 2185 602
f 2183 2185 88
f 2182 88 2185
f 2170 597 2187
f 2177 2187 597
f 2186 2187 601
f 2184 601 2187
f 2179 76 2190
f 2074 2190 76
f 2189 2190 605
f 2188 605 2190
f 2188 572 2193
f 2071 2193 572
f 2192 2193 603
f 2191 603 2193
f 2196 605 2197
f 2192 2197 605
f 2195 2197 89
f 2194 89 2197
f 2182 600 2199
f 2189 2199 600
f 2198 2199 604
f 2196 604 2199
f 2191 77 2202
f 2088 2202 77
f 2201 2202 609
f 2200 609 2202
f 2206 2200 2085
f 576 2085 2200
f 607 2205 2204
f 2206 2204 2205
f 2211 2210 2205
f 609 2205 2210
f 91 2209 2207
f 2211 2207 2209
f 2194 603 2213
f 2201 2213 603
f 2212 2213 608
f 2210 608 2213
f 2216 2203 2100
f 79 2100 2203
f 612 2215 2214
f 2216 2214 2215
f 2219 2214 2097
f 579 2097 2214
f 610 2218 2217
f 2219 2217 2218
f 2223 2222 2218
f 612 2218 2222
f 92 2221 2220
f 2223 2220 2221
f 2225 2208 2215
f 606 2215 2208
f 611 2224 2222
f 2225 2222 2224
f 2217 80 2228
f 2112 2228 80
f 2227 2228 615
f 2226 615 2228
f 2231 2226 2109
f 582 2109 2226
f 613 2230 2229
f 2231 2229 2230
f 2235 2234 2230
f 615 2230 2234
f 93 2233 2232
f 2235 2232 2233
f 2237 2220 2227
f 610 2227 2220
f 2236 2237 614
f 2234 614 2237
f 2229 81 2240
f 2124 2240 81
f 2239 2240 618
f 2238 618 2240
f 2243 2238 2121
f 585 2121 2238
f 616 2242 2241
f 2243 2241 2242
f 2247 2246 2242
f 618 2242 2246
f 94 2245 2244
f 2247 2244 2245
f 2232 613 2249
f 2239 2249 613
f 2248 2249 617
f 2246 617 2249
f 2241 82 2252
f 2136 2252 82
f 621 2251 2250
f 2252 2250 2251
f 2255 2250 2133
f 588 2133 2250
f 619 2254 2253
f 2255 2253 2254
f 2258 621 2259
f 2254 2259 621
f 2256 95 2259
f 2257 2259 95
f 2244 616 2261
f 2251 2261 616
f 2260 2261 620
f 2258 620 2261
f 2264 2253 2148
f 83 2148 2253
f 624 2263 2262
f 2264 2262 2263
f 2145 2267 591
f 2262 591 2267
f 2265 622 2267
f 2266 2267 622
f 2266 2271 624
f 2270 624 2271
f 2268 96 2271
f 2269 2271 96
f 2263 2273 619
f 2256 619 2273
f 2270 623 2273
f 2272 2273 623
f 2161 2277 85
f 2276 85 2277
f 2274 628 2277
f 2275 2277 628
f 2158 2280 594
f 2274 594 2280
f 2278 625 2280
f 2279 2280 625
f 2279 2284 628
f 2283 628 2284
f 2281 98 2284
f 2282 2284 98
f 2275 2287 627
f 2286 627 2287
f 2283 626 2287
f 2285 2287 626
f 2174 2290 86
f 2278 86 2290
f 2288 631 2290
f 2289 2290 631
f 2288 598 2293
f 2171 2293 598
f 2292 2293 629
f 2291 629 2293
f 2292 2297 631
f 2296 631 2297
f 2295 2297 99
f 2294 99 2297
f 2289 2299 625
f 2281 625 2299
f 2296 630 2299
f 2298 2299 630
f 2291 87 2302
f 2186 2302 87
f 2302 2300 2301
f 634 2301 2300
f 601 2183 2300
f 2305 2300 2183
f 2305 2303 2304
f 632 2304 2303
f 634 2304 2308
f 2309 2308 2304
f 2309 2306 2307
f 100 2307 2306
f 629 2301 2294
f 2311 2294 2301
f 2311 2308 2310
f 633 2310 2308
f 88 2198 2303
f 2314 2303 2198
f 2314 2312 2313
f 637 2313 2312
f 604 2195 2312
f 2317 2312 2195
f 2317 2315 2316
f 635 2316 2315
f 637 2316 2320
f 2321 2320 2316
f 2321 2318 2319
f 101 2319 2318
f 632 2313 2306
f 2323 2306 2313
f 2323 2320 2322
f 636 2322 2320
f 2212 2326 89
f 2315 89 2326
f 2326 2324 2325
f 641 2325 2324
f 2209 2330 608
f 2324 608 2330
f 2327 639 2330
f 2329 2330 639
f 2329 2335 641
f 2334 641 2335
f 2332 103 2335
f 2333 2335 103
f 635 2325 2318
f 2337 2318 2325
f 2337 2334 2336
f 640 2336 2334
f 2224 2340 90
f 2328 90 2340
f 2338 644 2340
f 2339 2340 644
f 2221 2343 611
f 2338 611 2343
f 2341 642 2343
f 2342 2343 642
f 2342 2347 644
f 2346 644 2347
f 2344 104 2347
f 2345 2347 104
f 2339 2349 638
f 2331 638 2349
f 2346 643 2349
f 2348 2349 643
f 92 2236 2341
f 2352 2341 2236
f 2352 2350 2351
f 647 2351 2350
f 2233 2355 614
f 2350 614 2355
f 2353 645 2355
f 2354 2355 645
f 2354 2359 647
f 2358 647 2359
f 2356 105 2359
f 2357 2359 105
f 642 2351 2344
f 2361 2344 2351
f 2361 2358 2360
f 646 2360 2358
f 93 2248 2353
f 2364 2353 2248
f 2364 2362 2363
f 650 2363 2362
f 2245 2367 617
f 2362 617 2367
f 2365 648 2367
f 2366 2367 648
f 2366 2371 650
f 2370 650 2371
f 2368 106 2371
f 2369 2371 106
f 645 2363 2356
f 2373 2356 2363
f 2373 2370 2372
f 649 2372 2370
f 94 2260 2365
f 2376 2365 2260
f 2374 653 2376
f 2375 2376 653
f 2257 2379 620
f 2374 620 2379
f 2377 651 2379
f 2378 2379 651
f 2378 2383 653
f 2382 653 2383
f 2380 107 2383
f 2381 2383 107
f 648 2375 2368
f 2385 2368 2375
f 2382 652 2385
f 2384 2385 652
f 2272 2388 95
f 2377 95 2388
f 2386 656 2388
f 2387 2388 656
f 2269 2391 623
f 2386 623 2391
f 2389 654 2391
f 2390 2391 654
f 2390 2395 656
f 2394 656 2395
f 2392 108 2395
f 2393 2395 108
f 2387 2397 651
f 2380 651 2397
f 2394 655 2397
f 2396 2397 655
f 2285 2401 97
f 2400 97 2401
f 2398 660 2401
f 2399 2401 660
f 2282 2404 626
f 2398 626 2404
f 2402 657 2404
f 2403 2404 657
f 2403 2408 660
f 2407 660 2408
f 2405 110 2408
f 2406 2408 110
f 2399 2411 659
f 2410 659 2411
f 2407 658 2411
f 2409 2411 658
f 2298 2414 98
f 2402 98 2414
f 2412 663 2414
f 2413 2414 663
f 2295 2417 630
f 2412 630 2417
f 2415 661 2417
f 2416 2417 661
f 2416 2421 663
f 2420 663 2421
f 2418 111 2421
f 2419 2421 111
f 2413 2423 657
f 2405 657 2423
f 2420 662 2423
f 2422 2423 662
f 99 2310 2415
f 2426 2415 2310
f 2426 2424 2425
f 666 2425 2424
f 633 2307 2424
f 2429 2424 2307
f 2429 2427 2428
f 664 2428 2427
f 666 2428 2432
f 2433 2432 2428
f 2433 2430 2431
f 112 2431 2430
f 661 2425 2418
f 2435 2418 2425
f 2435 2432 2434
f 665 2434 2432
f 100 2322 2427
f 2438 2427 2322
f 2438 2436 2437
f 669 2437 2436
f 636 2319 2436
f 2441 2436 2319
f 2439 667 2441
f 2440 2441 667
f 2440 2445 669
f 2444 669 2445
f 2442 113 2445
f 2443 2445 113
f 664 2437 2430
f 2447 2430 2437
f 2444 668 2447
f 2446 2447 668
f 2336 2450 101
f 2439 101 2450
f 2448 673 2450
f 2449 2450 673
f 2333 2454 640
f 2448 640 2454
f 2451 671 2454
f 2453 2454 671
f 2453 2459 673
f 2458 673 2459
f 2456 114 2459
f 2457 2459 114
f 2449 2461 667
f 2442 667 2461
f 2458 672 2461
f 2460 2461 672
f 2348 2464 102
f 2452 102 2464
f 2462 676 2464
f 2463 2464 676
f 2345 2467 643
f 2462 643 2467
f 2465 674 2467
f 2466 2467 674
f 2466 2471 676
f 2470 676 2471
f 2468 116 2471
f 2469 2471 116
f 2463 2473 670
f 2455 670 2473
f 2473 2470 2472
f 675 2472 2470
f 104 2360 2465
f 2476 2465 2360
f 2476 2474 2475
f 679 2475 2474
f 2357 2479 646
f 2474 646 2479
f 2477 677 2479
f 2478 2479 677
f 2478 2483 679
f 2482 679 2483
f 2480 117 2483
f 2481 2483 117
f 674 2475 2468
f 2485 2468 2475
f 2485 2482 2484
f 678 2484 2482
f 105 2372 2477
f 2488 2477 2372
f 2488 2486 2487
f 682 2487 2486
f 2369 2491 649
f 2486 649 2491
f 2489 680 2491
f 2490 2491 680
f 2490 2495 682
f 2494 682 2495
f 2492 118 2495
f 2493 2495 118
f 677 2487 2480
f 2497 2480 2487
f 2497 2494 2496
f 681 2496 2494
f 106 2384 2489
f 2500 2489 2384
f 2498 685 2500
f 2499 2500 685
f 2381 2503 652
f 2498 652 2503
f 2501 683 2503
f 2502 2503 683
f 2502 2507 685
f 2506 685 2507
f 2504 119 2507
f 2505 2507 119
f 680 2499 2492
f 2509 2492 2499
f 2509 2506 2508
f 684 2508 2506
f 2396 2512 107
f 2501 107 2512
f 2510 688 2512
f 2511 2512 688
f 2393 2515 655
f 2510 655 2515
f 2513 686 2515
f 2514 2515 686
f 2514 2519 688
f 2518 688 2519
f 2516 120 2519
f 2517 2519 120
f 2511 2521 683
f 2504 683 2521
f 2521 2518 2520
f 687 2520 2518
f 2409 2525 109
f 2524 109 2525
f 2525 2522 2523
f 692 2523 2522
f 2406 2528 658
f 2522 658 2528
f 2528 2526 2527
f 689 2527 2526
f 692 2527 2531
f 2532 2531 2527
f 2532 2529 2530
f 122 2530 2529
f 691 2523 2534
f 2535 2534 2523
f 2535 2531 2533
f 690 2533 2531
f 2422 2538 110
f 2526 110 2538
f 2538 2536 2537
f 695 2537 2536
f 2419 2541 662
f 2536 662 2541
f 2541 2539 2540
f 693 2540 2539
f 695 2540 2544
f 2545 2544 2540
f 2545 2542 2543
f 123 2543 2542
f 689 2537 2529
f 2547 2529 2537
f 2547 2544 2546
f 694 2546 2544
f 111 2434 2539
f 2550 2539 2434
f 2550 2548 2549
f 698 2549 2548
f 665 2431 2548
f 2553 2548 2431
f 2553 2551 2552
f 696 2552 2551
f 698 2552 2556
f 2557 2556 2552
f 2557 2554 2555
f 124 2555 2554
f 693 2549 2542
f 2559 2542 2549
f 2559 2556 2558
f 697 2558 2556
f 2446 2562 112
f 2551 112 2562
f 2562 2560 2561
f 701 2561 2560
f 2443 2565 668
f 2560 668 2565
f 2565 2563 2564
f 699 2564 2563
f 701 2564 2568
f 2569 2568 2564
f 2569 2566 2567
f 125 2567 2566
f 696 2561 2554
f 2571 2554 2561
f 2571 2568 2570
f 700 2570 2568
f 2460 2574 113
f 2563 113 2574
f 2574 2572 2573
f 705 2573 2572
f 2457 2578 672
f 2572 672 2578
f 2578 2575 2577
f 702 2577 2575
f 705 2577 2582
f 2583 2582 2577
f 2583 2580 2581
f 127 2581 2580
f 699 2573 2566
f 2585 2566 2573
f 2585 2582 2584
f 704 2584 2582
f 115 2472 2576
f 2588 2576 2472
f 2588 2586 2587
f 708 2587 2586
f 2469 2591 675
f 2586 675 2591
f 2591 2589 2590
f 706 2590 2589
f 708 2590 2594
f 2595 2594 2590
f 2595 2592 2593
f 128 2593 2592
f 703 2587 2579
f 2597 2579 2587
f 2597 2594 2596
f 707 2596 2594
f 116 2484 2589
f 2600 2589 2484
f 2600 2598 2599
f 711 2599 2598
f 2481 2603 678
f 2598 678 2603
f 2603 2601 2602
f 709 2602 2601
f 711 2602 2606
f 2607 2606 2602
f 2607 2604 2605
f 129 2605 2604
f 706 2599 2592
f 2609 2592 2599
f 2609 2606 2608
f 710 2608 2606
f 117 2496 2601
f 2612 2601 2496
f 2612 2610 2611
f 714 2611 2610
f 2493 2615 681
f 2610 681 2615
f 2615 2613 2614
f 712 2614 2613
f 714 2614 2618
f 2619 2618 2614
f 2619 2616 2617
f 130 2617 2616
f 709 2611 2604
f 2621 2604 2611
f 2621 2618 2620
f 713 2620 2618
f 118 2508 2613
f 2624 2613 2508
f 2624 2622 2623
f 717 2623 2622
f 2505 2627 684
f 2622 684 2627
f 2627 2625 2626
f 715 2626 2625
f 717 2626 2630
f 2631 2630 2626
f 2631 2628 2629
f 131 2629 2628
f 712 2623 2616
f 2633 2616 2623
f 2633 2630 2632
f 716 2632 2630
f 119 2520 2625
f 2636 2625 2520
f 2636 2634 2635
f 720 2635 2634
f 2517 2639 687
f 2634 687 2639
f 2639 2637 2638
f 718 2638 2637
f 720 2638 2642
f 2643 2642 2638
f 2643 2640 2641
f 132 2641 2640
f 715 2635 2628
f 2645 2628 2635
f 2645 2642 2644
f 719 2644 2642
f 121 2533 2648
f 2649 2648 2533
f 2649 2646 2647
f 724 2647 2646
f 690 2530 2646
f 2652 2646 2530
f 2652 2650 2651
f 721 2651 2650
f 724 2651 2655
f 2656 2655 2651
f 2656 2653 2654
f 134 2654 2653
f 723 2647 2658
f 2659 2658 2647
f 2659 2655 2657
f 722 2657 2655
f 122 2546 2650
f 2662 2650 2546
f 2662 2660 2661
f 727 2661 2660
f 694 2543 2660
f 2665 2660 2543
f 2665 2663 2664
f 725 2664 2663
f 727 2664 2668
f 2669 2668 2664
f 2669 2666 2667
f 135 2667 2666
f 721 2661 2653
f 2671 2653 2661
f 2671 2668 2670
f 726 2670 2668
f 123 2558 2663
f 2674 2663 2558
f 2674 2672 2673
f 730 2673 2672
f 697 2555 2672
f 2677 2672 2555
f 2677 2675 2676
f 728 2676 2675
f 730 2676 2680
f 2681 2680 2676
f 2681 2678 2679
f 136 2679 2678
f 725 2673 2666
f 2683 2666 2673
f 2683 2680 2682
f 729 2682 2680
f 124 2570 2675
f 2686 2675 2570
f 2686 2684 2685
f 733 2685 2684
f 700 2567 2684
f 2689 2684 2567
f 2689 2687 2688
f 731 2688 2687
f 733 2688 2692
f 2693 2692 2688
f 2693 2690 2691
f 137 2691 2690
f 728 2685 2678
f 2695 2678 2685
f 2695 2692 2694
f 732 2694 2692
f 125 2584 2687
f 2698 2687 2584
f 2698 2696 2697
f 737 2697 2696
f 704 2581 2696
f 2702 2696 2581
f 2702 2700 2701
f 734 2701 2700
f 737 2701 2706
f 2707 2706 2701
f 2707 2703 2705
f 139 2705 2703
f 731 2697 2690
f 2709 2690 2697
f 2709 2706 2708
f 736 2708 2706
f 126 2596 2699
f 2712 2699 2596
f 2712 2710 2711
f 740 2711 2710
f 707 2593 2710
f 2715 2710 2593
f 2715 2713 2714
f 738 2714 2713
f 740 2714 2718
f 2719 2718 2714
f 2719 2716 2717
f 140 2717 2716
f 735 2711 2704
f 2721 2704 2711
f 2721 2718 2720
f 739 2720 2718
f 128 2608 2713
f 2724 2713 2608
f 2724 2722 2723
f 743 2723 2722
f 710 2605 2722
f 2727 2722 2605
f 2727 2725 2726
f 741 2726 2725
f 743 2726 2730
f 2731 2730 2726
f 2731 2728 2729
f 141 2729 2728
f 738 2723 2716
f 2733 2716 2723
f 2733 2730 2732
f 742 2732 2730
f 129 2620 2725
f 2736 2725 2620
f 2736 2734 2735
f 746 2735 2734
f 713 2617 2734
f 2739 2734 2617
f 2739 2737 2738
f 744 2738 2737
f 746 2738 2742
f 2743 2742 2738
f 2743 2740 2741
f 142 2741 2740
f 741 2735 2728
f 2745 2728 2735
f 2745 2742 2744
f 745 2744 2742
f 130 2632 2737
f 2748 2737 2632
f 2748 2746 2747
f 749 2747 2746
f 716 2629 2746
f 2751 2746 2629
f 2751 2749 2750
f 747 2750 2749
f 749 2750 2754
f 2755 2754 2750
f 2755 2752 2753
f 143 2753 2752
f 744 2747 2740
f 2757 2740 2747
f 2757 2754 2756
f 748 2756 2754
f 131 2644 2749
f 2760 2749 2644
f 2760 2758 2759
f 752 2759 2758
f 719 2641 2758
f 2763 2758 2641
f 2763 2761 2762
f 750 2762 2761
f 752 2762 2766
f 2767 2766 2762
f 2767 2764 2765
f 144 2765 2764
f 747 2759 2752
f 2769 2752 2759
f 2769 2766 2768
f 751 2768 2766
f 2657 2773 133
f 2772 133 2773
f 2770 756 2773
f 2771 2773 756
f 2654 2776 722
f 2770 722 2776
f 2774 753 2776
f 2775 2776 753
f 2775 2780 756
f 2779 756 2780
f 2777 146 2780
f 2778 2780 146
f 2771 2783 755
f 2782 755 2783
f 2779 754 2783
f 2781 2783 754
f 134 2670 2774
f 2786 2774 2670
f 2784 759 2786
f 2785 2786 759
f 2667 2789 726
f 2784 726 2789
f 2787 757 2789
f 2788 2789 757
f 2788 2793 759
f 2792 759 2793
f 2790 147 2793
f 2791 2793 147
f 2785 2795 753
f 2777 753 2795
f 2792 758 2795
f 2794 2795 758
f 135 2682 2787
f 2798 2787 2682
f 2796 762 2798
f 2797 2798 762
f 2679 2801 729
f 2796 729 2801
f 2799 760 2801
f 2800 2801 760
f 2800 2805 762
f 2804 762 2805
f 2802 148 2805
f 2803 2805 148
f 2797 2807 757
f 2790 757 2807
f 2804 761 2807
f 2806 2807 761
f 136 2694 2799
f 2810 2799 2694
f 2810 2808 2809
f 765 2809 2808
f 2691 2813 732
f 2808 732 2813
f 2811 763 2813
f 2812 2813 763
f 2812 2817 765
f 2816 765 2817
f 2814 149 2817
f 2815 2817 149
f 760 2809 2802
f 2819 2802 2809
f 2816 764 2819
f 2818 2819 764
f 137 2708 2811
f 2822 2811 2708
f 2822 2820 2821
f 769 2821 2820
f 2705 2826 736
f 2820 736 2826
f 2824 766 2826
f 2825 2826 766
f 2825 2831 769
f 2830 769 2831
f 2828 151 2831
f 2829 2831 151
f 763 2821 2814
f 2833 2814 2821
f 2833 2830 2832
f 768 2832 2830
f 138 2720 2823
f 2836 2823 2720
f 2836 2834 2835
f 772 2835 2834
f 2717 2839 739
f 2834 739 2839
f 2837 770 2839
f 2838 2839 770
f 2838 2843 772
f 2842 772 2843
f 2840 152 2843
f 2841 2843 152
f 767 2835 2827
f 2845 2827 2835
f 2845 2842 2844
f 771 2844 2842
f 140 2732 2837
f 2848 2837 2732
f 2848 2846 2847
f 775 2847 2846
f 2729 2851 742
f 2846 742 2851
f 2849 773 2851
f 2850 2851 773
f 2850 2855 775
f 2854 775 2855
f 2852 153 2855
f 2853 2855 153
f 770 2847 2840
f 2857 2840 2847
f 2857 2854 2856
f 774 2856 2854
f 141 2744 2849
f 2860 2849 2744
f 2860 2858 2859
f 778 2859 2858
f 2741 2863 745
f 2858 745 2863
f 2861 776 2863
f 2862 2863 776
f 2862 2867 778
f 2866 778 2867
f 2864 154 2867
f 2865 2867 154
f 773 2859 2852
f 2869 2852 2859
f 2869 2866 2868
f 777 2868 2866
f 142 2756 2861
f 2872 2861 2756
f 2872 2870 2871
f 781 2871 2870
f 2753 2875 748
f 2870 748 2875
f 2873 779 2875
f 2874 2875 779
f 2874 2879 781
f 2878 781 2879
f 2876 155 2879
f 2877 2879 155
f 776 2871 2864
f 2881 2864 2871
f 2881 2878 2880
f 780 2880 2878
f 143 2768 2873
f 2884 2873 2768
f 2884 2882 2883
f 784 2883 2882
f 2765 2887 751
f 2882 751 2887
f 2885 782 2887
f 2886 2887 782
f 2886 2891 784
f 2890 784 2891
f 2888 156 2891
f 2889 2891 156
f 779 2883 2876
f 2893 2876 2883
f 2893 2890 2892
f 783 2892 2890
f 2781 2897 145
f 2896 145 2897
f 2894 787 2897
f 2895 2897 787
f 2778 2900 754
f 2894 754 2900
f 2898 785 2900
f 2899 2900 785
f 787 2899 2902
f 2903 2902 2899
f 2903 2901 1495
f 2 1495 2901
f 786 2895 2904
f 2905 2904 2895
f 2905 2902 1490
f 413 1490 2902
f 2794 2908 146
f 2898 146 2908
f 2906 789 2908
f 2907 2908 789
f 2791 2911 758
f 2906 758 2911
f 2909 788 2911
f 2910 2911 788
f 2910 2914 789
f 2913 789 2914
f 2914 2912 1512
f 3 1512 2912
f 2907 2915 785
f 2901 785 2915
f 2915 2913 1508
f 419 1508 2913
f 2806 2918 147
f 2909 147 2918
f 2916 791 2918
f 2917 2918 791
f 2803 2921 761
f 2916 761 2921
f 2919 790 2921
f 2920 2921 790
f 2920 2924 791
f 2923 791 2924
f 2924 2922 1528
f 4 1528 2922
f 2917 2925 788
f 2912 788 2925
f 2925 2923 1524
f 424 1524 2923
f 2818 2928 148
f 2919 148 2928
f 2926 793 2928
f 2927 2928 793
f 2815 2931 764
f 2926 764 2931
f 2929 792 2931
f 2930 2931 792
f 2930 2934 793
f 2933 793 2934
f 2932 5 2934
f 1544 2934 5
f 2927 2935 790
f 2922 790 2935
f 2933 429 2935
f 1540 2935 429
f 149 2832 2929
f 2938 2929 2832
f 2938 2936 2937
f 796 2937 2936
f 2829 2942 768
f 2936 768 2942
f 2939 794 2942
f 2941 2942 794
f 2941 2946 796
f 2945 796 2946
f 2943 7 2946
f 1560 2946 7
f 2937 2947 792
f 2932 792 2947
f 2945 434 2947
f 1556 2947 434
f 150 2844 2940
f 2950 2940 2844
f 2950 2948 2949
f 798 2949 2948
f 2841 2953 771
f 2948 771 2953
f 2951 797 2953
f 2952 2953 797
f 2952 2956 798
f 2955 798 2956
f 2954 8 2956
f 1578 2956 8
f 795 2949 2944
f 2957 2944 2949
f 2957 2955 1574
f 440 1574 2955
f 152 2856 2951
f 2960 2951 2856
f 2960 2958 2959
f 800 2959 2958
f 2853 2963 774
f 2958 774 2963
f 2961 799 2963
f 2962 2963 799
f 2962 2966 800
f 2965 800 2966
f 2964 9 2966
f 1594 2966 9
f 797 2959 2954
f 2967 2954 2959
f 2967 2965 1590
f 445 1590 2965
f 153 2868 2961
f 2970 2961 2868
f 2970 2968 2969
f 802 2969 2968
f 2865 2973 777
f 2968 777 2973
f 2971 801 2973
f 2972 2973 801
f 2972 2976 802
f 2975 802 2976
f 2974 10 2976
f 1610 2976 10
f 799 2969 2964
f 2977 2964 2969
f 2977 2975 1606
f 450 1606 2975
f 154 2880 2971
f 2980 2971 2880
f 2980 2978 2979
f 804 2979 2978
f 2877 2983 780
f 2978 780 2983
f 2981 803 2983
f 2982 2983 803
f 2982 2986 804
f 2985 804 2986
f 2984 11 2986
f 1626 2986 11
f 801 2979 2974
f 2987 2974 2979
f 2987 2985 1622
f 455 1622 2985
f 155 2892 2981
f 2990 2981 2892
f 2990 2988 2989
f 806 2989 2988
f 2889 2993 783
f 2988 783 2993
f 2991 805 2993
f 2992 2993 805
f 2992 2996 806
f 2995 806 2996
f 2994 12 2996
f 1642 2996 12
f 803 2989 2984
f 2997 2984 2989
f 2997 2995 1638
f 460 1638 2995
f 49 1904 3000
f 3001 3000 1904
f 3001 2998 2999
f 811 2999 2998
f 3004 2998 1914
f 531 1914 2998
f 807 3003 3002
f 3004 3002 3003
f 3009 3008 3003
f 811 3003 3008
f 160 3007 3005
f 3009 3005 3007
f 810 2999 3012
f 3013 3012 2999
f 809 3010 3008
f 3013 3008 3010
f 3016 3002 2028
f 61 2028 3002
f 3016 3014 3015
f 815 3015 3014
f 563 2038 3014
f 3019 3014 2038
f 3019 3017 3018
f 812 3018 3017
f 815 3018 3023
f 3024 3023 3018
f 3024 3020 3022
f 162 3022 3020
f 3027 3005 3015
f 807 3015 3005
f 813 3025 3023
f 3027 3023 3025
f 3031 3030 3011
f 158 3011 3030
f 819 3029 3028
f 3031 3028 3029
f 3034 3028 3006
f 808 3006 3028
f 816 3033 3032
f 3034 3032 3033
f 3038 3037 3033
f 819 3033 3037
f 164 3036 3035
f 3038 3035 3036
f 3041 3040 3029
f 818 3029 3040
f 817 3039 3037
f 3041 3037 3039
f 3044 3032 3026
f 159 3026 3032
f 822 3043 3042
f 3044 3042 3043
f 814 3021 3042
f 3047 3042 3021
f 3047 3045 3046
f 820 3046 3045
f 3051 3050 3046
f 822 3046 3050
f 165 3049 3048
f 3051 3048 3049
f 3053 3035 3043
f 816 3043 3035
f 3052 3053 821
f 3050 821 3053
f 163 3039 3056
f 3057 3056 3039
f 3057 3054 3055
f 826 3055 3054
f 3060 3054 3036
f 817 3036 3054
f 3058 823 3060
f 3059 3060 823
f 826 3059 3063
f 3064 3063 3059
f 3061 167 3064
f 3062 3064 167
f 825 3055 3066
f 3067 3066 3055
f 3067 3063 3065
f 824 3065 3063
f 3052 3070 164
f 3058 164 3070
f 3068 829 3070
f 3069 3070 829
f 3049 3073 821
f 3068 821 3073
f 3071 827 3073
f 3072 3073 827
f 3072 3077 829
f 3076 829 3077
f 3074 168 3077
f 3075 3077 168
f 3069 3079 823
f 3061 823 3079
f 3076 828 3079
f 3078 3079 828
f 168 3074 3082
f 3083 3082 3074
f 3083 3080 3081
f 833 3081 3080
f 827 3071 3080
f 3086 3080 3071
f 3086 3084 3085
f 830 3085 3084
f 833 3085 3089
f 3090 3089 3085
f 3090 3087 3088
f 169 3088 3087
f 832 3081 3092
f 3093 3092 3081
f 3093 3089 3091
f 831 3091 3089
f 84 2144 3096
f 3097 3096 2144
f 3097 3094 3095
f 837 3095 3094
f 590 2141 3094
f 3100 3094 2141
f 3100 3098 3099
f 834 3099 3098
f 837 3099 3103
f 3104 3103 3099
f 3101 172 3104
f 3102 3104 172
f 3095 3107 836
f 3106 836 3107
f 3107 3103 3105
f 835 3105 3103
f 2020 3110 72
f 3098 72 3110
f 3108 840 3110
f 3109 3110 840
f 2017 3113 558
f 3108 558 3113
f 3111 838 3113
f 3112 3113 838
f 3112 3117 840
f 3116 840 3117
f 3114 171 3117
f 3115 3117 171
f 3109 3119 834
f 3101 834 3119
f 3116 839 3119
f 3118 3119 839
f 3105 3123 173
f 3122 173 3123
f 3123 3120 3121
f 844 3121 3120
f 835 3102 3120
f 3126 3120 3102
f 3126 3124 3125
f 841 3125 3124
f 844 3125 3129
f 3130 3129 3125
f 3130 3127 3128
f 175 3128 3127
f 843 3121 3132
f 3133 3132 3121
f 3133 3129 3131
f 842 3131 3129
f 3118 3136 172
f 3124 172 3136
f 3134 847 3136
f 3135 3136 847
f 3115 3139 839
f 3134 839 3139
f 3137 845 3139
f 3138 3139 845
f 3138 3143 847
f 3142 847 3143
f 3140 174 3143
f 3141 3143 174
f 3135 3145 841
f 3127 841 3145
f 3142 846 3145
f 3144 3145 846
f 3150 3149 3146
f 177 3146 3149
f 853 3148 3147
f 3150 3147 3148
f 3155 3147 3151
f 848 3151 3147
f 850 3154 3152
f 3155 3152 3154
f 3160 3159 3154
f 853 3154 3159
f 191 3158 3156
f 3160 3156 3158
f 3163 3162 3148
f 852 3148 3162
f 851 3161 3159
f 3163 3159 3161
f 3167 3166 3161
f 178 3161 3166
f 858 3165 3164
f 3167 3164 3165
f 3171 3164 3158
f 851 3158 3164
f 855 3170 3168
f 3171 3168 3170
f 3176 3175 3170
f 858 3170 3175
f 193 3174 3173
f 3176 3173 3174
f 3179 3178 3165
f 857 3165 3178
f 856 3177 3175
f 3179 3175 3177
f 3183 3182 3177
f 179 3177 3182
f 863 3181 3180
f 3183 3180 3181
f 3187 3180 3174
f 856 3174 3180
f 859 3186 3185
f 3187 3185 3186
f 3192 3191 3186
f 863 3186 3191
f 196 3190 3189
f 3192 3189 3190
f 3195 3194 3181
f 862 3181 3194
f 861 3193 3191
f 3195 3191 3193
f 3199 3198 3193
f 180 3193 3198
f 868 3197 3196
f 3199 3196 3197
f 3203 3196 3190
f 861 3190 3196
f 865 3202 3200
f 3203 3200 3202
f 3208 3207 3202
f 868 3202 3207
f 198 3206 3205
f 3208 3205 3206
f 3197 3211 867
f 3210 867 3211
f 3207 866 3211
f 3209 3211 866
f 3209 3215 181
f 3214 181 3215
f 3212 874 3215
f 3213 3215 874
f 3206 3219 866
f 3212 866 3219
f 3217 870 3219
f 3218 3219 870
f 3218 3225 874
f 3224 874 3225
f 3221 201 3225
f 3222 3225 201
f 3213 3229 873
f 3228 873 3229
f 3224 872 3229
f 3226 3229 872
f 3227 3233 183
f 3232 183 3233
f 3230 879 3233
f 3231 3233 879
f 3223 3237 871
f 3230 871 3237
f 3234 876 3237
f 3236 3237 876
f 3242 3241 3236
f 879 3236 3241
f 203 3240 3239
f 3242 3239 3240
f 3245 3244 3231
f 878 3231 3244
f 877 3243 3241
f 3245 3241 3243
f 3243 3249 184
f 3248 184 3249
f 3246 884 3249
f 3247 3249 884
f 3240 3253 877
f 3246 877 3253
f 3251 880 3253
f 3252 3253 880
f 3258 3257 3252
f 884 3252 3257
f 206 3256 3255
f 3258 3255 3256
f 3261 3260 3247
f 883 3247 3260
f 882 3259 3257
f 3261 3257 3259
f 3259 3265 185
f 3264 185 3265
f 3262 889 3265
f 3263 3265 889
f 3256 3269 882
f 3262 882 3269
f 3267 885 3269
f 3268 3269 885
f 3274 3273 3268
f 889 3268 3273
f 207 3272 3271
f 3274 3271 3272
f 3277 3276 3263
f 888 3263 3276
f 887 3275 3273
f 3277 3273 3275
f 3275 3281 186
f 3280 186 3281
f 3278 894 3281
f 3279 3281 894
f 3272 3285 887
f 3278 887 3285
f 3283 891 3285
f 3284 3285 891
f 3290 3289 3284
f 894 3284 3289
f 209 3288 3287
f 3290 3287 3288
f 3293 3292 3279
f 893 3279 3292
f 892 3291 3289
f 3293 3289 3291
f 3291 3297 187
f 3296 187 3297
f 3294 899 3297
f 3295 3297 899
f 3288 3301 892
f 3294 892 3301
f 3299 895 3301
f 3300 3301 895
f 3306 3305 3300
f 899 3300 3305
f 211 3304 3303
f 3306 3303 3304
f 3309 3308 3295
f 898 3295 3308
f 897 3307 3305
f 3309 3305 3307
f 190 3310 3153
f 3313 3153 3310
f 3313 3311 3312
f 903 3312 3311
f 900 3314 3311
f 3317 3311 3314
f 3317 3315 3316
f 901 3316 3315
f 903 3316 3320
f 3321 3320 3316
f 3321 3318 3319
f 214 3319 3318
f 3323 3157 3312
f 849 3312 3157
f 3323 3320 3322
f 902 3322 3320
f 3326 3169 3322
f 192 3322 3169
f 906 3325 3324
f 3326 3324 3325
f 3329 3324 3319
f 902 3319 3324
f 904 3328 3327
f 3329 3327 3328
f 3333 3332 3328
f 906 3328 3332
f 215 3331 3330
f 3333 3330 3331
f 3335 3172 3325
f 854 3325 3172
f 905 3334 3332
f 3335 3332 3334
f 3338 3184 3334
f 194 3334 3184
f 909 3337 3336
f 3338 3336 3337
f 3341 3336 3331
f 905 3331 3336
f 907 3340 3339
f 3341 3339 3340
f 3345 3344 3340
f 909 3340 3344
f 3342 216 3345
f 3343 3345 216
f 3347 3188 3337
f 860 3337 3188
f 908 3346 3344
f 3347 3344 3346
f 3350 3201 3346
f 195 3346 3201
f 912 3349 3348
f 3350 3348 3349
f 3353 3348 3343
f 908 3343 3348
f 3351 910 3353
f 3352 3353 910
f 3357 3356 3352
f 912 3352 3356
f 217 3355 3354
f 3357 3354 3355
f 3359 3204 3349
f 864 3349 3204
f 911 3358 3356
f 3359 3356 3358
f 3362 3216 3358
f 197 3358 3216
f 916 3361 3360
f 3362 3360 3361
f 3365 3360 3355
f 911 3355 3360
f 913 3364 3363
f 3365 3363 3364
f 3370 3369 3364
f 916 3364 3369
f 219 3368 3366
f 3370 3366 3368
f 3361 3373 869
f 3220 869 3373
f 914 3371 3369
f 3373 3369 3371
f 3372 3376 200
f 3235 200 3376
f 3374 919 3376
f 3375 3376 919
f 3367 3379 915
f 3374 915 3379
f 3377 917 3379
f 3378 3379 917
f 3383 3382 3378
f 919 3378 3382
f 220 3381 3380
f 3383 3380 3381
f 3385 3238 3375
f 875 3375 3238
f 918 3384 3382
f 3385 3382 3384
f 3384 3388 204
f 3250 204 3388
f 3386 922 3388
f 3387 3388 922
f 3381 3391 918
f 3386 918 3391
f 3389 920 3391
f 3390 3391 920
f 3395 3394 3390
f 922 3390 3394
f 221 3393 3392
f 3395 3392 3393
f 3397 3254 3387
f 881 3387 3254
f 921 3396 3394
f 3397 3394 3396
f 3396 3400 205
f 3266 205 3400
f 3398 925 3400
f 3399 3400 925
f 3393 3403 921
f 3398 921 3403
f 3401 923 3403
f 3402 3403 923
f 3407 3406 3402
f 925 3402 3406
f 222 3405 3404
f 3407 3404 3405
f 3409 3270 3399
f 886 3399 3270
f 924 3408 3406
f 3409 3406 3408
f 3408 3412 208
f 3282 208 3412
f 928 3411 3410
f 3412 3410 3411
f 3405 3415 924
f 3410 924 3415
f 926 3414 3413
f 3415 3413 3414
f 3419 3418 3414
f 928 3414 3418
f 223 3417 3416
f 3419 3416 3417
f 3421 3286 3411
f 890 3411 3286
f 927 3420 3418
f 3421 3418 3420
f 3420 3424 210
f 3298 210 3424
f 931 3423 3422
f 3424 3422 3423
f 3427 3422 3417
f 927 3417 3422
f 929 3426 3425
f 3427 3425 3426
f 3431 3430 3426
f 931 3426 3430
f 224 3429 3428
f 3431 3428 3429
f 3433 3302 3423
f 896 3423 3302
f 930 3432 3430
f 3433 3430 3432
f 213 3434 3315
f 3437 3315 3434
f 3437 3435 3436
f 935 3436 3435
f 932 3438 3435
f 3441 3435 3438
f 3441 3439 3440
f 933 3440 3439
f 935 3440 3444
f 3445 3444 3440
f 3445 3442 3443
f 226 3443 3442
f 901 3436 3318
f 3447 3318 3436
f 3447 3444 3446
f 934 3446 3444
f 214 3446 3327
f 3450 3327 3446
f 3450 3448 3449
f 938 3449 3448
f 934 3443 3448
f 3453 3448 3443
f 3453 3451 3452
f 936 3452 3451
f 3457 3456 3452
f 938 3452 3456
f 3454 227 3457
f 3455 3457 227
f 3459 3330 3449
f 904 3449 3330
f 937 3458 3456
f 3459 3456 3458
f 3458 3462 215
f 3339 215 3462
f 3460 941 3462
f 3461 3462 941
f 3455 3465 937
f 3460 937 3465
f 3463 939 3465
f 3464 3465 939
f 3464 3469 941
f 3468 941 3469
f 3466 228 3469
f 3467 3469 228
f 3461 3471 907
f 3342 907 3471
f 3468 940 3471
f 3470 3471 940
f 3470 3474 216
f 3351 216 3474
f 3472 944 3474
f 3473 3474 944
f 3467 3477 940
f 3472 940 3477
f 3475 942 3477
f 3476 3477 942
f 3476 3481 944
f 3480 944 3481
f 3478 229 3481
f 3479 3481 229
f 3473 3483 910
f 3354 910 3483
f 3480 943 3483
f 3482 3483 943
f 3482 3486 217
f 3363 217 3486
f 3484 948 3486
f 3485 3486 948
f 3479 3489 943
f 3484 943 3489
f 3487 945 3489
f 3488 3489 945
f 3488 3494 948
f 3493 948 3494
f 3490 231 3494
f 3491 3494 231
f 3485 3497 913
f 3366 913 3497
f 3493 947 3497
f 3495 3497 947
f 3496 3500 218
f 3377 218 3500
f 3498 951 3500
f 3499 3500 951
f 3492 3503 946
f 3498 946 3503
f 3501 949 3503
f 3502 3503 949
f 3502 3507 951
f 3506 951 3507
f 3504 232 3507
f 3505 3507 232
f 3499 3509 917
f 3380 917 3509
f 3506 950 3509
f 3508 3509 950
f 3508 3512 220
f 3389 220 3512
f 3510 954 3512
f 3511 3512 954
f 3505 3515 950
f 3510 950 3515
f 3513 952 3515
f 3514 3515 952
f 3514 3519 954
f 3518 954 3519
f 3516 233 3519
f 3517 3519 233
f 3511 3521 920
f 3392 920 3521
f 3518 953 3521
f 3520 3521 953
f 3520 3524 221
f 3401 221 3524
f 3522 957 3524
f 3523 3524 957
f 3517 3527 953
f 3522 953 3527
f 3525 955 3527
f 3526 3527 955
f 3526 3531 957
f 3530 957 3531
f 3528 234 3531
f 3529 3531 234
f 3523 3533 923
f 3404 923 3533
f 3530 956 3533
f 3532 3533 956
f 3532 3536 222
f 3413 222 3536
f 3534 960 3536
f 3535 3536 960
f 3529 3539 956
f 3534 956 3539
f 3537 958 3539
f 3538 3539 958
f 3538 3543 960
f 3542 960 3543
f 3540 235 3543
f 3541 3543 235
f 3535 3545 926
f 3416 926 3545
f 3542 959 3545
f 3544 3545 959
f 3548 3425 3544
f 223 3544 3425
f 3546 963 3548
f 3547 3548 963
f 3541 3551 959
f 3546 959 3551
f 3549 961 3551
f 3550 3551 961
f 3555 3554 3550
f 963 3550 3554
f 236 3553 3552
f 3555 3552 3553
f 3557 3428 3547
f 929 3547 3428
f 3554 962 3557
f 3556 3557 962
f 225 3558 3439
f 3561 3439 3558
f 3561 3559 3560
f 967 3560 3559
f 964 3562 3559
f 3565 3559 3562
f 3563 965 3565
f 3564 3565 965
f 967 3564 3568
f 3569 3568 3564
f 3569 3566 3567
f 238 3567 3566
f 933 3560 3442
f 3571 3442 3560
f 3571 3568 3570
f 966 3570 3568
f 226 3570 3451
f 3574 3451 3570
f 3574 3572 3573
f 970 3573 3572
f 966 3567 3572
f 3577 3572 3567
f 3575 968 3577
f 3576 3577 968
f 3576 3581 970
f 3580 970 3581
f 3578 239 3581
f 3579 3581 239
f 3583 3454 3573
f 936 3573 3454
f 3580 969 3583
f 3582 3583 969
f 3582 3586 227
f 3463 227 3586
f 3584 973 3586
f 3585 3586 973
f 3579 3589 969
f 3584 969 3589
f 3587 971 3589
f 3588 3589 971
f 3588 3593 973
f 3592 973 3593
f 3590 240 3593
f 3591 3593 240
f 3585 3595 939
f 3466 939 3595
f 3592 972 3595
f 3594 3595 972
f 3594 3598 228
f 3475 228 3598
f 3596 976 3598
f 3597 3598 976
f 3591 3601 972
f 3596 972 3601
f 3599 974 3601
f 3600 3601 974
f 3600 3605 976
f 3604 976 3605
f 241 3603 3602
f 3605 3602 3603
f 3597 3607 942
f 3478 942 3607
f 3604 975 3607
f 3606 3607 975
f 3606 3610 229
f 3487 229 3610
f 3608 980 3610
f 3609 3610 980
f 3603 3613 975
f 3608 975 3613
f 977 3612 3611
f 3613 3611 3612
f 3612 3618 980
f 3617 980 3618
f 243 3616 3614
f 3618 3614 3616
f 3609 3621 945
f 3490 945 3621
f 3617 979 3621
f 3619 3621 979
f 3620 3624 230
f 3501 230 3624
f 3622 983 3624
f 3623 3624 983
f 3615 3627 978
f 3622 978 3627
f 981 3626 3625
f 3627 3625 3626
f 3626 3631 983
f 3630 983 3631
f 244 3629 3628
f 3631 3628 3629
f 3623 3633 949
f 3504 949 3633
f 3630 982 3633
f 3632 3633 982
f 3632 3636 232
f 3513 232 3636
f 3634 986 3636
f 3635 3636 986
f 3629 3639 982
f 3634 982 3639
f 3637 984 3639
f 3638 3639 984
f 3638 3643 986
f 3642 986 3643
f 245 3641 3640
f 3643 3640 3641
f 3635 3645 952
f 3516 952 3645
f 3642 985 3645
f 3644 3645 985
f 3644 3648 233
f 3525 233 3648
f 3646 989 3648
f 3647 3648 989
f 3641 3651 985
f 3646 985 3651
f 3649 987 3651
f 3650 3651 987
f 3650 3655 989
f 3654 989 3655
f 246 3653 3652
f 3655 3652 3653
f 3647 3657 955
f 3528 955 3657
f 3654 988 3657
f 3656 3657 988
f 3656 3660 234
f 3537 234 3660
f 3658 992 3660
f 3659 3660 992
f 3653 3663 988
f 3658 988 3663
f 990 3662 3661
f 3663 3661 3662
f 3662 3667 992
f 3666 992 3667
f 247 3665 3664
f 3667 3664 3665
f 3659 3669 958
f 3540 958 3669
f 3666 991 3669
f 3668 3669 991
f 3668 3672 235
f 3549 235 3672
f 3670 995 3672
f 3671 3672 995
f 3665 3675 991
f 3670 991 3675
f 993 3674 3673
f 3675 3673 3674
f 3674 3679 995
f 3678 995 3679
f 3679 3676 3677
f 248 3677 3676
f 3671 3681 961
f 3552 961 3681
f 3681 3678 3680
f 994 3680 3678
f 3682 3685 237
f 3563 237 3685
f 3683 999 3685
f 3684 3685 999
f 3686 3689 996
f 3683 996 3689
f 3687 997 3689
f 3688 3689 997
f 3688 3693 999
f 3692 999 3693
f 3690 250 3693
f 3691 3693 250
f 3684 3695 965
f 3566 965 3695
f 3692 998 3695
f 3694 3695 998
f 3694 3698 238
f 3575 238 3698
f 3696 1002 3698
f 3697 3698 1002
f 3691 3701 998
f 3696 998 3701
f 3699 1000 3701
f 3700 3701 1000
f 3700 3705 1002
f 3704 1002 3705
f 3702 251 3705
f 3703 3705 251
f 3697 3707 968
f 3578 968 3707
f 3704 1001 3707
f 3706 3707 1001
f 3706 3710 239
f 3587 239 3710
f 3708 1005 3710
f 3709 3710 1005
f 3703 3713 1001
f 3708 1001 3713
f 3711 1003 3713
f 3712 3713 1003
f 3712 3717 1005
f 3716 1005 3717
f 3714 252 3717
f 3715 3717 252
f 3709 3719 971
f 3590 971 3719
f 3716 1004 3719
f 3718 3719 1004
f 3718 3722 240
f 3599 240 3722
f 3720 1008 3722
f 3721 3722 1008
f 3715 3725 1004
f 3720 1004 3725
f 3723 1006 3725
f 3724 3725 1006
f 3724 3729 1008
f 3728 1008 3729
f 253 3727 3726
f 3729 3726 3727
f 3731 3602 3721
f 974 3721 3602
f 1007 3730 3728
f 3731 3728 3730
f 3734 3611 3730
f 241 3730 3611
f 1012 3733 3732
f 3734 3732 3733
f 3737 3732 3727
f 1007 3727 3732
f 1009 3736 3735
f 3737 3735 3736
f 3742 3741 3736
f 1012 3736 3741
f 254 3740 3738
f 3742 3738 3740
f 3745 3614 3733
f 977 3733 3614
f 1010 3743 3741
f 3745 3741 3743
f 3748 3625 3744
f 242 3744 3625
f 1015 3747 3746
f 3748 3746 3747
f 3751 3746 3739
f 1011 3739 3746
f 1013 3750 3749
f 3751 3749 3750
f 3755 3754 3750
f 1015 3750 3754
f 256 3753 3752
f 3755 3752 3753
f 3757 3628 3747
f 981 3747 3628
f 1014 3756 3754
f 3757 3754 3756
f 3756 3760 244
f 3637 244 3760
f 3758 1018 3760
f 3759 3760 1018
f 3753 3763 1014
f 3758 1014 3763
f 3761 1016 3763
f 3762 3763 1016
f 3767 3766 3762
f 1018 3762 3766
f 257 3765 3764
f 3767 3764 3765
f 3769 3640 3759
f 984 3759 3640
f 1017 3768 3766
f 3769 3766 3768
f 3768 3772 245
f 3649 245 3772
f 3770 1021 3772
f 3771 3772 1021
f 3765 3775 1017
f 3770 1017 3775
f 3773 1019 3775
f 3774 3775 1019
f 3779 3778 3774
f 1021 3774 3778
f 258 3777 3776
f 3779 3776 3777
f 3781 3652 3771
f 987 3771 3652
f 1020 3780 3778
f 3781 3778 3780
f 3780 3784 246
f 3661 246 3784
f 1024 3783 3782
f 3784 3782 3783
f 3777 3787 1020
f 3782 1020 3787
f 1022 3786 3785
f 3787 3785 3786
f 3791 3790 3786
f 1024 3786 3790
f 259 3789 3788
f 3791 3788 3789
f 3793 3664 3783
f 990 3783 3664
f 1023 3792 3790
f 3793 3790 3792
f 3796 3673 3792
f 247 3792 3673
f 3796 3794 3795
f 1027 3795 3794
f 3799 3794 3789
f 1023 3789 3794
f 1025 3798 3797
f 3799 3797 3798
f 1027 3798 3802
f 3803 3802 3798
f 260 3801 3800
f 3803 3800 3801
f 993 3795 3676
f 3805 3676 3795
f 1026 3804 3802
f 3805 3802 3804
f 249 3806 3687
f 3809 3687 3806
f 3809 3807 3808
f 1031 3808 3807
f 1028 3810 3807
f 3813 3807 3810
f 3813 3811 3812
f 1029 3812 3811
f 1031 3812 3816
f 3817 3816 3812
f 3814 262 3817
f 3815 3817 262
f 3808 3819 997
f 3690 997 3819
f 3816 1030 3819
f 3818 3819 1030
f 3818 3822 250
f 3699 250 3822
f 3820 1034 3822
f 3821 3822 1034
f 3815 3825 1030
f 3820 1030 3825
f 3823 1032 3825
f 3824 3825 1032
f 3824 3829 1034
f 3828 1034 3829
f 3826 263 3829
f 3827 3829 263
f 3821 3831 1000
f 3702 1000 3831
f 3828 1033 3831
f 3830 3831 1033
f 3830 3834 251
f 3711 251 3834
f 3832 1037 3834
f 3833 3834 1037
f 3827 3837 1033
f 3832 1033 3837
f 3835 1035 3837
f 3836 3837 1035
f 3836 3841 1037
f 3840 1037 3841
f 3838 264 3841
f 3839 3841 264
f 3833 3843 1003
f 3714 1003 3843
f 3840 1036 3843
f 3842 3843 1036
f 3842 3846 252
f 3723 252 3846
f 3844 1040 3846
f 3845 3846 1040
f 3839 3849 1036
f 3844 1036 3849
f 3847 1038 3849
f 3848 3849 1038
f 3848 3853 1040
f 3852 1040 3853
f 3850 265 3853
f 3851 3853 265
f 3845 3855 1006
f 3726 1006 3855
f 3852 1039 3855
f 3854 3855 1039
f 3854 3858 253
f 3735 253 3858
f 3856 1044 3858
f 3857 3858 1044
f 3851 3861 1039
f 3856 1039 3861
f 3859 1041 3861
f 3860 3861 1041
f 3866 3865 3860
f 1044 3860 3865
f 267 3864 3862
f 3866 3862 3864
f 3869 3738 3857
f 1009 3857 3738
f 1042 3868 3865
f 3869 3865 3868
f 3872 3749 3867
f 255 3867 3749
f 1047 3871 3870
f 3872 3870 3871
f 3875 3870 3863
f 1043 3863 3870
f 1045 3874 3873
f 3875 3873 3874
f 3879 3878 3874
f 1047 3874 3878
f 268 3877 3876
f 3879 3876 3877
f 3881 3752 3871
f 1013 3871 3752
f 1046 3880 3878
f 3881 3878 3880
f 3880 3884 256
f 3761 256 3884
f 3882 1050 3884
f 3883 3884 1050
f 3887 3882 3877
f 1046 3877 3882
f 3885 1048 3887
f 3886 3887 1048
f 3891 3890 3886
f 1050 3886 3890
f 269 3889 3888
f 3891 3888 3889
f 3893 3764 3883
f 1016 3883 3764
f 1049 3892 3890
f 3893 3890 3892
f 3892 3896 257
f 3773 257 3896
f 3894 1053 3896
f 3895 3896 1053
f 3889 3899 1049
f 3894 1049 3899
f 3897 1051 3899
f 3898 3899 1051
f 3903 3902 3898
f 1053 3898 3902
f 270 3901 3900
f 3903 3900 3901
f 3905 3776 3895
f 1019 3895 3776
f 1052 3904 3902
f 3905 3902 3904
f 3904 3908 258
f 3785 258 3908
f 1056 3907 3906
f 3908 3906 3907
f 3901 3911 1052
f 3906 1052 3911
f 3909 1054 3911
f 3910 3911 1054
f 3910 3915 1056
f 3914 1056 3915
f 3913 3915 271
f 3912 271 3915
f 3917 3788 3907
f 1022 3907 3788
f 1055 3916 3914
f 3917 3914 3916
f 3920 3797 3916
f 259 3916 3797
f 1059 3919 3918
f 3920 3918 3919
f 3918 1055 3923
f 3913 3923 1055
f 3922 3923 1057
f 3921 1057 3923
f 3926 1059 3927
f 3922 3927 1059
f 3925 3927 272
f 3924 272 3927
f 3800 1025 3929
f 3919 3929 1025
f 3928 3929 1058
f 3926 1058 3929
f 3811 261 3933
f 3930 3933 261
f 3931 1063 3933
f 3932 3933 1063
f 3934 3937 1060
f 3931 1060 3937
f 3935 1061 3937
f 3936 3937 1061
f 3936 3941 1063
f 3940 1063 3941
f 3938 274 3941
f 3939 3941 274
f 3932 3943 1029
f 3814 1029 3943
f 3940 1062 3943
f 3942 3943 1062
f 3942 3946 262
f 3823 262 3946
f 3944 1066 3946
f 3945 3946 1066
f 3939 3949 1062
f 3944 1062 3949
f 3947 1064 3949
f 3948 3949 1064
f 3948 3953 1066
f 3952 1066 3953
f 3950 275 3953
f 3951 3953 275
f 3945 3955 1032
f 3826 1032 3955
f 3952 1065 3955
f 3954 3955 1065
f 3954 3958 263
f 3835 263 3958
f 3958 3956 3957
f 1069 3957 3956
f 1065 3951 3956
f 3961 3956 3951
f 3961 3959 3960
f 1067 3960 3959
f 1069 3960 3964
f 3965 3964 3960
f 3965 3962 3963
f 276 3963 3962
f 1035 3957 3838
f 3967 3838 3957
f 3967 3964 3966
f 1068 3966 3964
f 264 3966 3847
f 3970 3847 3966
f 3970 3968 3969
f 1072 3969 3968
f 1068 3963 3968
f 3973 3968 3963
f 3973 3971 3972
f 1070 3972 3971
f 1072 3972 3976
f 3977 3976 3972
f 3977 3974 3975
f 277 3975 3974
f 1038 3969 3850
f 3979 3850 3969
f 3979 3976 3978
f 1071 3978 3976
f 3859 265 3982
f 3978 3982 265
f 3982 3980 3981
f 1076 3981 3980
f 1071 3975 3980
f 3985 3980 3975
f 3985 3983 3984
f 1073 3984 3983
f 3989 1076 3990
f 3984 3990 1076
f 3987 3990 279
f 3986 279 3990
f 3862 1041 3993
f 3981 3993 1041
f 3991 3993 1075
f 3989 1075 3993
f 3873 266 3996
f 3992 3996 266
f 3995 3996 1079
f 3994 1079 3996
f 3994 1074 3999
f 3988 3999 1074
f 3998 3999 1077
f 3997 1077 3999
f 4002 1079 4003
f 3998 4003 1079
f 4001 4003 280
f 4000 280 4003
f 3876 1045 4005
f 3995 4005 1045
f 4004 4005 1078
f 4002 1078 4005
f 268 4004 3885
f 4008 3885 4004
f 4008 4006 4007
f 1082 4007 4006
f 1078 4001 4006
f 4011 4006 4001
f 4011 4009 4010
f 1080 4010 4009
f 4014 1082 4015
f 4010 4015 1082
f 4013 4015 281
f 4012 281 4015
f 3888 1048 4017
f 4007 4017 1048
f 4016 4017 1081
f 4014 1081 4017
f 269 4016 3897
f 4020 3897 4016
f 4020 4018 4019
f 1085 4019 4018
f 1081 4013 4018
f 4023 4018 4013
f 4023 4021 4022
f 1083 4022 4021
f 4026 1085 4027
f 4022 4027 1085
f 4025 4027 282
f 4024 282 4027
f 3900 1051 4029
f 4019 4029 1051
f 4028 4029 1084
f 4026 1084 4029
f 270 4028 3909
f 4032 3909 4028
f 4031 4032 1088
f 4030 1088 4032
f 1084 4025 4030
f 4035 4030 4025
f 4034 4035 1086
f 4033 1086 4035
f 4038 1088 4039
f 4034 4039 1088
f 4037 4039 283
f 4036 283 4039
f 3912 1054 4041
f 4031 4041 1054
f 4040 4041 1087
f 4038 1087 4041
f 3921 271 4044
f 4040 4044 271
f 4043 4044 1091
f 4042 1091 4044
f 4042 1087 4047
f 4037 4047 1087
f 4046 4047 1089
f 4045 1089 4047
f 4050 1091 4051
f 4046 4051 1091
f 4049 4051 284
f 4048 284 4051
f 3924 1057 4053
f 4043 4053 1057
f 4052 4053 1090
f 4050 1090 4053
f 4054 4057 273
f 3935 273 4057
f 4056 4057 1095
f 4055 1095 4057
f 4055 1092 4061
f 4058 4061 1092
f 4060 4061 1093
f 4059 1093 4061
f 4064 1095 4065
f 4060 4065 1095
f 4063 4065 286
f 4062 286 4065
f 4056 4067 1061
f 3938 1061 4067
f 4064 1094 4067
f 4066 4067 1094
f 4066 4070 274
f 3947 274 4070
f 4068 1098 4070
f 4069 4070 1098
f 4068 1094 4073
f 4063 4073 1094
f 4072 4073 1096
f 4071 1096 4073
f 4076 1098 4077
f 4072 4077 1098
f 4075 4077 287
f 4074 287 4077
f 4069 4079 1064
f 3950 1064 4079
f 4078 4079 1097
f 4076 1097 4079
f 275 4078 3959
f 4082 3959 4078
f 4082 4080 4081
f 1101 4081 4080
f 1097 4075 4080
f 4085 4080 4075
f 4085 4083 4084
f 1099 4084 4083
f 1101 4084 4088
f 4089 4088 4084
f 4089 4086 4087
f 288 4087 4086
f 1067 4081 3962
f 4091 3962 4081
f 4091 4088 4090
f 1100 4090 4088
f 276 4090 3971
f 4094 3971 4090
f 4094 4092 4093
f 1104 4093 4092
f 1100 4087 4092
f 4097 4092 4087
f 4096 4097 1102
f 4095 1102 4097
f 4100 1104 4101
f 4096 4101 1104
f 4099 4101 289
f 4098 289 4101
f 1070 4093 3974
f 4103 3974 4093
f 4102 4103 1103
f 4100 1103 4103
f 3983 277 4106
f 4102 4106 277
f 4105 4106 1108
f 4104 1108 4106
f 4104 1103 4109
f 4099 4109 1103
f 4108 4109 1105
f 4107 1105 4109
f 4113 1108 4114
f 4108 4114 1108
f 4111 4114 291
f 4110 291 4114
f 3986 1073 4117
f 4105 4117 1073
f 4115 4117 1106
f 4113 1106 4117
f 3997 278 4120
f 4116 4120 278
f 4119 4120 1111
f 4118 1111 4120
f 4118 1107 4123
f 4112 4123 1107
f 4123 4121 4122
f 1109 4122 4121
f 4126 1111 4127
f 4122 4127 1111
f 4125 4127 292
f 4124 292 4127
f 4000 1077 4129
f 4119 4129 1077
f 4128 4129 1110
f 4126 1110 4129
f 280 4128 4009
f 4132 4009 4128
f 4132 4130 4131
f 1114 4131 4130
f 1110 4125 4130
f 4135 4130 4125
f 4135 4133 4134
f 1112 4134 4133
f 4138 1114 4139
f 4134 4139 1114
f 4137 4139 293
f 4136 293 4139
f 4012 1080 4141
f 4131 4141 1080
f 4140 4141 1113
f 4138 1113 4141
f 281 4140 4021
f 4144 4021 4140
f 4144 4142 4143
f 1117 4143 4142
f 1113 4137 4142
f 4147 4142 4137
f 4147 4145 4146
f 1115 4146 4145
f 4150 1117 4151
f 4146 4151 1117
f 4149 4151 294
f 4148 294 4151
f 4024 1083 4153
f 4143 4153 1083
f 4152 4153 1116
f 4150 1116 4153
f 282 4152 4033
f 4156 4033 4152
f 4155 4156 1120
f 4154 1120 4156
f 1116 4149 4154
f 4159 4154 4149
f 4159 4157 4158
f 1118 4158 4157
f 4162 1120 4163
f 4158 4163 1120
f 4161 4163 295
f 4160 295 4163
f 4036 1086 4165
f 4155 4165 1086
f 4164 4165 1119
f 4162 1119 4165
f 4045 283 4168
f 4164 4168 283
f 4167 4168 1123
f 4166 1123 4168
f 4166 1119 4171
f 4161 4171 1119
f 4171 4169 4170
f 1121 4170 4169
f 4174 1123 4175
f 4170 4175 1123
f 4173 4175 296
f 4172 296 4175
f 4048 1089 4177
f 4167 4177 1089
f 4176 4177 1122
f 4174 1122 4177
f 4059 285 4181
f 4178 4181 285
f 4181 4179 4180
f 1127 4180 4179
f 1124 4182 4179
f 4185 4179 4182
f 4185 4183 4184
f 1125 4184 4183
f 1127 4184 4188
f 4189 4188 4184
f 4189 4186 4187
f 298 4187 4186
f 4062 1093 4191
f 4180 4191 1093
f 4191 4188 4190
f 1126 4190 4188
f 4071 286 4194
f 4190 4194 286
f 4194 4192 4193
f 1130 4193 4192
f 1126 4187 4192
f 4197 4192 4187
f 4197 4195 4196
f 1128 4196 4195
f 1130 4196 4200
f 4201 4200 4196
f 4201 4198 4199
f 299 4199 4198
f 4074 1096 4203
f 4193 4203 1096
f 4203 4200 4202
f 1129 4202 4200
f 287 4202 4083
f 4206 4083 4202
f 4206 4204 4205
f 1133 4205 4204
f 1129 4199 4204
f 4209 4204 4199
f 4209 4207 4208
f 1131 4208 4207
f 1133 4208 4212
f 4213 4212 4208
f 4213 4210 4211
f 300 4211 4210
f 1099 4205 4086
f 4215 4086 4205
f 4215 4212 4214
f 1132 4214 4212
f 4095 288 4218
f 4214 4218 288
f 4218 4216 4217
f 1136 4217 4216
f 1132 4211 4216
f 4221 4216 4211
f 4221 4219 4220
f 1134 4220 4219
f 1136 4220 4224
f 4225 4224 4220
f 4225 4222 4223
f 301 4223 4222
f 4098 1102 4227
f 4217 4227 1102
f 4227 4224 4226
f 1135 4226 4224
f 4107 289 4230
f 4226 4230 289
f 4230 4228 4229
f 1140 4229 4228
f 1135 4223 4228
f 4233 4228 4223
f 4233 4231 4232
f 1137 4232 4231
f 1140 4232 4237
f 4238 4237 4232
f 4238 4234 4235
f 302 4235 4234
f 4110 1105 4241
f 4229 4241 1105
f 4241 4237 4240
f 1138 4240 4237
f 290 4239 4121
f 4244 4121 4239
f 4244 4242 4243
f 1143 4243 4242
f 1139 4236 4242
f 4247 4242 4236
f 4247 4245 4246
f 1141 4246 4245
f 1143 4246 4250
f 4251 4250 4246
f 4251 4248 4249
f 304 4249 4248
f 4124 1109 4253
f 4243 4253 1109
f 4253 4250 4252
f 1142 4252 4250
f 292 4252 4133
f 4256 4133 4252
f 4256 4254 4255
f 1146 4255 4254
f 1142 4249 4254
f 4259 4254 4249
f 4259 4257 4258
f 1144 4258 4257
f 1146 4258 4262
f 4263 4262 4258
f 4263 4260 4261
f 305 4261 4260
f 4136 1112 4265
f 4255 4265 1112
f 4265 4262 4264
f 1145 4264 4262
f 293 4264 4145
f 4268 4145 4264
f 4268 4266 4267
f 1149 4267 4266
f 1145 4261 4266
f 4271 4266 4261
f 4271 4269 4270
f 1147 4270 4269
f 1149 4270 4274
f 4275 4274 4270
f 4275 4272 4273
f 306 4273 4272
f 4148 1115 4277
f 4267 4277 1115
f 4277 4274 4276
f 1148 4276 4274
f 294 4276 4157
f 4280 4157 4276
f 4280 4278 4279
f 1152 4279 4278
f 1148 4273 4278
f 4283 4278 4273
f 4283 4281 4282
f 1150 4282 4281
f 1152 4282 4286
f 4287 4286 4282
f 4287 4284 4285
f 307 4285 4284
f 4160 1118 4289
f 4279 4289 1118
f 4289 4286 4288
f 1151 4288 4286
f 295 4288 4169
f 4292 4169 4288
f 4292 4290 4291
f 1155 4291 4290
f 1151 4285 4290
f 4295 4290 4285
f 4295 4293 4294
f 1153 4294 4293
f 1155 4294 4298
f 4299 4298 4294
f 4299 4296 4297
f 308 4297 4296
f 4172 1121 4301
f 4291 4301 1121
f 4301 4298 4300
f 1154 4300 4298
f 297 4302 4183
f 4305 4183 4302
f 4305 4303 4304
f 1159 4304 4303
f 1156 4306 4303
f 4309 4303 4306
f 4309 4307 4308
f 1157 4308 4307
f 1159 4308 4312
f 4313 4312 4308
f 4313 4310 4311
f 310 4311 4310
f 1125 4304 4186
f 4315 4186 4304
f 4315 4312 4314
f 1158 4314 4312
f 298 4314 4195
f 4318 4195 4314
f 4318 4316 4317
f 1162 4317 4316
f 1158 4311 4316
f 4321 4316 4311
f 4321 4319 4320
f 1160 4320 4319
f 1162 4320 4324
f 4325 4324 4320
f 4325 4322 4323
f 311 4323 4322
f 1128 4317 4198
f 4327 4198 4317
f 4327 4324 4326
f 1161 4326 4324
f 299 4326 4207
f 4330 4207 4326
f 4330 4328 4329
f 1165 4329 4328
f 1161 4323 4328
f 4333 4328 4323
f 4333 4331 4332
f 1163 4332 4331
f 1165 4332 4336
f 4337 4336 4332
f 4337 4334 4335
f 312 4335 4334
f 1131 4329 4210
f 4339 4210 4329
f 4339 4336 4338
f 1164 4338 4336
f 300 4338 4219
f 4342 4219 4338
f 4342 4340 4341
f 1168 4341 4340
f 1164 4335 4340
f 4345 4340 4335
f 4345 4343 4344
f 1166 4344 4343
f 1168 4344 4348
f 4349 4348 4344
f 4349 4346 4347
f 313 4347 4346
f 1134 4341 4222
f 4351 4222 4341
f 4351 4348 4350
f 1167 4350 4348
f 301 4350 4231
f 4354 4231 4350
f 4354 4352 4353
f 1172 4353 4352
f 1167 4347 4352
f 4357 4352 4347
f 4357 4355 4356
f 1169 4356 4355
f 1172 4356 4361
f 4362 4361 4356
f 4362 4358 4360
f 315 4360 4358
f 1137 4353 4234
f 4365 4234 4353
f 4365 4361 4363
f 1170 4363 4361
f 303 4364 4245
f 4368 4245 4364
f 4368 4366 4367
f 1175 4367 4366
f 1171 4359 4366
f 4371 4366 4359
f 4371 4369 4370
f 1173 4370 4369
f 1175 4370 4374
f 4375 4374 4370
f 4375 4372 4373
f 316 4373 4372
f 1141 4367 4248
f 4377 4248 4367
f 4377 4374 4376
f 1174 4376 4374
f 304 4376 4257
f 4380 4257 4376
f 4380 4378 4379
f 1178 4379 4378
f 1174 4373 4378
f 4383 4378 4373
f 4383 4381 4382
f 1176 4382 4381
f 1178 4382 4386
f 4387 4386 4382
f 4387 4384 4385
f 317 4385 4384
f 1144 4379 4260
f 4389 4260 4379
f 4389 4386 4388
f 1177 4388 4386
f 305 4388 4269
f 4392 4269 4388
f 4392 4390 4391
f 1181 4391 4390
f 1177 4385 4390
f 4395 4390 4385
f 4395 4393 4394
f 1179 4394 4393
f 1181 4394 4398
f 4399 4398 4394
f 4399 4396 4397
f 318 4397 4396
f 1147 4391 4272
f 4401 4272 4391
f 4401 4398 4400
f 1180 4400 4398
f 306 4400 4281
f 4404 4281 4400
f 4404 4402 4403
f 1184 4403 4402
f 1180 4397 4402
f 4407 4402 4397
f 4407 4405 4406
f 1182 4406 4405
f 1184 4406 4410
f 4411 4410 4406
f 4411 4408 4409
f 319 4409 4408
f 1150 4403 4284
f 4413 4284 4403
f 4413 4410 4412
f 1183 4412 4410
f 307 4412 4293
f 4416 4293 4412
f 4416 4414 4415
f 1187 4415 4414
f 1183 4409 4414
f 4419 4414 4409
f 4419 4417 4418
f 1185 4418 4417
f 1187 4418 4422
f 4423 4422 4418
f 4423 4420 4421
f 320 4421 4420
f 1153 4415 4296
f 4425 4296 4415
f 4425 4422 4424
f 1186 4424 4422
f 4307 309 4429
f 4426 4429 309
f 4428 4429 1191
f 4427 1191 4429
f 4427 1188 4433
f 4430 4433 1188
f 4432 4433 1189
f 4431 1189 4433
f 4436 1191 4437
f 4432 4437 1191
f 4435 4437 322
f 4434 322 4437
f 4310 1157 4439
f 4428 4439 1157
f 4438 4439 1190
f 4436 1190 4439
f 310 4438 4319
f 4442 4319 4438
f 4441 4442 1194
f 4440 1194 4442
f 4440 1190 4445
f 4435 4445 1190
f 4444 4445 1192
f 4443 1192 4445
f 4448 1194 4449
f 4444 4449 1194
f 4447 4449 323
f 4446 323 4449
f 4322 1160 4451
f 4441 4451 1160
f 4450 4451 1193
f 4448 1193 4451
f 311 4450 4331
f 4454 4331 4450
f 4453 4454 1197
f 4452 1197 4454
f 4452 1193 4457
f 4447 4457 1193
f 4456 4457 1195
f 4455 1195 4457
f 4460 1197 4461
f 4456 4461 1197
f 4459 4461 324
f 4458 324 4461
f 4334 1163 4463
f 4453 4463 1163
f 4462 4463 1196
f 4460 1196 4463
f 312 4462 4343
f 4466 4343 4462
f 4466 4464 4465
f 1200 4465 4464
f 1196 4459 4464
f 4469 4464 4459
f 4468 4469 1198
f 4467 1198 4469
f 4472 1200 4473
f 4468 4473 1200
f 4471 4473 325
f 4470 325 4473
f 4346 1166 4475
f 4465 4475 1166
f 4474 4475 1199
f 4472 1199 4475
f 313 4474 4355
f 4478 4355 4474
f 4478 4476 4477
f 1204 4477 4476
f 1199 4471 4476
f 4481 4476 4471
f 4481 4479 4480
f 1201 4480 4479
f 4485 1204 4486
f 4480 4486 1204
f 4483 4486 327
f 4482 327 4486
f 4358 1169 4489
f 4477 4489 1169
f 4488 4489 1203
f 4485 1203 4489
f 314 4487 4369
f 4492 4369 4487
f 4492 4490 4491
f 1207 4491 4490
f 1202 4484 4490
f 4495 4490 4484
f 4495 4493 4494
f 1205 4494 4493
f 4498 1207 4499
f 4494 4499 1207
f 4497 4499 328
f 4496 328 4499
f 4372 1173 4501
f 4491 4501 1173
f 4500 4501 1206
f 4498 1206 4501
f 316 4500 4381
f 4504 4381 4500
f 4504 4502 4503
f 1210 4503 4502
f 1206 4497 4502
f 4507 4502 4497
f 4507 4505 4506
f 1208 4506 4505
f 4510 1210 4511
f 4506 4511 1210
f 4509 4511 329
f 4508 329 4511
f 4384 1176 4513
f 4503 4513 1176
f 4512 4513 1209
f 4510 1209 4513
f 317 4512 4393
f 4516 4393 4512
f 4516 4514 4515
f 1213 4515 4514
f 1209 4509 4514
f 4519 4514 4509
f 4519 4517 4518
f 1211 4518 4517
f 4522 1213 4523
f 4518 4523 1213
f 4521 4523 330
f 4520 330 4523
f 4396 1179 4525
f 4515 4525 1179
f 4524 4525 1212
f 4522 1212 4525
f 318 4524 4405
f 4528 4405 4524
f 4528 4526 4527
f 1216 4527 4526
f 1212 4521 4526
f 4531 4526 4521
f 4531 4529 4530
f 1214 4530 4529
f 4534 1216 4535
f 4530 4535 1216
f 4533 4535 331
f 4532 331 4535
f 4408 1182 4537
f 4527 4537 1182
f 4536 4537 1215
f 4534 1215 4537
f 319 4536 4417
f 4540 4417 4536
f 4540 4538 4539
f 1219 4539 4538
f 1215 4533 4538
f 4543 4538 4533
f 4543 4541 4542
f 1217 4542 4541
f 4546 1219 4547
f 4542 4547 1219
f 4545 4547 332
f 4544 332 4547
f 4420 1185 4549
f 4539 4549 1185
f 4548 4549 1218
f 4546 1218 4549
f 4431 321 4553
f 4550 4553 321
f 4552 4553 1222
f 4551 1222 4553
f 1220 4554 4551
f 4556 4551 4554
f 4556 3149 4555
f 852 4555 3149
f 1222 4555 4558
f 4559 4558 4555
f 4559 3162 4557
f 178 4557 3162
f 4434 1189 4561
f 4552 4561 1189
f 4560 4561 1221
f 4558 1221 4561
f 4443 322 4564
f 4560 4564 322
f 4563 4564 1224
f 4562 1224 4564
f 4562 1221 4566
f 4557 4566 1221
f 4566 3166 4565
f 857 4565 3166
f 4568 1224 4569
f 4565 4569 1224
f 4569 3178 4567
f 179 4567 3178
f 4446 1192 4571
f 4563 4571 1192
f 4570 4571 1223
f 4568 1223 4571
f 4455 323 4574
f 4570 4574 323
f 4573 4574 1226
f 4572 1226 4574
f 4572 1223 4576
f 4567 4576 1223
f 4576 3182 4575
f 862 4575 3182
f 4578 1226 4579
f 4575 4579 1226
f 4579 3194 4577
f 180 4577 3194
f 4458 1195 4581
f 4573 4581 1195
f 4580 4581 1225
f 4578 1225 4581
f 4467 324 4584
f 4580 4584 324
f 4583 4584 1228
f 4582 1228 4584
f 4582 1225 4586
f 4577 4586 1225
f 4585 4586 867
f 3198 867 4586
f 4588 1228 4589
f 4585 4589 1228
f 4587 4589 181
f 3210 181 4589
f 4470 1198 4591
f 4583 4591 1198
f 4590 4591 1227
f 4588 1227 4591
f 325 4590 4479
f 4594 4479 4590
f 4594 4592 4593
f 1231 4593 4592
f 4592 1227 4596
f 4587 4596 1227
f 4595 4596 873
f 3214 873 4596
f 4599 1231 4600
f 4595 4600 1231
f 4597 4600 182
f 3228 182 4600
f 4482 1201 4603
f 4593 4603 1201
f 4601 4603 1230
f 4599 1230 4603
f 326 4602 4493
f 4606 4493 4602
f 4606 4604 4605
f 1233 4605 4604
f 1229 4598 4604
f 4608 4604 4598
f 4608 3232 4607
f 878 4607 3232
f 4610 1233 4611
f 4607 4611 1233
f 4609 4611 184
f 3244 184 4611
f 4496 1205 4613
f 4605 4613 1205
f 4612 4613 1232
f 4610 1232 4613
f 328 4612 4505
f 4616 4505 4612
f 4616 4614 4615
f 1235 4615 4614
f 1232 4609 4614
f 4618 4614 4609
f 4618 3248 4617
f 883 4617 3248
f 4620 1235 4621
f 4617 4621 1235
f 4619 4621 185
f 3260 185 4621
f 4508 1208 4623
f 4615 4623 1208
f 4622 4623 1234
f 4620 1234 4623
f 329 4622 4517
f 4626 4517 4622
f 4626 4624 4625
f 1237 4625 4624
f 1234 4619 4624
f 4628 4624 4619
f 4628 3264 4627
f 888 4627 3264
f 4630 1237 4631
f 4627 4631 1237
f 4629 4631 186
f 3276 186 4631
f 4520 1211 4633
f 4625 4633 1211
f 4632 4633 1236
f 4630 1236 4633
f 330 4632 4529
f 4636 4529 4632
f 4636 4634 4635
f 1239 4635 4634
f 1236 4629 4634
f 4638 4634 4629
f 4638 3280 4637
f 893 4637 3280
f 4640 1239 4641
f 4637 4641 1239
f 4639 4641 187
f 3292 187 4641
f 4532 1214 4643
f 4635 4643 1214
f 4642 4643 1238
f 4640 1238 4643
f 331 4642 4541
f 4646 4541 4642
f 4646 4644 4645
f 1241 4645 4644
f 1238 4639 4644
f 4648 4644 4639
f 4648 3296 4647
f 898 4647 3296
f 4650 1241 4651
f 4647 4651 1241
f 4649 4651 188
f 3308 188 4651
f 4544 1217 4653
f 4645 4653 1217
f 4652 4653 1240
f 4650 1240 4653
f 225 4654 3558
f 4657 3558 4654
f 4657 4655 4656
f 1246 4656 4655
f 1242 4658 4655
f 4662 4655 4658
f 1243 4661 4659
f 4662 4659 4661
f 4667 4666 4661
f 1246 4661 4666
f 335 4665 4664
f 4667 4664 4665
f 4669 3562 4656
f 964 4656 3562
f 1245 4668 4666
f 4669 4666 4668
f 4672 3682 4668
f 237 4668 3682
f 4672 4670 4671
f 1250 4671 4670
f 4676 4670 4665
f 1245 4665 4670
f 1247 4675 4674
f 4676 4674 4675
f 1250 4675 4680
f 4681 4680 4675
f 4681 4677 4679
f 337 4679 4677
f 996 4671 3686
f 4683 3686 4671
f 4683 4680 4682
f 1249 4682 4680
f 4687 4660 4684
f 334 4684 4660
f 1254 4686 4685
f 4687 4685 4686
f 4691 4685 4688
f 1251 4688 4685
f 1252 4690 4689
f 4691 4689 4690
f 4695 4694 4690
f 1254 4690 4694
f 340 4693 4692
f 4695 4692 4693
f 4697 4663 4686
f 1244 4686 4663
f 1253 4696 4694
f 4697 4694 4696
f 4700 4673 4696
f 336 4696 4673
f 1257 4699 4698
f 4700 4698 4699
f 4703 4698 4693
f 1253 4693 4698
f 4701 1255 4703
f 4702 4703 1255
f 4707 4706 4702
f 1257 4702 4706
f 341 4705 4704
f 4707 4704 4705
f 1248 4699 4678
f 4709 4678 4699
f 4709 4706 4708
f 1256 4708 4706
f 339 4710 4689
f 4713 4689 4710
f 4713 4711 4712
f 1261 4712 4711
f 1258 4714 4711
f 4717 4711 4714
f 4717 4715 4716
f 1259 4716 4715
f 1261 4716 4720
f 4721 4720 4716
f 4719 4721 343
f 4718 343 4721
f 4723 4692 4712
f 1252 4712 4692
f 4722 4723 1260
f 4720 1260 4723
f 4722 4726 340
f 4701 340 4726
f 4724 1264 4726
f 4725 4726 1264
f 4719 4729 1260
f 4724 1260 4729
f 4727 1262 4729
f 4728 4729 1262
f 4728 4733 1264
f 4732 1264 4733
f 4730 344 4733
f 4731 4733 344
f 4725 4735 1255
f 4704 1255 4735
f 4732 1263 4735
f 4734 4735 1263
f 344 4736 4731
f 4739 4731 4736
f 4739 4737 4738
f 1268 4738 4737
f 1265 4740 4737
f 4743 4737 4740
f 4743 4741 4742
f 1266 4742 4741
f 1268 4742 4746
f 4747 4746 4742
f 4747 4744 4745
f 345 4745 4744
f 1263 4738 4734
f 4749 4734 4738
f 4749 4746 4748
f 1267 4748 4746
f 260 4750 3801
f 4753 3801 4750
f 4753 4751 4752
f 1272 4752 4751
f 4751 1269 4757
f 4754 4757 1269
f 4757 4755 4756
f 1270 4756 4755
f 1272 4756 4760
f 4761 4760 4756
f 4759 4761 348
f 4758 348 4761
f 1026 4752 3804
f 4763 3804 4752
f 4763 4760 4762
f 1271 4762 4760
f 4762 4766 248
f 3677 248 4766
f 4764 1275 4766
f 4765 4766 1275
f 4764 1271 4769
f 4759 4769 1271
f 4767 1273 4769
f 4768 4769 1273
f 4768 4773 1275
f 4772 1275 4773
f 4771 4773 347
f 4770 347 4773
f 4765 4775 994
f 3680 994 4775
f 4772 1274 4775
f 4774 4775 1274
f 4755 349 4779
f 4776 4779 349
f 4779 4777 4778
f 1279 4778 4777
f 1276 4780 4777
f 4783 4777 4780
f 4783 4781 4782
f 1277 4782 4781
f 1279 4782 4786
f 4787 4786 4782
f 4787 4784 4785
f 351 4785 4784
f 1270 4778 4758
f 4789 4758 4778
f 4789 4786 4788
f 1278 4788 4786
f 4767 348 4792
f 4788 4792 348
f 4791 4792 1282
f 4790 1282 4792
f 4790 1278 4795
f 4785 4795 1278
f 4794 4795 1280
f 4793 1280 4795
f 4798 1282 4799
f 4794 4799 1282
f 4797 4799 350
f 4796 350 4799
f 4770 1273 4801
f 4791 4801 1273
f 4800 4801 1281
f 4798 1281 4801
f 4807 4806 4802
f 394 4802 4806
f 1288 4804 4803
f 4807 4803 4804
f 4810 4803 4808
f 1283 4808 4803
f 417 4809 1493
f 4810 1493 4809
f 4814 4813 4809
f 1288 4809 4813
f 13 4812 1506
f 4814 1506 4812
f 4819 4817 4804
f 1287 4804 4817
f 1284 4816 4813
f 4819 4813 4816
f 1643 12 4823
f 4820 4823 12
f 4822 4823 1294
f 4821 1294 4823
f 4828 4821 4824
f 1289 4824 4821
f 1291 4827 4825
f 4828 4825 4827
f 4834 4833 4827
f 1294 4827 4833
f 387 4831 4830
f 4834 4830 4831
f 1646 461 4837
f 4822 4837 461
f 4835 4837 1293
f 4833 1293 4837
f 4842 4841 4815
f 379 4815 4841
f 4842 4838 4839
f 1298 4839 4838
f 1285 4811 4838
f 4844 4838 4811
f 4844 1656 4843
f 467 4843 1656
f 1298 4843 4846
f 4847 4846 4843
f 4847 1666 4845
f 37 4845 1666
f 4851 4850 4839
f 1297 4839 4850
f 4851 4846 4848
f 1295 4848 4846
f 1769 36 4854
f 4836 4854 36
f 4853 4854 1302
f 4852 1302 4854
f 4858 4852 4832
f 1292 4832 4852
f 4857 4858 1299
f 4856 1299 4858
f 4862 1302 4863
f 4857 4863 1302
f 4861 4863 389
f 4860 389 4863
f 1772 494 4865
f 4853 4865 494
f 4864 4865 1301
f 4862 1301 4865
f 4870 4869 4848
f 384 4848 4869
f 1306 4867 4866
f 4870 4866 4867
f 1295 4845 4866
f 4872 4866 4845
f 4872 1780 4871
f 499 4871 1780
f 4875 4874 4871
f 1306 4871 4874
f 4875 1790 4873
f 49 4873 1790
f 4879 4877 4867
f 1304 4867 4877
f 1303 4876 4874
f 4879 4874 4876
f 1893 48 4882
f 4864 4882 48
f 4881 4882 1309
f 4880 1309 4882
f 4880 1301 4885
f 4861 4885 1301
f 1307 4884 4883
f 4885 4883 4884
f 4888 1309 4889
f 4884 4889 1309
f 4889 4886 4887
f 369 4887 4886
f 1896 526 4891
f 4881 4891 526
f 4890 4891 1308
f 4888 1308 4891
f 4896 4895 4892
f 377 4892 4895
f 1313 4894 4893
f 4896 4893 4894
f 4899 4893 4897
f 1310 4897 4893
f 4899 2152 4898
f 595 4898 2152
f 1313 4898 4901
f 4902 4901 4898
f 4902 2162 4900
f 85 4900 2162
f 4905 4904 4894
f 1312 4894 4904
f 4905 4901 4903
f 1311 4903 4901
f 84 4906 2265
f 4909 2265 4906
f 4908 4909 1318
f 4907 1318 4909
f 4910 4914 1314
f 4907 1314 4914
f 4913 4914 1316
f 4911 1316 4914
f 4918 1318 4919
f 4913 4919 1318
f 4917 4919 404
f 4916 404 4919
f 2268 622 4921
f 4908 4921 622
f 4920 4921 1317
f 4918 1317 4921
f 392 4903 4924
f 4925 4924 4903
f 4922 1321 4925
f 4923 4925 1321
f 4900 4927 1311
f 4922 1311 4927
f 2276 627 4927
f 4926 4927 627
f 4926 4930 1321
f 4929 1321 4930
f 2286 97 4930
f 4928 4930 97
f 4923 4933 1320
f 4932 1320 4933
f 4929 1319 4933
f 4931 4933 1319
f 4920 4936 96
f 2389 96 4936
f 4934 1325 4936
f 4935 4936 1325
f 4934 1317 4940
f 4917 4940 1317
f 4937 1322 4940
f 4939 4940 1322
f 4939 4945 1325
f 4944 1325 4945
f 4941 406 4945
f 4943 4945 406
f 4935 4947 654
f 2392 654 4947
f 4944 1324 4947
f 4946 4947 1324
f 4931 4951 393
f 4950 393 4951
f 4948 1328 4951
f 4949 4951 1328
f 4928 4953 1319
f 4948 1319 4953
f 2400 659 4953
f 4952 4953 659
f 4952 4956 1328
f 4955 1328 4956
f 2410 109 4956
f 4954 4956 109
f 4949 4959 1327
f 4958 1327 4959
f 4959 4955 4957
f 1326 4957 4955
f 4946 4962 108
f 2513 108 4962
f 4960 1332 4962
f 4961 4962 1332
f 4943 4966 1324
f 4960 1324 4966
f 4964 1330 4966
f 4965 4966 1330
f 4965 4971 1332
f 4970 1332 4971
f 4967 408 4971
f 4969 4971 408
f 4961 4973 686
f 2516 686 4973
f 4973 4970 4972
f 1331 4972 4970
f 395 4957 4976
f 4977 4976 4957
f 4977 4974 4975
f 1335 4975 4974
f 1326 4954 4974
f 4979 4974 4954
f 4979 2524 4978
f 691 4978 2524
f 1335 4978 4981
f 4982 4981 4978
f 4982 2534 4980
f 121 4980 2534
f 1334 4975 4984
f 4985 4984 4975
f 4985 4981 4983
f 1333 4983 4981
f 120 4972 2637
f 4988 2637 4972
f 4988 4986 4987
f 1339 4987 4986
f 4969 4992 1331
f 4986 1331 4992
f 4992 4989 4991
f 1337 4991 4989
f 1339 4991 4996
f 4997 4996 4991
f 4997 4994 4995
f 410 4995 4994
f 718 4987 2640
f 4999 2640 4987
f 4999 4996 4998
f 1338 4998 4996
f 396 4983 5002
f 5003 5002 4983
f 5003 5000 5001
f 1342 5001 5000
f 1333 4980 5000
f 5005 5000 4980
f 5005 2648 5004
f 723 5004 2648
f 1342 5004 5007
f 5008 5007 5004
f 5008 2658 5006
f 133 5006 2658
f 1341 5001 5010
f 5011 5010 5001
f 5011 5007 5009
f 1340 5009 5007
f 132 4998 2761
f 5014 2761 4998
f 5014 5012 5013
f 1346 5013 5012
f 1338 4995 5012
f 5018 5012 4995
f 5018 5015 5017
f 1344 5017 5015
f 1346 5017 5022
f 5023 5022 5017
f 5023 5019 5021
f 411 5021 5019
f 750 5013 2764
f 5025 2764 5013
f 5025 5022 5024
f 1345 5024 5022
f 397 5009 5028
f 5029 5028 5009
f 5026 1349 5029
f 5027 5029 1349
f 5006 5031 1340
f 5026 1340 5031
f 2772 755 5031
f 5030 5031 755
f 5030 5034 1349
f 5033 1349 5034
f 2782 145 5034
f 5032 5034 145
f 5027 5037 1348
f 5036 1348 5037
f 5033 1347 5037
f 5035 5037 1347
f 144 5024 2885
f 5040 2885 5024
f 5040 5038 5039
f 1353 5039 5038
f 5021 5044 1345
f 5038 1345 5044
f 5041 1350 5044
f 5043 5044 1350
f 5043 5049 1353
f 5048 1353 5049
f 5046 402 5049
f 5047 5049 402
f 782 5039 2888
f 5051 2888 5039
f 5051 5048 5050
f 1352 5050 5048
f 5035 5055 398
f 5054 398 5055
f 5052 1355 5055
f 5053 5055 1355
f 5032 5057 1347
f 5052 1347 5057
f 2896 786 5057
f 5056 5057 786
f 1355 5056 5058
f 5059 5058 5056
f 5059 2904 4808
f 1 4808 2904
f 1354 5053 5060
f 5061 5060 5053
f 5061 5058 4802
f 1283 4802 5058
f 156 5050 2991
f 5064 2991 5050
f 5064 5062 5063
f 1358 5063 5062
f 5047 5068 1352
f 5062 1352 5068
f 5065 1356 5068
f 5067 5068 1356
f 5067 5072 1358
f 5071 1358 5072
f 5070 399 5072
f 4824 5072 399
f 805 5063 2994
f 5073 2994 5063
f 5073 5071 4820
f 1289 4820 5071
f 5078 5077 4876
f 362 4876 5077
f 5074 1363 5078
f 5075 5078 1363
f 5080 5074 4873
f 1303 4873 5074
f 3000 810 5080
f 5079 5080 810
f 1363 5079 5083
f 5084 5083 5079
f 157 5082 3012
f 5084 3012 5082
f 1361 5075 5088
f 5089 5088 5075
f 5089 5083 5086
f 1360 5086 5083
f 73 4897 3017
f 5092 3017 4897
f 5092 5090 5091
f 1368 5091 5090
f 1310 4892 5090
f 5096 5090 4892
f 5096 5094 5095
f 1364 5095 5094
f 1368 5095 5101
f 5102 5101 5095
f 5102 5097 5100
f 357 5100 5097
f 812 5091 3020
f 5105 3020 5091
f 5105 5101 5103
f 1367 5103 5101
f 161 5104 3045
f 5108 3045 5104
f 5107 5108 1372
f 5106 1372 5108
f 1366 5099 5106
f 5112 5106 5099
f 5111 5112 1370
f 5109 1370 5112
f 5116 1372 5117
f 5111 5117 1372
f 5115 5117 378
f 5113 378 5117
f 820 5107 3048
f 5119 3048 5107
f 5119 5116 5118
f 1371 5118 5116
f 5124 5123 5085
f 366 5085 5123
f 1376 5121 5120
f 5124 5120 5121
f 5126 5120 5081
f 1359 5081 5120
f 818 5125 3030
f 5126 3030 5125
f 5129 5128 5125
f 1376 5125 5128
f 163 5127 3040
f 5129 3040 5127
f 5133 5132 5121
f 1375 5121 5132
f 5133 5128 5130
f 1373 5130 5128
f 5130 5137 368
f 5136 368 5137
f 5134 1379 5137
f 5135 5137 1379
f 1373 5127 5134
f 5139 5134 5127
f 5139 3056 5138
f 825 5138 3056
f 1379 5138 5141
f 5142 5141 5138
f 5142 3066 5140
f 166 5140 3066
f 5135 5145 1378
f 5144 1378 5145
f 5143 5145 1377
f 5141 1377 5145
f 5148 355 5149
f 5143 5149 355
f 5147 5149 1382
f 5146 1382 5149
f 5146 1377 5151
f 5140 5151 1377
f 5150 5151 824
f 3065 824 5151
f 5153 1382 5154
f 5150 5154 1382
f 167 5152 3062
f 5154 3062 5152
f 5156 1381 5157
f 5147 5157 1381
f 5155 5157 1380
f 5153 1380 5157
f 5155 5161 353
f 5160 353 5161
f 5161 5158 5159
f 1385 5159 5158
f 5152 5163 1380
f 5158 1380 5163
f 5163 3078 5162
f 828 5162 3078
f 1385 5162 5165
f 5166 5165 5162
f 5166 3075 5164
f 168 5164 3075
f 1384 5159 5168
f 5169 5168 5159
f 5169 5165 5167
f 1383 5167 5165
f 165 5118 3084
f 5172 3084 5118
f 5172 5170 5171
f 1388 5171 5170
f 1371 5115 5170
f 5175 5170 5115
f 5173 1386 5175
f 5174 5175 1386
f 1388 5174 5178
f 5179 5178 5174
f 5176 360 5179
f 5177 5179 360
f 830 5171 3087
f 5181 3087 5171
f 5181 5178 5180
f 1387 5180 5178
f 354 5167 5184
f 5185 5184 5167
f 1391 5183 5182
f 5185 5182 5183
f 1383 5164 5182
f 5187 5182 5164
f 5187 3082 5186
f 832 5186 3082
f 1391 5186 5189
f 5190 5189 5186
f 5190 3092 5188
f 170 5188 3092
f 5192 1390 5193
f 5183 5193 1390
f 5191 5193 1389
f 5189 1389 5193
f 5180 5196 169
f 3088 169 5196
f 5194 1393 5196
f 5195 5196 1393
f 5177 5199 1387
f 5194 1387 5199
f 5197 1392 5199
f 5198 5199 1392
f 1393 5198 5201
f 5202 5201 5198
f 5202 5200 5191
f 361 5191 5200
f 831 5195 3091
f 5203 3091 5195
f 5203 5201 5188
f 1389 5188 5201
f 390 4910 5206
f 5208 5206 4910
f 5204 1397 5208
f 5205 5208 1397
f 4906 5210 1314
f 5204 1314 5210
f 3096 836 5210
f 5209 5210 836
f 5209 5213 1397
f 5212 1397 5213
f 3106 173 5213
f 5211 5213 173
f 5205 5217 1395
f 5216 1395 5217
f 5212 1394 5217
f 5214 5217 1394
f 60 4890 3111
f 5220 3111 4890
f 5220 5218 5219
f 1400 5219 5218
f 1308 4887 5218
f 5223 5218 4887
f 5223 5221 5222
f 1398 5222 5221
f 1400 5222 5226
f 5227 5226 5222
f 5227 5224 5225
f 371 5225 5224
f 5219 5229 838
f 3114 838 5229
f 5229 5226 5228
f 1399 5228 5226
f 5214 5234 372
f 5233 372 5234
f 5230 1404 5234
f 5231 5234 1404
f 5211 5236 1394
f 5230 1394 5236
f 3122 843 5236
f 5235 5236 843
f 5235 5239 1404
f 5238 1404 5239
f 3132 176 5239
f 5237 5239 176
f 5231 5243 1403
f 5242 1403 5243
f 5238 1401 5243
f 5240 5243 1401
f 5228 5246 171
f 3137 171 5246
f 5244 1407 5246
f 5245 5246 1407
f 1399 5225 5244
f 5249 5244 5225
f 5249 5247 5248
f 1405 5248 5247
f 1407 5248 5252
f 5253 5252 5248
f 5253 5250 5251
f 374 5251 5250
f 5245 5255 845
f 3140 845 5255
f 5255 5252 5254
f 1406 5254 5252
f 174 5254 3141
f 5258 3141 5254
f 5258 5256 5257
f 1410 5257 5256
f 1406 5251 5256
f 5261 5256 5251
f 5261 5259 5260
f 1408 5260 5259
f 5265 5264 5260
f 1410 5260 5264
f 5263 5265 370
f 5262 370 5265
f 846 5257 3144
f 5267 3144 5257
f 5267 5264 5266
f 1409 5266 5264
f 3128 175 5270
f 5266 5270 175
f 5268 1413 5270
f 5269 5270 1413
f 5263 5274 1409
f 5268 1409 5274
f 5273 5274 1411
f 5271 1411 5274
f 5273 5278 1413
f 5277 1413 5278
f 5240 5278 376
f 5275 376 5278
f 5269 5279 842
f 3131 842 5279
f 5277 1401 5279
f 5237 5279 1401
f 5283 5282 4805
f 394 4805 5282
f 1417 5281 5280
f 5283 5280 5281
f 5287 5280 4818
f 1286 4818 5280
f 1415 5286 5285
f 5287 5285 5286
f 5291 5290 5286
f 1417 5286 5290
f 189 3151 5289
f 5291 5289 3151
f 5293 5292 5281
f 1416 5281 5292
f 848 3146 5290
f 5293 5290 3146
f 3307 5297 188
f 5296 188 5297
f 5294 1421 5297
f 5295 5297 1421
f 3304 5301 897
f 5294 897 5301
f 5298 1419 5301
f 5300 5301 1419
f 5305 5304 5300
f 1421 5300 5304
f 386 4829 5303
f 5305 5303 4829
f 5307 5306 5295
f 1420 5295 5306
f 1290 4826 5304
f 5307 5304 4826
f 5310 5284 4840
f 381 4840 5284
f 5310 5308 5309
f 1423 5309 5308
f 5313 5308 4849
f 1296 4849 5308
f 5313 5311 5312
f 1422 5312 5311
f 1423 5312 5315
f 5316 5315 5312
f 5316 5314 3314
f 213 3314 5314
f 1414 5309 5288
f 5317 5288 5309
f 5317 5315 3310
f 900 3310 5315
f 3432 5320 212
f 5299 212 5320
f 5318 1425 5320
f 5319 5320 1425
f 3429 5323 930
f 5318 930 5323
f 5321 1424 5323
f 5322 5323 1424
f 5322 5326 1425
f 5325 1425 5326
f 5324 389 5326
f 4859 5326 389
f 5327 5302 5319
f 1418 5319 5302
f 5325 1300 5327
f 4855 5327 1300
f 5330 5311 4868
f 383 4868 5311
f 1427 5329 5328
f 5330 5328 5329
f 5333 5328 4878
f 1305 4878 5328
f 1426 5332 5331
f 5333 5331 5332
f 5336 5335 5332
f 1427 5332 5335
f 5336 5334 3438
f 225 3438 5334
f 1422 5329 5314
f 5337 5314 5329
f 5337 5335 3434
f 932 3434 5335
f 3556 5340 224
f 5321 224 5340
f 5338 1429 5340
f 5339 5340 1429
f 3553 5343 962
f 5338 962 5343
f 5341 1428 5343
f 5342 5343 1428
f 5342 5346 1429
f 5345 1429 5346
f 5346 5344 4886
f 369 4886 5344
f 5339 5347 1424
f 5324 1424 5347
f 5345 1307 5347
f 4883 5347 1307
f 5351 5350 4895
f 377 4895 5350
f 1432 5349 5348
f 5351 5348 5349
f 5354 5348 4904
f 1312 4904 5348
f 5354 5352 5353
f 1430 5353 5352
f 1432 5353 5356
f 5357 5356 5353
f 5357 5355 3810
f 261 3810 5355
f 5359 5358 5349
f 1431 5349 5358
f 5359 5356 3806
f 1028 3806 5356
f 260 3928 5362
f 5363 5362 3928
f 5360 1435 5363
f 5361 5363 1435
f 3925 5366 1058
f 5360 1058 5366
f 5364 1433 5366
f 5365 5366 1433
f 5365 5369 1435
f 5368 1435 5369
f 5367 403 5369
f 4915 5369 403
f 5361 5371 1434
f 5370 1434 5371
f 5368 1315 5371
f 4912 5371 1315
f 392 4924 5352
f 5374 5352 4924
f 5373 5374 1437
f 5372 1437 5374
f 5372 1320 5377
f 4932 5377 1320
f 5376 5377 1436
f 5375 1436 5377
f 5376 5380 1437
f 5379 1437 5380
f 5378 273 5380
f 3934 5380 273
f 5355 1430 5381
f 5373 5381 1430
f 5379 1060 5381
f 3930 5381 1060
f 5364 272 5384
f 4052 5384 272
f 5383 5384 1439
f 5382 1439 5384
f 5382 1090 5387
f 4049 5387 1090
f 5386 5387 1438
f 5385 1438 5387
f 5389 1439 5390
f 5386 5390 1439
f 4942 5390 405
f 5388 405 5390
f 5383 5391 1433
f 5367 1433 5391
f 4938 5391 1323
f 5389 1323 5391
f 5375 393 5394
f 4950 5394 393
f 5393 5394 1441
f 5392 1441 5394
f 5392 1327 5397
f 4958 5397 1327
f 5397 5395 5396
f 1440 5396 5395
f 5399 1441 5400
f 5396 5400 1441
f 4058 5400 285
f 5398 285 5400
f 5378 1436 5401
f 5393 5401 1436
f 4054 5401 1092
f 5399 1092 5401
f 5385 284 5404
f 4176 5404 284
f 5403 5404 1443
f 5402 1443 5404
f 5402 1122 5407
f 4173 5407 1122
f 5407 5405 5406
f 1442 5406 5405
f 5409 1443 5410
f 5406 5410 1443
f 4968 5410 407
f 5408 407 5410
f 5388 1438 5411
f 5403 5411 1438
f 4963 5411 1329
f 5409 1329 5411
f 395 4976 5395
f 5414 5395 4976
f 5414 5412 5413
f 1445 5413 5412
f 1334 4984 5412
f 5417 5412 4984
f 5417 5415 5416
f 1444 5416 5415
f 1445 5416 5419
f 5420 5419 5416
f 5420 5418 4182
f 297 4182 5418
f 1440 5413 5398
f 5421 5398 5413
f 5421 5419 4178
f 1124 4178 5419
f 296 4300 5405
f 5424 5405 4300
f 5424 5422 5423
f 1447 5423 5422
f 1154 4297 5422
f 5427 5422 4297
f 5427 5425 5426
f 1446 5426 5425
f 1447 5426 5429
f 5430 5429 5426
f 5430 5428 4993
f 409 4993 5428
f 5408 1442 5431
f 5423 5431 1442
f 5431 5429 4990
f 1336 4990 5429
f 396 5002 5415
f 5434 5415 5002
f 5434 5432 5433
f 1449 5433 5432
f 1341 5010 5432
f 5437 5432 5010
f 5437 5435 5436
f 1448 5436 5435
f 1449 5436 5439
f 5440 5439 5436
f 5440 5438 4306
f 309 4306 5438
f 1444 5433 5418
f 5441 5418 5433
f 5441 5439 4302
f 1156 4302 5439
f 308 4424 5425
f 5444 5425 4424
f 5444 5442 5443
f 1451 5443 5442
f 1186 4421 5442
f 5447 5442 4421
f 5447 5445 5446
f 1450 5446 5445
f 1451 5446 5449
f 5450 5449 5446
f 5450 5448 5020
f 412 5020 5448
f 1446 5443 5428
f 5451 5428 5443
f 5451 5449 5016
f 1343 5016 5449
f 397 5028 5435
f 5454 5435 5028
f 5453 5454 1453
f 5452 1453 5454
f 5452 1348 5457
f 5036 5457 1348
f 5456 5457 1452
f 5455 1452 5457
f 5459 1453 5460
f 5456 5460 1453
f 4430 5460 321
f 5458 321 5460
f 5438 1448 5461
f 5453 5461 1448
f 4426 5461 1188
f 5459 1188 5461
f 320 4548 5445
f 5464 5445 4548
f 5464 5462 5463
f 1455 5463 5462
f 1218 4545 5462
f 5467 5462 4545
f 5467 5465 5466
f 1454 5466 5465
f 5469 1455 5470
f 5466 5470 1455
f 5045 5470 401
f 5468 401 5470
f 5448 1450 5471
f 5463 5471 1450
f 5042 5471 1351
f 5469 1351 5471
f 5455 398 5474
f 5054 5474 398
f 5473 5474 1456
f 5472 1456 5474
f 1354 5060 5472
f 5476 5472 5060
f 5476 5282 5475
f 1416 5475 5282
f 1456 5475 5477
f 5478 5477 5475
f 5478 5292 4554
f 177 4554 5292
f 5458 1452 5479
f 5473 5479 1452
f 4550 5479 1220
f 5477 1220 5479
f 332 4652 5465
f 5482 5465 4652
f 5482 5480 5481
f 1457 5481 5480
f 1240 4649 5480
f 5484 5480 4649
f 5484 5296 5483
f 1420 5483 5296
f 5485 1457 5486
f 5483 5486 1457
f 5069 5486 400
f 5306 400 5486
f 5468 1454 5487
f 5481 5487 1454
f 5066 5487 1357
f 5485 1357 5487
f 5490 5331 5076
f 363 5076 5331
f 5489 5490 1460
f 5488 1460 5490
f 1362 5087 5488
f 5494 5488 5087
f 5494 5492 5493
f 1458 5493 5492
f 1460 5493 5497
f 5498 5497 5493
f 333 4658 5495
f 5498 5495 4658
f 5499 5334 5489
f 1426 5489 5334
f 4654 5499 1242
f 5497 1242 5499
f 249 4682 5358
f 5502 5358 4682
f 5502 5500 5501
f 1463 5501 5500
f 1249 4679 5500
f 5506 5500 4679
f 5506 5503 5505
f 1461 5505 5503
f 1463 5505 5509
f 5510 5509 5505
f 5510 5508 5098
f 356 5098 5508
f 1431 5501 5350
f 5511 5350 5501
f 5511 5509 5093
f 1365 5093 5509
f 338 4708 5504
f 5514 5504 4708
f 5512 1465 5514
f 5513 5514 1465
f 1256 4705 5512
f 5517 5512 4705
f 5517 5515 5516
f 1464 5516 5515
f 5516 5520 1465
f 5519 1465 5520
f 5518 378 5520
f 5114 5520 378
f 1462 5513 5507
f 5521 5507 5513
f 5519 1369 5521
f 5110 5521 1369
f 5524 5491 5122
f 367 5122 5491
f 1467 5523 5522
f 5524 5522 5523
f 5527 5522 5131
f 1374 5131 5522
f 5527 5525 5526
f 1466 5526 5525
f 5530 5529 5526
f 1467 5526 5529
f 339 4688 5528
f 5530 5528 4688
f 5531 5496 5523
f 1459 5523 5496
f 1251 4684 5529
f 5531 5529 4684
f 5525 368 5534
f 5136 5534 368
f 5533 5534 1469
f 5532 1469 5534
f 5532 1378 5537
f 5144 5537 1378
f 5535 1468 5537
f 5536 5537 1468
f 1469 5536 5539
f 5540 5539 5536
f 5540 5538 4714
f 342 4714 5538
f 1466 5533 5528
f 5541 5528 5533
f 5541 5539 4710
f 1258 4710 5539
f 5148 5544 355
f 5535 355 5544
f 5542 1471 5544
f 5543 5544 1471
f 5156 5547 1381
f 5542 1381 5547
f 5545 1470 5547
f 5546 5547 1470
f 5546 5550 1471
f 5549 1471 5550
f 343 4718 5548
f 5550 5548 4718
f 5543 5551 1468
f 5538 1468 5551
f 5549 1259 5551
f 4715 5551 1259
f 5545 353 5554
f 5160 5554 353
f 5554 5552 5553
f 1473 5553 5552
f 1384 5168 5552
f 5557 5552 5168
f 5557 5555 5556
f 1472 5556 5555
f 1473 5556 5559
f 5560 5559 5556
f 5560 5558 4730
f 344 4730 5558
f 5548 1470 5561
f 5553 5561 1470
f 5561 5559 4727
f 1262 4727 5559
f 341 4748 5515
f 5564 5515 4748
f 5564 5562 5563
f 1475 5563 5562
f 1267 4745 5562
f 5567 5562 4745
f 5567 5565 5566
f 1474 5566 5565
f 1475 5566 5569
f 5570 5569 5566
f 5176 5570 360
f 5568 360 5570
f 1464 5563 5518
f 5571 5518 5563
f 5173 5571 1386
f 5569 1386 5571
f 354 5184 5555
f 5574 5555 5184
f 1477 5573 5572
f 5574 5572 5573
f 5192 5577 1390
f 5572 1390 5577
f 5575 1476 5577
f 5576 5577 1476
f 1477 5576 5579
f 5580 5579 5576
f 5580 5578 4740
f 346 4740 5578
f 1472 5573 5558
f 5581 5558 5573
f 5581 5579 4736
f 1265 4736 5579
f 4744 5584 345
f 5565 345 5584
f 1478 5583 5582
f 5584 5582 5583
f 1266 4741 5582
f 5586 5582 4741
f 5586 5578 5585
f 1476 5585 5578
f 1478 5585 5587
f 5588 5587 5585
f 5588 5575 5200
f 361 5200 5575
f 5589 5568 5583
f 1474 5583 5568
f 5197 5589 1392
f 5587 1392 5589
f 391 5207 5370
f 5592 5370 5207
f 5591 5592 1480
f 5590 1480 5592
f 5590 1396 5595
f 5215 5595 1396
f 5594 5595 1479
f 5593 1479 5595
f 5597 1480 5598
f 5594 5598 1480
f 4754 5598 349
f 5596 349 5598
f 5591 5599 1434
f 5362 1434 5599
f 4750 5599 1269
f 5597 1269 5599
f 236 4774 5341
f 5602 5341 4774
f 5602 5600 5601
f 1482 5601 5600
f 5600 1274 5605
f 4771 5605 1274
f 5605 5603 5604
f 1481 5604 5603
f 1482 5604 5607
f 5608 5607 5604
f 5608 5606 5224
f 371 5224 5606
f 1428 5601 5344
f 5609 5344 5601
f 5609 5607 5221
f 1398 5221 5607
f 5593 373 5612
f 5232 5612 373
f 5611 5612 1484
f 5610 1484 5612
f 5610 1402 5615
f 5241 5615 1402
f 5614 5615 1483
f 5613 1483 5615
f 5617 1484 5618
f 5614 5618 1484
f 4780 5618 352
f 5616 352 5618
f 5596 1479 5619
f 5611 5619 1479
f 4776 5619 1276
f 5617 1276 5619
f 5603 347 5622
f 4800 5622 347
f 5621 5622 1486
f 5620 1486 5622
f 5620 1281 5625
f 4797 5625 1281
f 5625 5623 5624
f 1485 5624 5623
f 1486 5624 5627
f 5628 5627 5624
f 5628 5626 5250
f 374 5250 5626
f 1481 5621 5606
f 5629 5606 5621
f 5629 5627 5247
f 1405 5247 5627
f 350 4796 5623
f 5632 5623 4796
f 5632 5630 5631
f 1488 5631 5630
f 1280 4793 5630
f 5635 5630 4793
f 5635 5633 5634
f 1487 5634 5633
f 5638 5637 5634
f 1488 5634 5637
f 5636 370 5638
f 5262 5638 370
f 1485 5631 5626
f 5639 5626 5631
f 5639 5637 5259
f 1408 5259 5637
f 4784 5642 351
f 5633 351 5642
f 5640 1489 5642
f 5641 5642 1489
f 4781 5644 1277
f 5640 1277 5644
f 5616 1483 5644
f 5643 5644 1483
f 5643 5646 1489
f 5645 1489 5646
f 5613 375 5646
f 5276 5646 375
f 5641 5647 1487
f 5636 1487 5647
f 5645 1412 5647
f 5272 5647 1412
f 1491 1494 413
f 1490 413 1494
f 1492 417 1494
f 1493 1494 417
f 1496 1498 2
f 1495 2 1498
f 1497 418 1498
f 1491 1498 418
f 1499 1503 414
f 1497 414 1503
f 1501 416 1503
f 1502 1503 416
f 1502 1507 418
f 1492 418 1507
f 1504 13 1507
f 1506 1507 13
f 1509 1511 419
f 1508 419 1511
f 1510 414 1511
f 1496 1511 414
f 1513 1515 3
f 1512 3 1515
f 1514 423 1515
f 1509 1515 423
f 1516 1520 420
f 1514 420 1520
f 1518 421 1520
f 1519 1520 421
f 1519 1523 423
f 1510 423 1523
f 1521 16 1523
f 1499 1523 16
f 1525 1527 424
f 1524 424 1527
f 1526 420 1527
f 1513 1527 420
f 1529 1531 4
f 1528 4 1531
f 1530 428 1531
f 1525 1531 428
f 1532 1536 425
f 1530 425 1536
f 1533 427 1536
f 1535 1536 427
f 1535 1539 428
f 1526 428 1539
f 1537 18 1539
f 1516 1539 18
f 1543 1540 1541
f 429 1541 1540
f 1542 425 1543
f 1529 1543 425
f 1547 1544 1545
f 5 1545 1544
f 433 1541 1546
f 1547 1546 1541
f 1552 1546 1548
f 430 1548 1546
f 1550 432 1552
f 1551 1552 432
f 1551 1555 433
f 1542 433 1555
f 1554 19 1555
f 1532 1555 19
f 1559 1556 1557
f 434 1557 1556
f 430 1545 1558
f 1559 1558 1545
f 1564 1560 1561
f 7 1561 1560
f 439 1557 1563
f 1564 1563 1557
f 1570 1563 1565
f 436 1565 1563
f 437 1569 1568
f 1570 1568 1569
f 1573 1558 1569
f 439 1569 1558
f 21 1548 1571
f 1573 1571 1548
f 1577 1574 1575
f 440 1575 1574
f 435 1562 1576
f 1577 1576 1562
f 1579 1581 8
f 1578 8 1581
f 1580 444 1581
f 1575 1581 444
f 1582 1586 441
f 1580 441 1586
f 1583 442 1586
f 1585 1586 442
f 1589 1576 1585
f 444 1585 1576
f 25 1566 1588
f 1589 1588 1566
f 1593 1590 1591
f 445 1591 1590
f 441 1579 1592
f 1593 1592 1579
f 1595 1597 9
f 1594 9 1597
f 1596 449 1597
f 1591 1597 449
f 1598 1602 446
f 1596 446 1602
f 1600 447 1602
f 1601 1602 447
f 1605 1592 1601
f 449 1601 1592
f 28 1582 1604
f 1605 1604 1582
f 1609 1606 1607
f 450 1607 1606
f 446 1595 1608
f 1609 1608 1595
f 1611 1613 10
f 1610 10 1613
f 1612 454 1613
f 1607 1613 454
f 1614 1618 451
f 1612 451 1618
f 1616 452 1618
f 1617 1618 452
f 1621 1608 1617
f 454 1617 1608
f 30 1598 1619
f 1621 1619 1598
f 1625 1622 1623
f 455 1623 1622
f 451 1611 1624
f 1625 1624 1611
f 1627 1629 11
f 1626 11 1629
f 1628 459 1629
f 1623 1629 459
f 1630 1634 456
f 1628 456 1634
f 1632 458 1634
f 1633 1634 458
f 1637 1624 1633
f 459 1633 1624
f 31 1614 1635
f 1637 1635 1614
f 1641 1638 1639
f 460 1639 1638
f 456 1627 1640
f 1641 1640 1627
f 1643 1645 12
f 1642 12 1645
f 1644 464 1645
f 1639 1645 464
f 1646 1650 461
f 1644 461 1650
f 1647 463 1650
f 1649 1650 463
f 1653 1640 1649
f 464 1649 1640
f 33 1630 1651
f 1653 1651 1630
f 1505 415 1657
f 1654 1657 415
f 1656 1657 467
f 1655 467 1657
f 1658 1660 15
f 1500 15 1660
f 1654 1660 468
f 1659 468 1660
f 1659 465 1664
f 1661 1664 465
f 1663 1664 466
f 1662 466 1664
f 1655 468 1667
f 1663 1667 468
f 1666 1667 37
f 1665 37 1667
f 1668 1670 422
f 1522 422 1670
f 1669 465 1670
f 1658 1670 465
f 1671 1673 17
f 1517 17 1673
f 1672 471 1673
f 1668 1673 471
f 1674 1677 469
f 1672 469 1677
f 1675 470 1677
f 1676 1677 470
f 1676 1679 471
f 1669 471 1679
f 1661 1679 38
f 1678 38 1679
f 1680 1682 426
f 1538 426 1682
f 1681 469 1682
f 1671 1682 469
f 1683 1685 20
f 1534 20 1685
f 1684 474 1685
f 1680 1685 474
f 1686 1689 472
f 1684 472 1689
f 473 1688 1687
f 1689 1687 1688
f 1688 1691 474
f 1681 474 1691
f 1690 39 1691
f 1674 1691 39
f 1692 1694 431
f 1553 431 1694
f 1693 472 1694
f 1683 1694 472
f 1695 1697 22
f 1549 22 1697
f 1696 477 1697
f 1692 1697 477
f 1698 1701 475
f 1696 475 1701
f 476 1700 1699
f 1701 1699 1700
f 1700 1703 477
f 1693 477 1703
f 40 1686 1702
f 1703 1702 1686
f 1704 1706 438
f 1572 438 1706
f 1705 475 1706
f 1695 1706 475
f 1710 1567 1708
f 23 1708 1567
f 1709 481 1710
f 1704 1710 481
f 1711 1715 479
f 1709 479 1715
f 1713 480 1715
f 1714 1715 480
f 1714 1717 481
f 1705 481 1717
f 1716 41 1717
f 1698 1717 41
f 1720 1587 1718
f 443 1718 1587
f 478 1707 1719
f 1720 1719 1707
f 1721 1723 27
f 1584 27 1723
f 1722 484 1723
f 1718 1723 484
f 1724 1727 482
f 1722 482 1727
f 1725 483 1727
f 1726 1727 483
f 1729 1719 1726
f 484 1726 1719
f 42 1712 1728
f 1729 1728 1712
f 1732 1603 1730
f 448 1730 1603
f 482 1721 1731
f 1732 1731 1721
f 1733 1735 29
f 1599 29 1735
f 1734 487 1735
f 1730 1735 487
f 1736 1739 485
f 1734 485 1739
f 1737 486 1739
f 1738 1739 486
f 1741 1731 1738
f 487 1738 1731
f 44 1724 1740
f 1741 1740 1724
f 1744 1620 1742
f 453 1742 1620
f 485 1733 1743
f 1744 1743 1733
f 1745 1747 32
f 1615 32 1747
f 1746 490 1747
f 1742 1747 490
f 1748 1751 488
f 1746 488 1751
f 1749 489 1751
f 1750 1751 489
f 1753 1743 1750
f 490 1750 1743
f 45 1736 1752
f 1753 1752 1736
f 1756 1636 1754
f 457 1754 1636
f 488 1745 1755
f 1756 1755 1745
f 1757 1759 34
f 1631 34 1759
f 1758 493 1759
f 1754 1759 493
f 1760 1763 491
f 1758 491 1763
f 1761 492 1763
f 1762 1763 492
f 1762 1765 493
f 1755 493 1765
f 46 1748 1764
f 1765 1764 1748
f 1768 1652 1766
f 462 1766 1652
f 1767 491 1768
f 1757 1768 491
f 1769 1771 36
f 1648 36 1771
f 1770 496 1771
f 1766 1771 496
f 1772 1775 494
f 1770 494 1775
f 1773 495 1775
f 1774 1775 495
f 1774 1777 496
f 1767 496 1777
f 1776 47 1777
f 1760 1777 47
f 1665 466 1781
f 1778 1781 466
f 1780 1781 499
f 1779 499 1781
f 1662 38 1784
f 1782 1784 38
f 1778 1784 500
f 1783 500 1784
f 1783 497 1788
f 1785 1788 497
f 1787 1788 498
f 1786 498 1788
f 1779 500 1791
f 1787 1791 500
f 1790 1791 49
f 1789 49 1791
f 1678 470 1794
f 1792 1794 470
f 1782 1794 497
f 1793 497 1794
f 1795 1797 39
f 1675 39 1797
f 1796 503 1797
f 1792 1797 503
f 1801 1796 1798
f 501 1798 1796
f 1799 502 1801
f 1800 1801 502
f 1793 503 1803
f 1800 1803 503
f 1785 1803 50
f 1802 50 1803
f 1806 1690 1804
f 473 1804 1690
f 501 1795 1805
f 1806 1805 1795
f 1809 1687 1807
f 40 1807 1687
f 506 1804 1808
f 1809 1808 1804
f 1810 1813 504
f 1808 504 1813
f 1813 1811 1812
f 505 1812 1811
f 1815 1805 1812
f 506 1812 1805
f 51 1798 1814
f 1815 1814 1798
f 1816 1818 476
f 1702 476 1818
f 1817 504 1818
f 1807 1818 504
f 1819 1821 41
f 1699 41 1821
f 1820 509 1821
f 1816 1821 509
f 1822 1825 507
f 1820 507 1825
f 1823 508 1825
f 1824 1825 508
f 1824 1827 509
f 1817 509 1827
f 1826 52 1827
f 1810 1827 52
f 1828 1830 480
f 1716 480 1830
f 1829 507 1830
f 1819 1830 507
f 1831 1834 43
f 1713 43 1834
f 1833 513 1834
f 1828 1834 513
f 1836 1839 510
f 1833 510 1839
f 1837 512 1839
f 1838 1839 512
f 1838 1841 513
f 1829 513 1841
f 1840 53 1841
f 1822 1841 53
f 1842 1844 483
f 1728 483 1844
f 1843 511 1844
f 1832 1844 511
f 1845 1847 44
f 1725 44 1847
f 1846 516 1847
f 1842 1847 516
f 1848 1851 514
f 1846 514 1851
f 1849 515 1851
f 1850 1851 515
f 1850 1853 516
f 1843 516 1853
f 1852 55 1853
f 1835 1853 55
f 1854 1856 486
f 1740 486 1856
f 1855 514 1856
f 1845 1856 514
f 1857 1859 45
f 1737 45 1859
f 1858 519 1859
f 1854 1859 519
f 1860 1863 517
f 1858 517 1863
f 1861 518 1863
f 1862 1863 518
f 1862 1865 519
f 1855 519 1865
f 1864 56 1865
f 1848 1865 56
f 1866 1868 489
f 1752 489 1868
f 1867 517 1868
f 1857 1868 517
f 1869 1871 46
f 1749 46 1871
f 1870 522 1871
f 1866 1871 522
f 1872 1875 520
f 1870 520 1875
f 1873 521 1875
f 1874 1875 521
f 1874 1877 522
f 1867 522 1877
f 1876 57 1877
f 1860 1877 57
f 1878 1880 492
f 1764 492 1880
f 1879 520 1880
f 1869 1880 520
f 1881 1883 47
f 1761 47 1883
f 1882 525 1883
f 1878 1883 525
f 1884 1887 523
f 1882 523 1887
f 1885 524 1887
f 1886 1887 524
f 1886 1889 525
f 1879 525 1889
f 1888 58 1889
f 1872 1889 58
f 1890 1892 495
f 1776 495 1892
f 1891 523 1892
f 1881 1892 523
f 1893 1895 48
f 1773 48 1895
f 1894 528 1895
f 1890 1895 528
f 1896 1899 526
f 1894 526 1899
f 1897 527 1899
f 1898 1899 527
f 1898 1901 528
f 1891 528 1901
f 1900 59 1901
f 1884 1901 59
f 1789 498 1905
f 1902 1905 498
f 1904 1905 531
f 1903 531 1905
f 1786 50 1908
f 1906 1908 50
f 1902 1908 532
f 1907 532 1908
f 1907 529 1912
f 1909 1912 529
f 1911 1912 530
f 1910 530 1912
f 1903 532 1915
f 1911 1915 532
f 61 1914 1913
f 1915 1913 1914
f 1802 502 1918
f 1916 1918 502
f 1906 1918 529
f 1917 529 1918
f 1921 1799 1919
f 51 1919 1799
f 535 1916 1920
f 1921 1920 1916
f 533 1922 1920
f 1925 1920 1922
f 1925 1923 1924
f 534 1924 1923
f 1924 1927 535
f 1917 535 1927
f 1926 62 1927
f 1909 1927 62
f 505 1928 1814
f 1930 1814 1928
f 1930 1929 1919
f 533 1919 1929
f 52 1931 1811
f 1933 1811 1931
f 1933 1932 1928
f 538 1928 1932
f 1937 1932 1934
f 536 1934 1932
f 1937 1935 1936
f 537 1936 1935
f 538 1936 1929
f 1939 1929 1936
f 1939 1938 1922
f 63 1922 1938
f 1940 1942 508
f 1826 508 1942
f 1941 536 1942
f 1931 1942 536
f 1943 1945 53
f 1823 53 1945
f 1944 541 1945
f 1940 1945 541
f 1946 1949 539
f 1944 539 1949
f 1947 540 1949
f 1948 1949 540
f 1948 1951 541
f 1941 541 1951
f 64 1934 1950
f 1951 1950 1934
f 1952 1954 512
f 1840 512 1954
f 1953 539 1954
f 1943 1954 539
f 1955 1958 54
f 1837 54 1958
f 1957 545 1958
f 1952 1958 545
f 1959 1963 543
f 1957 543 1963
f 1961 544 1963
f 1962 1963 544
f 1962 1965 545
f 1953 545 1965
f 1964 65 1965
f 1946 1965 65
f 1966 1968 515
f 1852 515 1968
f 1967 542 1968
f 1956 1968 542
f 1969 1971 56
f 1849 56 1971
f 1970 548 1971
f 1966 1971 548
f 1972 1975 546
f 1970 546 1975
f 1973 547 1975
f 1974 1975 547
f 1974 1977 548
f 1967 548 1977
f 1976 67 1977
f 1960 1977 67
f 1978 1980 518
f 1864 518 1980
f 1979 546 1980
f 1969 1980 546
f 1981 1983 57
f 1861 57 1983
f 1982 551 1983
f 1978 1983 551
f 1984 1987 549
f 1982 549 1987
f 1985 550 1987
f 1986 1987 550
f 1986 1989 551
f 1979 551 1989
f 68 1972 1988
f 1989 1988 1972
f 1990 1992 521
f 1876 521 1992
f 1991 549 1992
f 1981 1992 549
f 1993 1995 58
f 1873 58 1995
f 1994 554 1995
f 1990 1995 554
f 1996 1999 552
f 1994 552 1999
f 1997 553 1999
f 1998 1999 553
f 1998 2001 554
f 1991 554 2001
f 69 1984 2000
f 2001 2000 1984
f 2002 2004 524
f 1888 524 2004
f 2003 552 2004
f 1993 2004 552
f 2005 2007 59
f 1885 59 2007
f 2006 557 2007
f 2002 2007 557
f 2008 2011 555
f 2006 555 2011
f 2009 556 2011
f 2010 2011 556
f 2010 2013 557
f 2003 557 2013
f 70 1996 2012
f 2013 2012 1996
f 527 2014 1900
f 2016 1900 2014
f 2016 2015 2005
f 555 2005 2015
f 60 2017 1897
f 2019 1897 2017
f 2019 2018 2014
f 560 2014 2018
f 2018 558 2023
f 2020 2023 558
f 2021 559 2023
f 2022 2023 559
f 560 2022 2015
f 2025 2015 2022
f 2024 71 2025
f 2008 2025 71
f 530 2026 1913
f 2029 1913 2026
f 2029 2027 2028
f 563 2028 2027
f 2032 1910 2030
f 62 2030 1910
f 2032 2031 2026
f 564 2026 2031
f 561 2033 2031
f 2036 2031 2033
f 562 2035 2034
f 2036 2034 2035
f 564 2035 2027
f 2039 2027 2035
f 2039 2037 2038
f 73 2038 2037
f 534 2040 1926
f 2042 1926 2040
f 2042 2041 2030
f 561 2030 2041
f 63 2043 1923
f 2045 1923 2043
f 2045 2044 2040
f 567 2040 2044
f 565 2046 2044
f 2049 2044 2046
f 2049 2047 2048
f 566 2048 2047
f 567 2048 2041
f 2051 2041 2048
f 2051 2050 2033
f 74 2033 2050
f 537 2052 1938
f 2054 1938 2052
f 2054 2053 2043
f 565 2043 2053
f 2057 1935 2055
f 64 2055 1935
f 2057 2056 2052
f 570 2052 2056
f 2061 2056 2058
f 568 2058 2056
f 569 2060 2059
f 2061 2059 2060
f 570 2060 2053
f 2063 2053 2060
f 2063 2062 2046
f 75 2046 2062
f 2066 1950 2064
f 540 2064 1950
f 568 2055 2065
f 2066 2065 2055
f 2067 2069 65
f 1947 65 2069
f 2068 573 2069
f 2064 2069 573
f 2070 2073 571
f 2068 571 2073
f 572 2072 2071
f 2073 2071 2072
f 2075 2065 2072
f 573 2072 2065
f 76 2058 2074
f 2075 2074 2058
f 2076 2078 544
f 1964 544 2078
f 2077 571 2078
f 2067 2078 571
f 2079 2082 66
f 1961 66 2082
f 2081 577 2082
f 2076 2082 577
f 2084 2087 574
f 2081 574 2087
f 2085 576 2087
f 2086 2087 576
f 2086 2089 577
f 2077 577 2089
f 2088 77 2089
f 2070 2089 77
f 2090 2092 547
f 1976 547 2092
f 2091 575 2092
f 2080 2092 575
f 2093 2095 68
f 1973 68 2095
f 2094 580 2095
f 2090 2095 580
f 2096 2099 578
f 2094 578 2099
f 2097 579 2099
f 2098 2099 579
f 2098 2101 580
f 2091 580 2101
f 2100 79 2101
f 2083 2101 79
f 2104 1988 2102
f 550 2102 1988
f 578 2093 2103
f 2104 2103 2093
f 2105 2107 69
f 1985 69 2107
f 2106 583 2107
f 2102 2107 583
f 2108 2111 581
f 2106 581 2111
f 2109 582 2111
f 2110 2111 582
f 2113 2103 2110
f 583 2110 2103
f 80 2096 2112
f 2113 2112 2096
f 2116 2000 2114
f 553 2114 2000
f 581 2105 2115
f 2116 2115 2105
f 2117 2119 70
f 1997 70 2119
f 2118 586 2119
f 2114 2119 586
f 2120 2123 584
f 2118 584 2123
f 2121 585 2123
f 2122 2123 585
f 2125 2115 2122
f 586 2122 2115
f 81 2108 2124
f 2125 2124 2108
f 2126 2128 556
f 2012 556 2128
f 584 2117 2127
f 2128 2127 2117
f 2129 2131 71
f 2009 71 2131
f 2130 589 2131
f 2126 2131 589
f 2132 2135 587
f 2130 587 2135
f 2133 588 2135
f 2134 2135 588
f 2134 2137 589
f 2127 589 2137
f 82 2120 2136
f 2137 2136 2120
f 2024 559 2140
f 2138 2140 559
f 2139 587 2140
f 2129 2140 587
f 2021 72 2143
f 2141 2143 72
f 2138 2143 592
f 2142 592 2143
f 2144 2147 590
f 2142 590 2147
f 2145 591 2147
f 2146 2147 591
f 2146 2149 592
f 2139 592 2149
f 2148 83 2149
f 2132 2149 83
f 2153 2037 2150
f 562 2150 2037
f 2152 2153 595
f 2151 595 2153
f 2156 2034 2154
f 74 2154 2034
f 2150 2156 596
f 2155 596 2156
f 2160 2155 2157
f 593 2157 2155
f 594 2159 2158
f 2160 2158 2159
f 2151 596 2163
f 2159 2163 596
f 2162 2163 85
f 2161 85 2163
f 566 2164 2050
f 2166 2050 2164
f 593 2154 2165
f 2166 2165 2154
f 75 2167 2047
f 2169 2047 2167
f 2169 2168 2164
f 599 2164 2168
f 2173 2168 2170
f 597 2170 2168
f 598 2172 2171
f 2173 2171 2172
f 2175 2165 2172
f 599 2172 2165
f 86 2157 2174
f 2175 2174 2157
f 2178 2062 2176
f 569 2176 2062
f 2178 2177 2167
f 597 2167 2177
f 2181 2059 2179
f 76 2179 2059
f 602 2176 2180
f 2181 2180 2176
f 2185 2180 2182
f 600 2182 2180
f 601 2184 2183
f 2185 2183 2184
f 2187 2177 2184
f 602 2184 2177
f 87 2170 2186
f 2187 2186 2170
f 2190 2074 2188
f 572 2188 2074
f 600 2179 2189
f 2190 2189 2179
f 2193 2071 2191
f 77 2191 2071
f 605 2188 2192
f 2193 2192 2188
f 2197 2192 2194
f 603 2194 2192
f 604 2196 2195
f 2197 2195 2196
f 2199 2189 2196
f 605 2196 2189
f 88 2182 2198
f 2199 2198 2182
f 2202 2088 2200
f 576 2200 2088
f 603 2191 2201
f 2202 2201 2191
f 2204 2206 78
f 2085 78 2206
f 2205 609 2206
f 2200 2206 609
f 2207 2211 607
f 2205 607 2211
f 608 2210 2209
f 2211 2209 2210
f 2213 2201 2210
f 609 2210 2201
f 89 2194 2212
f 2213 2212 2194
f 2214 2216 579
f 2100 579 2216
f 2215 606 2216
f 2203 2216 606
f 2217 2219 80
f 2097 80 2219
f 2218 612 2219
f 2214 2219 612
f 2220 2223 610
f 2218 610 2223
f 2221 611 2223
f 2222 2223 611
f 2222 2225 612
f 2215 612 2225
f 2224 90 2225
f 2208 2225 90
f 2228 2112 2226
f 582 2226 2112
f 610 2217 2227
f 2228 2227 2217
f 2229 2231 81
f 2109 81 2231
f 2230 615 2231
f 2226 2231 615
f 2232 2235 613
f 2230 613 2235
f 2233 614 2235
f 2234 2235 614
f 2237 2227 2234
f 615 2234 2227
f 2236 92 2237
f 2220 2237 92
f 2240 2124 2238
f 585 2238 2124
f 613 2229 2239
f 2240 2239 2229
f 2241 2243 82
f 2121 82 2243
f 2242 618 2243
f 2238 2243 618
f 2244 2247 616
f 2242 616 2247
f 2245 617 2247
f 2246 2247 617
f 2249 2239 2246
f 618 2246 2239
f 93 2232 2248
f 2249 2248 2232
f 2250 2252 588
f 2136 588 2252
f 616 2241 2251
f 2252 2251 2241
f 2253 2255 83
f 2133 83 2255
f 2254 621 2255
f 2250 2255 621
f 619 2256 2254
f 2259 2254 2256
f 2259 2257 2258
f 620 2258 2257
f 2261 2251 2258
f 621 2258 2251
f 94 2244 2260
f 2261 2260 2244
f 2262 2264 591
f 2148 591 2264
f 2263 619 2264
f 2253 2264 619
f 84 2265 2145
f 2267 2145 2265
f 2267 2266 2262
f 624 2262 2266
f 622 2268 2266
f 2271 2266 2268
f 2271 2269 2270
f 623 2270 2269
f 624 2270 2263
f 2273 2263 2270
f 2273 2272 2256
f 95 2256 2272
f 594 2274 2161
f 2277 2161 2274
f 2277 2275 2276
f 627 2276 2275
f 86 2278 2158
f 2280 2158 2278
f 2280 2279 2274
f 628 2274 2279
f 625 2281 2279
f 2284 2279 2281
f 2284 2282 2283
f 626 2283 2282
f 628 2283 2275
f 2287 2275 2283
f 2287 2285 2286
f 97 2286 2285
f 598 2288 2174
f 2290 2174 2288
f 2290 2289 2278
f 625 2278 2289
f 2293 2171 2291
f 87 2291 2171
f 2293 2292 2288
f 631 2288 2292
f 2297 2292 2294
f 629 2294 2292
f 2297 2295 2296
f 630 2296 2295
f 631 2296 2289
f 2299 2289 2296
f 2299 2298 2281
f 98 2281 2298
f 2186 601 2302
f 2300 2302 601
f 2291 2302 629
f 2301 629 2302
f 2183 88 2305
f 2303 2305 88
f 2300 2305 634
f 2304 634 2305
f 2304 632 2309
f 2306 2309 632
f 2308 2309 633
f 2307 633 2309
f 2301 634 2311
f 2308 2311 634
f 2294 2311 99
f 2310 99 2311
f 2198 604 2314
f 2312 2314 604
f 2303 2314 632
f 2313 632 2314
f 2195 89 2317
f 2315 2317 89
f 2312 2317 637
f 2316 637 2317
f 2316 635 2321
f 2318 2321 635
f 2320 2321 636
f 2319 636 2321
f 2313 637 2323
f 2320 2323 637
f 2306 2323 100
f 2322 100 2323
f 608 2324 2212
f 2326 2212 2324
f 2315 2326 635
f 2325 635 2326
f 91 2327 2209
f 2330 2209 2327
f 2330 2329 2324
f 641 2324 2329
f 639 2332 2329
f 2335 2329 2332
f 2335 2333 2334
f 640 2334 2333
f 2325 641 2337
f 2334 2337 641
f 2318 2337 101
f 2336 101 2337
f 611 2338 2224
f 2340 2224 2338
f 2340 2339 2328
f 638 2328 2339
f 92 2341 2221
f 2343 2221 2341
f 2343 2342 2338
f 644 2338 2342
f 642 2344 2342
f 2347 2342 2344
f 2347 2345 2346
f 643 2346 2345
f 644 2346 2339
f 2349 2339 2346
f 2349 2348 2331
f 102 2331 2348
f 2236 614 2352
f 2350 2352 614
f 2341 2352 642
f 2351 642 2352
f 93 2353 2233
f 2355 2233 2353
f 2355 2354 2350
f 647 2350 2354
f 645 2356 2354
f 2359 2354 2356
f 2359 2357 2358
f 646 2358 2357
f 2351 647 2361
f 2358 2361 647
f 2344 2361 104
f 2360 104 2361
f 2248 617 2364
f 2362 2364 617
f 2353 2364 645
f 2363 645 2364
f 94 2365 2245
f 2367 2245 2365
f 2367 2366 2362
f 650 2362 2366
f 648 2368 2366
f 2371 2366 2368
f 2371 2369 2370
f 649 2370 2369
f 2363 650 2373
f 2370 2373 650
f 2356 2373 105
f 2372 105 2373
f 620 2374 2260
f 2376 2260 2374
f 2365 2376 648
f 2375 648 2376
f 95 2377 2257
f 2379 2257 2377
f 2379 2378 2374
f 653 2374 2378
f 651 2380 2378
f 2383 2378 2380
f 2383 2381 2382
f 652 2382 2381
f 653 2382 2375
f 2385 2375 2382
f 2368 2385 106
f 2384 106 2385
f 623 2386 2272
f 2388 2272 2386
f 2388 2387 2377
f 651 2377 2387
f 96 2389 2269
f 2391 2269 2389
f 2391 2390 2386
f 656 2386 2390
f 654 2392 2390
f 2395 2390 2392
f 2395 2393 2394
f 655 2394 2393
f 656 2394 2387
f 2397 2387 2394
f 2397 2396 2380
f 107 2380 2396
f 626 2398 2285
f 2401 2285 2398
f 2401 2399 2400
f 659 2400 2399
f 98 2402 2282
f 2404 2282 2402
f 2404 2403 2398
f 660 2398 2403
f 657 2405 2403
f 2408 2403 2405
f 2408 2406 2407
f 658 2407 2406
f 660 2407 2399
f 2411 2399 2407
f 2411 2409 2410
f 109 2410 2409
f 630 2412 2298
f 2414 2298 2412
f 2414 2413 2402
f 657 2402 2413
f 2417 2295 2415
f 99 2415 2295
f 2417 2416 2412
f 663 2412 2416
f 661 2418 2416
f 2421 2416 2418
f 2421 2419 2420
f 662 2420 2419
f 663 2420 2413
f 2423 2413 2420
f 2423 2422 2405
f 110 2405 2422
f 2310 633 2426
f 2424 2426 633
f 2415 2426 661
f 2425 661 2426
f 2307 100 2429
f 2427 2429 100
f 2424 2429 666
f 2428 666 2429
f 2428 664 2433
f 2430 2433 664
f 2432 2433 665
f 2431 665 2433
f 2425 666 2435
f 2432 2435 666
f 2418 2435 111
f 2434 111 2435
f 2322 636 2438
f 2436 2438 636
f 2427 2438 664
f 2437 664 2438
f 2319 101 2441
f 2439 2441 101
f 2441 2440 2436
f 669 2436 2440
f 667 2442 2440
f 2445 2440 2442
f 2445 2443 2444
f 668 2444 2443
f 669 2444 2437
f 2447 2437 2444
f 2447 2446 2430
f 112 2430 2446
f 640 2448 2336
f 2450 2336 2448
f 2450 2449 2439
f 667 2439 2449
f 103 2451 2333
f 2454 2333 2451
f 2454 2453 2448
f 673 2448 2453
f 671 2456 2453
f 2459 2453 2456
f 2459 2457 2458
f 672 2458 2457
f 673 2458 2449
f 2461 2449 2458
f 2461 2460 2442
f 113 2442 2460
f 643 2462 2348
f 2464 2348 2462
f 2464 2463 2452
f 670 2452 2463
f 104 2465 2345
f 2467 2345 2465
f 2467 2466 2462
f 676 2462 2466
f 674 2468 2466
f 2471 2466 2468
f 2471 2469 2470
f 675 2470 2469
f 2463 676 2473
f 2470 2473 676
f 2455 2473 115
f 2472 115 2473
f 2360 646 2476
f 2474 2476 646
f 2465 2476 674
f 2475 674 2476
f 105 2477 2357
f 2479 2357 2477
f 2479 2478 2474
f 679 2474 2478
f 677 2480 2478
f 2483 2478 2480
f 2483 2481 2482
f 678 2482 2481
f 2475 679 2485
f 2482 2485 679
f 2468 2485 116
f 2484 116 2485
f 2372 649 2488
f 2486 2488 649
f 2477 2488 677
f 2487 677 2488
f 106 2489 2369
f 2491 2369 2489
f 2491 2490 2486
f 682 2486 2490
f 680 2492 2490
f 2495 2490 2492
f 2495 2493 2494
f 681 2494 2493
f 2487 682 2497
f 2494 2497 682
f 2480 2497 117
f 2496 117 2497
f 652 2498 2384
f 2500 2384 2498
f 2489 2500 680
f 2499 680 2500
f 107 2501 2381
f 2503 2381 2501
f 2503 2502 2498
f 685 2498 2502
f 683 2504 2502
f 2507 2502 2504
f 2507 2505 2506
f 684 2506 2505
f 685 2506 2499
f 2509 2499 2506
f 2492 2509 118
f 2508 118 2509
f 655 2510 2396
f 2512 2396 2510
f 2512 2511 2501
f 683 2501 2511
f 108 2513 2393
f 2515 2393 2513
f 2515 2514 2510
f 688 2510 2514
f 686 2516 2514
f 2519 2514 2516
f 2519 2517 2518
f 687 2518 2517
f 688 2518 2511
f 2521 2511 2518
f 2504 2521 119
f 2520 119 2521
f 658 2522 2409
f 2525 2409 2522
f 2524 2525 691
f 2523 691 2525
f 110 2526 2406
f 2528 2406 2526
f 2522 2528 692
f 2527 692 2528
f 2527 689 2532
f 2529 2532 689
f 2531 2532 690
f 2530 690 2532
f 2523 692 2535
f 2531 2535 692
f 2534 2535 121
f 2533 121 2535
f 662 2536 2422
f 2538 2422 2536
f 2526 2538 689
f 2537 689 2538
f 111 2539 2419
f 2541 2419 2539
f 2536 2541 695
f 2540 695 2541
f 2540 693 2545
f 2542 2545 693
f 2544 2545 694
f 2543 694 2545
f 2537 695 2547
f 2544 2547 695
f 2529 2547 122
f 2546 122 2547
f 2434 665 2550
f 2548 2550 665
f 2539 2550 693
f 2549 693 2550
f 2431 112 2553
f 2551 2553 112
f 2548 2553 698
f 2552 698 2553
f 2552 696 2557
f 2554 2557 696
f 2556 2557 697
f 2555 697 2557
f 2549 698 2559
f 2556 2559 698
f 2542 2559 123
f 2558 123 2559
f 668 2560 2446
f 2562 2446 2560
f 2551 2562 696
f 2561 696 2562
f 113 2563 2443
f 2565 2443 2563
f 2560 2565 701
f 2564 701 2565
f 2564 699 2569
f 2566 2569 699
f 2568 2569 700
f 2567 700 2569
f 2561 701 2571
f 2568 2571 701
f 2554 2571 124
f 2570 124 2571
f 672 2572 2460
f 2574 2460 2572
f 2563 2574 699
f 2573 699 2574
f 114 2575 2457
f 2578 2457 2575
f 2572 2578 705
f 2577 705 2578
f 2577 702 2583
f 2580 2583 702
f 2582 2583 704
f 2581 704 2583
f 2573 705 2585
f 2582 2585 705
f 2566 2585 125
f 2584 125 2585
f 2472 675 2588
f 2586 2588 675
f 2576 2588 703
f 2587 703 2588
f 116 2589 2469
f 2591 2469 2589
f 2586 2591 708
f 2590 708 2591
f 2590 706 2595
f 2592 2595 706
f 2594 2595 707
f 2593 707 2595
f 2587 708 2597
f 2594 2597 708
f 2579 2597 126
f 2596 126 2597
f 2484 678 2600
f 2598 2600 678
f 2589 2600 706
f 2599 706 2600
f 117 2601 2481
f 2603 2481 2601
f 2598 2603 711
f 2602 711 2603
f 2602 709 2607
f 2604 2607 709
f 2606 2607 710
f 2605 710 2607
f 2599 711 2609
f 2606 2609 711
f 2592 2609 128
f 2608 128 2609
f 2496 681 2612
f 2610 2612 681
f 2601 2612 709
f 2611 709 2612
f 118 2613 2493
f 2615 2493 2613
f 2610 2615 714
f 2614 714 2615
f 2614 712 2619
f 2616 2619 712
f 2618 2619 713
f 2617 713 2619
f 2611 714 2621
f 2618 2621 714
f 2604 2621 129
f 2620 129 2621
f 2508 684 2624
f 2622 2624 684
f 2613 2624 712
f 2623 712 2624
f 119 2625 2505
f 2627 2505 2625
f 2622 2627 717
f 2626 717 2627
f 2626 715 2631
f 2628 2631 715
f 2630 2631 716
f 2629 716 2631
f 2623 717 2633
f 2630 2633 717
f 2616 2633 130
f 2632 130 2633
f 2520 687 2636
f 2634 2636 687
f 2625 2636 715
f 2635 715 2636
f 120 2637 2517
f 2639 2517 2637
f 2634 2639 720
f 2638 720 2639
f 2638 718 2643
f 2640 2643 718
f 2642 2643 719
f 2641 719 2643
f 2635 720 2645
f 2642 2645 720
f 2628 2645 131
f 2644 131 2645
f 2533 690 2649
f 2646 2649 690
f 2648 2649 723
f 2647 723 2649
f 2530 122 2652
f 2650 2652 122
f 2646 2652 724
f 2651 724 2652
f 2651 721 2656
f 2653 2656 721
f 2655 2656 722
f 2654 722 2656
f 2647 724 2659
f 2655 2659 724
f 2658 2659 133
f 2657 133 2659
f 2546 694 2662
f 2660 2662 694
f 2650 2662 721
f 2661 721 2662
f 2543 123 2665
f 2663 2665 123
f 2660 2665 727
f 2664 727 2665
f 2664 725 2669
f 2666 2669 725
f 2668 2669 726
f 2667 726 2669
f 2661 727 2671
f 2668 2671 727
f 2653 2671 134
f 2670 134 2671
f 2558 697 2674
f 2672 2674 697
f 2663 2674 725
f 2673 725 2674
f 2555 124 2677
f 2675 2677 124
f 2672 2677 730
f 2676 730 2677
f 2676 728 2681
f 2678 2681 728
f 2680 2681 729
f 2679 729 2681
f 2673 730 2683
f 2680 2683 730
f 2666 2683 135
f 2682 135 2683
f 2570 700 2686
f 2684 2686 700
f 2675 2686 728
f 2685 728 2686
f 2567 125 2689
f 2687 2689 125
f 2684 2689 733
f 2688 733 2689
f 2688 731 2693
f 2690 2693 731
f 2692 2693 732
f 2691 732 2693
f 2685 733 2695
f 2692 2695 733
f 2678 2695 136
f 2694 136 2695
f 2584 704 2698
f 2696 2698 704
f 2687 2698 731
f 2697 731 2698
f 2581 127 2702
f 2700 2702 127
f 2696 2702 737
f 2701 737 2702
f 2701 734 2707
f 2703 2707 734
f 2706 2707 736
f 2705 736 2707
f 2697 737 2709
f 2706 2709 737
f 2690 2709 137
f 2708 137 2709
f 2596 707 2712
f 2710 2712 707
f 2699 2712 735
f 2711 735 2712
f 2593 128 2715
f 2713 2715 128
f 2710 2715 740
f 2714 740 2715
f 2714 738 2719
f 2716 2719 738
f 2718 2719 739
f 2717 739 2719
f 2711 740 2721
f 2718 2721 740
f 2704 2721 138
f 2720 138 2721
f 2608 710 2724
f 2722 2724 710
f 2713 2724 738
f 2723 738 2724
f 2605 129 2727
f 2725 2727 129
f 2722 2727 743
f 2726 743 2727
f 2726 741 2731
f 2728 2731 741
f 2730 2731 742
f 2729 742 2731
f 2723 743 2733
f 2730 2733 743
f 2716 2733 140
f 2732 140 2733
f 2620 713 2736
f 2734 2736 713
f 2725 2736 741
f 2735 741 2736
f 2617 130 2739
f 2737 2739 130
f 2734 2739 746
f 2738 746 2739
f 2738 744 2743
f 2740 2743 744
f 2742 2743 745
f 2741 745 2743
f 2735 746 2745
f 2742 2745 746
f 2728 2745 141
f 2744 141 2745
f 2632 716 2748
f 2746 2748 716
f 2737 2748 744
f 2747 744 2748
f 2629 131 2751
f 2749 2751 131
f 2746 2751 749
f 2750 749 2751
f 2750 747 2755
f 2752 2755 747
f 2754 2755 748
f 2753 748 2755
f 2747 749 2757
f 2754 2757 749
f 2740 2757 142
f 2756 142 2757
f 2644 719 2760
f 2758 2760 719
f 2749 2760 747
f 2759 747 2760
f 2641 132 2763
f 2761 2763 132
f 2758 2763 752
f 2762 752 2763
f 2762 750 2767
f 2764 2767 750
f 2766 2767 751
f 2765 751 2767
f 2759 752 2769
f 2766 2769 752
f 2752 2769 143
f 2768 143 2769
f 722 2770 2657
f 2773 2657 2770
f 2773 2771 2772
f 755 2772 2771
f 134 2774 2654
f 2776 2654 2774
f 2776 2775 2770
f 756 2770 2775
f 753 2777 2775
f 2780 2775 2777
f 2780 2778 2779
f 754 2779 2778
f 756 2779 2771
f 2783 2771 2779
f 2783 2781 2782
f 145 2782 2781
f 2670 726 2786
f 2784 2786 726
f 2786 2785 2774
f 753 2774 2785
f 135 2787 2667
f 2789 2667 2787
f 2789 2788 2784
f 759 2784 2788
f 757 2790 2788
f 2793 2788 2790
f 2793 2791 2792
f 758 2792 2791
f 759 2792 2785
f 2795 2785 2792
f 2795 2794 2777
f 146 2777 2794
f 2682 729 2798
f 2796 2798 729
f 2798 2797 2787
f 757 2787 2797
f 136 2799 2679
f 2801 2679 2799
f 2801 2800 2796
f 762 2796 2800
f 760 2802 2800
f 2805 2800 2802
f 2805 2803 2804
f 761 2804 2803
f 762 2804 2797
f 2807 2797 2804
f 2807 2806 2790
f 147 2790 2806
f 2694 732 2810
f 2808 2810 732
f 2799 2810 760
f 2809 760 2810
f 137 2811 2691
f 2813 2691 2811
f 2813 2812 2808
f 765 2808 2812
f 763 2814 2812
f 2817 2812 2814
f 2817 2815 2816
f 764 2816 2815
f 2809 765 2819
f 2816 2819 765
f 2819 2818 2802
f 148 2802 2818
f 2708 736 2822
f 2820 2822 736
f 2811 2822 763
f 2821 763 2822
f 139 2824 2705
f 2826 2705 2824
f 2826 2825 2820
f 769 2820 2825
f 766 2828 2825
f 2831 2825 2828
f 2831 2829 2830
f 768 2830 2829
f 2821 769 2833
f 2830 2833 769
f 2814 2833 149
f 2832 149 2833
f 2720 739 2836
f 2834 2836 739
f 2823 2836 767
f 2835 767 2836
f 140 2837 2717
f 2839 2717 2837
f 2839 2838 2834
f 772 2834 2838
f 770 2840 2838
f 2843 2838 2840
f 2843 2841 2842
f 771 2842 2841
f 2835 772 2845
f 2842 2845 772
f 2827 2845 150
f 2844 150 2845
f 2732 742 2848
f 2846 2848 742
f 2837 2848 770
f 2847 770 2848
f 141 2849 2729
f 2851 2729 2849
f 2851 2850 2846
f 775 2846 2850
f 773 2852 2850
f 2855 2850 2852
f 2855 2853 2854
f 774 2854 2853
f 2847 775 2857
f 2854 2857 775
f 2840 2857 152
f 2856 152 2857
f 2744 745 2860
f 2858 2860 745
f 2849 2860 773
f 2859 773 2860
f 142 2861 2741
f 2863 2741 2861
f 2863 2862 2858
f 778 2858 2862
f 776 2864 2862
f 2867 2862 2864
f 2867 2865 2866
f 777 2866 2865
f 2859 778 2869
f 2866 2869 778
f 2852 2869 153
f 2868 153 2869
f 2756 748 2872
f 2870 2872 748
f 2861 2872 776
f 2871 776 2872
f 143 2873 2753
f 2875 2753 2873
f 2875 2874 2870
f 781 2870 2874
f 779 2876 2874
f 2879 2874 2876
f 2879 2877 2878
f 780 2878 2877
f 2871 781 2881
f 2878 2881 781
f 2864 2881 154
f 2880 154 2881
f 2768 751 2884
f 2882 2884 751
f 2873 2884 779
f 2883 779 2884
f 144 2885 2765
f 2887 2765 2885
f 2887 2886 2882
f 784 2882 2886
f 782 2888 2886
f 2891 2886 2888
f 2891 2889 2890
f 783 2890 2889
f 2883 784 2893
f 2890 2893 784
f 2876 2893 155
f 2892 155 2893
f 754 2894 2781
f 2897 2781 2894
f 2897 2895 2896
f 786 2896 2895
f 146 2898 2778
f 2900 2778 2898
f 2900 2899 2894
f 787 2894 2899
f 2899 785 2903
f 2901 2903 785
f 2902 2903 413
f 1495 413 2903
f 2895 787 2905
f 2902 2905 787
f 2904 2905 1
f 1490 1 2905
f 758 2906 2794
f 2908 2794 2906
f 2908 2907 2898
f 785 2898 2907
f 147 2909 2791
f 2911 2791 2909
f 2911 2910 2906
f 789 2906 2910
f 788 2912 2910
f 2914 2910 2912
f 2913 2914 419
f 1512 419 2914
f 789 2913 2907
f 2915 2907 2913
f 2901 2915 2
f 1508 2 2915
f 761 2916 2806
f 2918 2806 2916
f 2918 2917 2909
f 788 2909 2917
f 148 2919 2803
f 2921 2803 2919
f 2921 2920 2916
f 791 2916 2920
f 790 2922 2920
f 2924 2920 2922
f 2923 2924 424
f 1528 424 2924
f 791 2923 2917
f 2925 2917 2923
f 2912 2925 3
f 1524 3 2925
f 764 2926 2818
f 2928 2818 2926
f 2928 2927 2919
f 790 2919 2927
f 149 2929 2815
f 2931 2815 2929
f 2931 2930 2926
f 793 2926 2930
f 792 2932 2930
f 2934 2930 2932
f 2934 1544 2933
f 429 2933 1544
f 793 2933 2927
f 2935 2927 2933
f 2935 1540 2922
f 4 2922 1540
f 2832 768 2938
f 2936 2938 768
f 2938 2937 2929
f 792 2929 2937
f 151 2939 2829
f 2942 2829 2939
f 2942 2941 2936
f 796 2936 2941
f 794 2943 2941
f 2946 2941 2943
f 2946 1560 2945
f 434 2945 1560
f 796 2945 2937
f 2947 2937 2945
f 2947 1556 2932
f 5 2932 1556
f 2844 771 2950
f 2948 2950 771
f 2940 2950 795
f 2949 795 2950
f 152 2951 2841
f 2953 2841 2951
f 2953 2952 2948
f 798 2948 2952
f 797 2954 2952
f 2956 2952 2954
f 2956 1578 2955
f 440 2955 1578
f 2949 798 2957
f 2955 2957 798
f 2944 2957 6
f 1574 6 2957
f 2856 774 2960
f 2958 2960 774
f 2951 2960 797
f 2959 797 2960
f 153 2961 2853
f 2963 2853 2961
f 2963 2962 2958
f 800 2958 2962
f 799 2964 2962
f 2966 2962 2964
f 2966 1594 2965
f 445 2965 1594
f 2959 800 2967
f 2965 2967 800
f 2954 2967 8
f 1590 8 2967
f 2868 777 2970
f 2968 2970 777
f 2961 2970 799
f 2969 799 2970
f 154 2971 2865
f 2973 2865 2971
f 2973 2972 2968
f 802 2968 2972
f 801 2974 2972
f 2976 2972 2974
f 2976 1610 2975
f 450 2975 1610
f 2969 802 2977
f 2975 2977 802
f 2964 2977 9
f 1606 9 2977
f 2880 780 2980
f 2978 2980 780
f 2971 2980 801
f 2979 801 2980
f 155 2981 2877
f 2983 2877 2981
f 2983 2982 2978
f 804 2978 2982
f 803 2984 2982
f 2986 2982 2984
f 2986 1626 2985
f 455 2985 1626
f 2979 804 2987
f 2985 2987 804
f 2974 2987 10
f 1622 10 2987
f 2892 783 2990
f 2988 2990 783
f 2981 2990 803
f 2989 803 2990
f 156 2991 2889
f 2993 2889 2991
f 2993 2992 2988
f 806 2988 2992
f 805 2994 2992
f 2996 2992 2994
f 2996 1642 2995
f 460 2995 1642
f 2989 806 2997
f 2995 2997 806
f 2984 2997 11
f 1638 11 2997
f 3001 1904 2998
f 531 2998 1904
f 3000 3001 810
f 2999 810 3001
f 3002 3004 61
f 1914 61 3004
f 3003 811 3004
f 2998 3004 811
f 3005 3009 807
f 3003 807 3009
f 3007 809 3009
f 3008 3009 809
f 2999 811 3013
f 3008 3013 811
f 3010 157 3013
f 3012 3013 157
f 2028 563 3016
f 3014 3016 563
f 3015 807 3016
f 3002 3016 807
f 2038 73 3019
f 3017 3019 73
f 3014 3019 815
f 3018 815 3019
f 3018 812 3024
f 3020 3024 812
f 3022 813 3024
f 3023 3024 813
f 3023 3027 815
f 3015 815 3027
f 3025 160 3027
f 3005 3027 160
f 3028 3031 808
f 3011 808 3031
f 3029 818 3031
f 3030 3031 818
f 3032 3034 159
f 3006 159 3034
f 3033 819 3034
f 3028 3034 819
f 3035 3038 816
f 3033 816 3038
f 3036 817 3038
f 3037 3038 817
f 3037 3041 819
f 3029 819 3041
f 3039 163 3041
f 3040 3041 163
f 3042 3044 814
f 3026 814 3044
f 3043 816 3044
f 3032 3044 816
f 3021 161 3047
f 3045 3047 161
f 3046 822 3047
f 3042 3047 822
f 3048 3051 820
f 3046 820 3051
f 821 3050 3049
f 3051 3049 3050
f 3053 3043 3050
f 822 3050 3043
f 164 3035 3052
f 3053 3052 3035
f 3039 817 3057
f 3054 3057 817
f 3056 3057 825
f 3055 825 3057
f 3060 3036 3058
f 164 3058 3036
f 3054 3060 826
f 3059 826 3060
f 823 3061 3059
f 3064 3059 3061
f 3063 3064 824
f 3062 824 3064
f 3055 826 3067
f 3063 3067 826
f 3066 3067 166
f 3065 166 3067
f 821 3068 3052
f 3070 3052 3068
f 3070 3069 3058
f 823 3058 3069
f 165 3071 3049
f 3073 3049 3071
f 3073 3072 3068
f 829 3068 3072
f 827 3074 3072
f 3077 3072 3074
f 3077 3075 3076
f 828 3076 3075
f 829 3076 3069
f 3079 3069 3076
f 3079 3078 3061
f 167 3061 3078
f 3074 827 3083
f 3080 3083 827
f 3082 3083 832
f 3081 832 3083
f 3071 165 3086
f 3084 3086 165
f 3080 3086 833
f 3085 833 3086
f 3085 830 3090
f 3087 3090 830
f 3089 3090 831
f 3088 831 3090
f 3081 833 3093
f 3089 3093 833
f 3092 3093 170
f 3091 170 3093
f 2144 590 3097
f 3094 3097 590
f 3096 3097 836
f 3095 836 3097
f 2141 72 3100
f 3098 3100 72
f 3094 3100 837
f 3099 837 3100
f 834 3101 3099
f 3104 3099 3101
f 3103 3104 835
f 3102 835 3104
f 3095 837 3107
f 3103 3107 837
f 3107 3105 3106
f 173 3106 3105
f 558 3108 2020
f 3110 2020 3108
f 3110 3109 3098
f 834 3098 3109
f 60 3111 2017
f 3113 2017 3111
f 3113 3112 3108
f 840 3108 3112
f 838 3114 3112
f 3117 3112 3114
f 3117 3115 3116
f 839 3116 3115
f 840 3116 3109
f 3119 3109 3116
f 3119 3118 3101
f 172 3101 3118
f 3105 835 3123
f 3120 3123 835
f 3123 3121 3122
f 843 3122 3121
f 172 3124 3102
f 3126 3102 3124
f 3120 3126 844
f 3125 844 3126
f 3125 841 3130
f 3127 3130 841
f 3129 3130 842
f 3128 842 3130
f 3121 844 3133
f 3129 3133 844
f 3132 3133 176
f 3131 176 3133
f 839 3134 3118
f 3136 3118 3134
f 3136 3135 3124
f 841 3124 3135
f 171 3137 3115
f 3139 3115 3137
f 3139 3138 3134
f 847 3134 3138
f 845 3140 3138
f 3143 3138 3140
f 3143 3141 3142
f 846 3142 3141
f 847 3142 3135
f 3145 3135 3142
f 3145 3144 3127
f 175 3127 3144
f 3147 3150 848
f 3146 848 3150
f 3148 852 3150
f 3149 3150 852
f 3152 3155 189
f 3151 189 3155
f 3154 853 3155
f 3147 3155 853
f 3156 3160 850
f 3154 850 3160
f 3158 851 3160
f 3159 3160 851
f 3159 3163 853
f 3148 853 3163
f 3161 178 3163
f 3162 3163 178
f 3164 3167 851
f 3161 851 3167
f 3165 857 3167
f 3166 3167 857
f 3168 3171 191
f 3158 191 3171
f 3170 858 3171
f 3164 3171 858
f 3173 3176 855
f 3170 855 3176
f 3174 856 3176
f 3175 3176 856
f 3175 3179 858
f 3165 858 3179
f 3177 179 3179
f 3178 3179 179
f 3180 3183 856
f 3177 856 3183
f 3181 862 3183
f 3182 3183 862
f 3185 3187 193
f 3174 193 3187
f 3186 863 3187
f 3180 3187 863
f 3189 3192 859
f 3186 859 3192
f 3190 861 3192
f 3191 3192 861
f 3191 3195 863
f 3181 863 3195
f 3193 180 3195
f 3194 3195 180
f 3196 3199 861
f 3193 861 3199
f 3199 3197 3198
f 867 3198 3197
f 3200 3203 196
f 3190 196 3203
f 3202 868 3203
f 3196 3203 868
f 3205 3208 865
f 3202 865 3208
f 3208 3206 3207
f 866 3207 3206
f 868 3207 3197
f 3211 3197 3207
f 3211 3209 3210
f 181 3210 3209
f 866 3212 3209
f 3215 3209 3212
f 3215 3213 3214
f 873 3214 3213
f 198 3217 3206
f 3219 3206 3217
f 3219 3218 3212
f 874 3212 3218
f 870 3221 3218
f 3225 3218 3221
f 3225 3222 3224
f 872 3224 3222
f 874 3224 3213
f 3229 3213 3224
f 3229 3226 3228
f 182 3228 3226
f 871 3230 3227
f 3233 3227 3230
f 3233 3231 3232
f 878 3232 3231
f 199 3234 3223
f 3237 3223 3234
f 3237 3236 3230
f 879 3230 3236
f 3239 3242 876
f 3236 876 3242
f 3240 877 3242
f 3241 3242 877
f 3241 3245 879
f 3231 879 3245
f 3243 184 3245
f 3244 3245 184
f 877 3246 3243
f 3249 3243 3246
f 3249 3247 3248
f 883 3248 3247
f 203 3251 3240
f 3253 3240 3251
f 3253 3252 3246
f 884 3246 3252
f 3255 3258 880
f 3252 880 3258
f 3256 882 3258
f 3257 3258 882
f 3257 3261 884
f 3247 884 3261
f 3259 185 3261
f 3260 3261 185
f 882 3262 3259
f 3265 3259 3262
f 3265 3263 3264
f 888 3264 3263
f 206 3267 3256
f 3269 3256 3267
f 3269 3268 3262
f 889 3262 3268
f 3271 3274 885
f 3268 885 3274
f 3272 887 3274
f 3273 3274 887
f 3273 3277 889
f 3263 889 3277
f 3275 186 3277
f 3276 3277 186
f 887 3278 3275
f 3281 3275 3278
f 3281 3279 3280
f 893 3280 3279
f 207 3283 3272
f 3285 3272 3283
f 3285 3284 3278
f 894 3278 3284
f 3287 3290 891
f 3284 891 3290
f 3288 892 3290
f 3289 3290 892
f 3289 3293 894
f 3279 894 3293
f 3291 187 3293
f 3292 3293 187
f 892 3294 3291
f 3297 3291 3294
f 3297 3295 3296
f 898 3296 3295
f 209 3299 3288
f 3301 3288 3299
f 3301 3300 3294
f 899 3294 3300
f 3303 3306 895
f 3300 895 3306
f 3304 897 3306
f 3305 3306 897
f 3305 3309 899
f 3295 899 3309
f 3307 188 3309
f 3308 3309 188
f 3310 900 3313
f 3311 3313 900
f 3153 3313 849
f 3312 849 3313
f 3314 213 3317
f 3315 3317 213
f 3311 3317 903
f 3316 903 3317
f 3316 901 3321
f 3318 3321 901
f 3320 3321 902
f 3319 902 3321
f 3312 903 3323
f 3320 3323 903
f 3322 192 3323
f 3157 3323 192
f 3324 3326 902
f 3322 902 3326
f 3325 854 3326
f 3169 3326 854
f 3319 214 3329
f 3327 3329 214
f 3328 906 3329
f 3324 3329 906
f 3330 3333 904
f 3328 904 3333
f 3331 905 3333
f 3332 3333 905
f 3332 3335 906
f 3325 906 3335
f 3334 194 3335
f 3172 3335 194
f 3336 3338 905
f 3334 905 3338
f 3337 860 3338
f 3184 3338 860
f 3339 3341 215
f 3331 215 3341
f 3340 909 3341
f 3336 3341 909
f 907 3342 3340
f 3345 3340 3342
f 3343 908 3345
f 3344 3345 908
f 3344 3347 909
f 3337 909 3347
f 3346 195 3347
f 3188 3347 195
f 3348 3350 908
f 3346 908 3350
f 3349 864 3350
f 3201 3350 864
f 216 3351 3343
f 3353 3343 3351
f 3352 912 3353
f 3348 3353 912
f 910 3354 3352
f 3357 3352 3354
f 3355 911 3357
f 3356 3357 911
f 3356 3359 912
f 3349 912 3359
f 3358 197 3359
f 3204 3359 197
f 3360 3362 911
f 3358 911 3362
f 3361 869 3362
f 3216 3362 869
f 3363 3365 217
f 3355 217 3365
f 3364 916 3365
f 3360 3365 916
f 3366 3370 913
f 3364 913 3370
f 3368 914 3370
f 3369 3370 914
f 3369 3373 916
f 3361 916 3373
f 3373 3371 3220
f 202 3220 3371
f 915 3374 3372
f 3376 3372 3374
f 3376 3375 3235
f 875 3235 3375
f 218 3377 3367
f 3379 3367 3377
f 3379 3378 3374
f 919 3374 3378
f 3380 3383 917
f 3378 917 3383
f 3381 918 3383
f 3382 3383 918
f 3382 3385 919
f 3375 919 3385
f 3384 204 3385
f 3238 3385 204
f 918 3386 3384
f 3388 3384 3386
f 3388 3387 3250
f 881 3250 3387
f 220 3389 3381
f 3391 3381 3389
f 3391 3390 3386
f 922 3386 3390
f 3392 3395 920
f 3390 920 3395
f 3393 921 3395
f 3394 3395 921
f 3394 3397 922
f 3387 922 3397
f 3396 205 3397
f 3254 3397 205
f 921 3398 3396
f 3400 3396 3398
f 3400 3399 3266
f 886 3266 3399
f 221 3401 3393
f 3403 3393 3401
f 3403 3402 3398
f 925 3398 3402
f 3404 3407 923
f 3402 923 3407
f 3405 924 3407
f 3406 3407 924
f 3406 3409 925
f 3399 925 3409
f 3408 208 3409
f 3270 3409 208
f 924 3410 3408
f 3412 3408 3410
f 3412 3411 3282
f 890 3282 3411
f 222 3413 3405
f 3415 3405 3413
f 3414 928 3415
f 3410 3415 928
f 3416 3419 926
f 3414 926 3419
f 3417 927 3419
f 3418 3419 927
f 3418 3421 928
f 3411 928 3421
f 3420 210 3421
f 3286 3421 210
f 3422 3424 927
f 3420 927 3424
f 3424 3423 3298
f 896 3298 3423
f 3425 3427 223
f 3417 223 3427
f 3426 931 3427
f 3422 3427 931
f 3428 3431 929
f 3426 929 3431
f 3429 930 3431
f 3430 3431 930
f 3430 3433 931
f 3423 931 3433
f 3432 212 3433
f 3302 3433 212
f 3434 932 3437
f 3435 3437 932
f 3315 3437 901
f 3436 901 3437
f 3438 225 3441
f 3439 3441 225
f 3435 3441 935
f 3440 935 3441
f 3440 933 3445
f 3442 3445 933
f 3444 3445 934
f 3443 934 3445
f 3436 935 3447
f 3444 3447 935
f 3318 3447 214
f 3446 214 3447
f 3446 934 3450
f 3448 3450 934
f 3327 3450 904
f 3449 904 3450
f 3443 226 3453
f 3451 3453 226
f 3448 3453 938
f 3452 938 3453
f 3454 3457 936
f 3452 936 3457
f 3457 3455 3456
f 937 3456 3455
f 3456 3459 938
f 3449 938 3459
f 3458 215 3459
f 3330 3459 215
f 937 3460 3458
f 3462 3458 3460
f 3462 3461 3339
f 907 3339 3461
f 227 3463 3455
f 3465 3455 3463
f 3465 3464 3460
f 941 3460 3464
f 939 3466 3464
f 3469 3464 3466
f 3469 3467 3468
f 940 3468 3467
f 941 3468 3461
f 3471 3461 3468
f 3471 3470 3342
f 216 3342 3470
f 940 3472 3470
f 3474 3470 3472
f 3474 3473 3351
f 910 3351 3473
f 228 3475 3467
f 3477 3467 3475
f 3477 3476 3472
f 944 3472 3476
f 942 3478 3476
f 3481 3476 3478
f 3481 3479 3480
f 943 3480 3479
f 944 3480 3473
f 3483 3473 3480
f 3483 3482 3354
f 217 3354 3482
f 943 3484 3482
f 3486 3482 3484
f 3486 3485 3363
f 913 3363 3485
f 229 3487 3479
f 3489 3479 3487
f 3489 3488 3484
f 948 3484 3488
f 945 3490 3488
f 3494 3488 3490
f 3494 3491 3493
f 947 3493 3491
f 948 3493 3485
f 3497 3485 3493
f 3497 3495 3366
f 219 3366 3495
f 946 3498 3496
f 3500 3496 3498
f 3500 3499 3377
f 917 3377 3499
f 230 3501 3492
f 3503 3492 3501
f 3503 3502 3498
f 951 3498 3502
f 949 3504 3502
f 3507 3502 3504
f 3507 3505 3506
f 950 3506 3505
f 951 3506 3499
f 3509 3499 3506
f 3509 3508 3380
f 220 3380 3508
f 950 3510 3508
f 3512 3508 3510
f 3512 3511 3389
f 920 3389 3511
f 232 3513 3505
f 3515 3505 3513
f 3515 3514 3510
f 954 3510 3514
f 952 3516 3514
f 3519 3514 3516
f 3519 3517 3518
f 953 3518 3517
f 954 3518 3511
f 3521 3511 3518
f 3521 3520 3392
f 221 3392 3520
f 953 3522 3520
f 3524 3520 3522
f 3524 3523 3401
f 923 3401 3523
f 233 3525 3517
f 3527 3517 3525
f 3527 3526 3522
f 957 3522 3526
f 955 3528 3526
f 3531 3526 3528
f 3531 3529 3530
f 956 3530 3529
f 957 3530 3523
f 3533 3523 3530
f 3533 3532 3404
f 222 3404 3532
f 956 3534 3532
f 3536 3532 3534
f 3536 3535 3413
f 926 3413 3535
f 234 3537 3529
f 3539 3529 3537
f 3539 3538 3534
f 960 3534 3538
f 958 3540 3538
f 3543 3538 3540
f 3543 3541 3542
f 959 3542 3541
f 960 3542 3535
f 3545 3535 3542
f 3545 3544 3416
f 223 3416 3544
f 959 3546 3544
f 3548 3544 3546
f 3547 929 3548
f 3425 3548 929
f 235 3549 3541
f 3551 3541 3549
f 3551 3550 3546
f 963 3546 3550
f 3552 3555 961
f 3550 961 3555
f 3553 962 3555
f 3554 3555 962
f 3554 3557 963
f 3547 963 3557
f 3557 3556 3428
f 224 3428 3556
f 3558 964 3561
f 3559 3561 964
f 3439 3561 933
f 3560 933 3561
f 237 3563 3562
f 3565 3562 3563
f 3559 3565 967
f 3564 967 3565
f 3564 965 3569
f 3566 3569 965
f 3568 3569 966
f 3567 966 3569
f 3560 967 3571
f 3568 3571 967
f 3442 3571 226
f 3570 226 3571
f 3570 966 3574
f 3572 3574 966
f 3451 3574 936
f 3573 936 3574
f 238 3575 3567
f 3577 3567 3575
f 3577 3576 3572
f 970 3572 3576
f 968 3578 3576
f 3581 3576 3578
f 3581 3579 3580
f 969 3580 3579
f 970 3580 3573
f 3583 3573 3580
f 3583 3582 3454
f 227 3454 3582
f 969 3584 3582
f 3586 3582 3584
f 3586 3585 3463
f 939 3463 3585
f 239 3587 3579
f 3589 3579 3587
f 3589 3588 3584
f 973 3584 3588
f 971 3590 3588
f 3593 3588 3590
f 3593 3591 3592
f 972 3592 3591
f 973 3592 3585
f 3595 3585 3592
f 3595 3594 3466
f 228 3466 3594
f 972 3596 3594
f 3598 3594 3596
f 3598 3597 3475
f 942 3475 3597
f 240 3599 3591
f 3601 3591 3599
f 3601 3600 3596
f 976 3596 3600
f 3602 3605 974
f 3600 974 3605
f 3605 3603 3604
f 975 3604 3603
f 976 3604 3597
f 3607 3597 3604
f 3607 3606 3478
f 229 3478 3606
f 975 3608 3606
f 3610 3606 3608
f 3610 3609 3487
f 945 3487 3609
f 3611 3613 241
f 3603 241 3613
f 3613 3612 3608
f 980 3608 3612
f 3614 3618 977
f 3612 977 3618
f 3618 3616 3617
f 979 3617 3616
f 980 3617 3609
f 3621 3609 3617
f 3621 3619 3490
f 231 3490 3619
f 978 3622 3620
f 3624 3620 3622
f 3624 3623 3501
f 949 3501 3623
f 3625 3627 242
f 3615 242 3627
f 3627 3626 3622
f 983 3622 3626
f 3628 3631 981
f 3626 981 3631
f 3631 3629 3630
f 982 3630 3629
f 983 3630 3623
f 3633 3623 3630
f 3633 3632 3504
f 232 3504 3632
f 982 3634 3632
f 3636 3632 3634
f 3636 3635 3513
f 952 3513 3635
f 244 3637 3629
f 3639 3629 3637
f 3639 3638 3634
f 986 3634 3638
f 3640 3643 984
f 3638 984 3643
f 3643 3641 3642
f 985 3642 3641
f 986 3642 3635
f 3645 3635 3642
f 3645 3644 3516
f 233 3516 3644
f 985 3646 3644
f 3648 3644 3646
f 3648 3647 3525
f 955 3525 3647
f 245 3649 3641
f 3651 3641 3649
f 3651 3650 3646
f 989 3646 3650
f 3652 3655 987
f 3650 987 3655
f 3655 3653 3654
f 988 3654 3653
f 989 3654 3647
f 3657 3647 3654
f 3657 3656 3528
f 234 3528 3656
f 988 3658 3656
f 3660 3656 3658
f 3660 3659 3537
f 958 3537 3659
f 246 3661 3653
f 3663 3653 3661
f 3663 3662 3658
f 992 3658 3662
f 3664 3667 990
f 3662 990 3667
f 3667 3665 3666
f 991 3666 3665
f 992 3666 3659
f 3669 3659 3666
f 3669 3668 3540
f 235 3540 3668
f 991 3670 3668
f 3672 3668 3670
f 3672 3671 3549
f 961 3549 3671
f 3673 3675 247
f 3665 247 3675
f 3675 3674 3670
f 995 3670 3674
f 993 3676 3674
f 3679 3674 3676
f 3678 3679 994
f 3677 994 3679
f 995 3678 3671
f 3681 3671 3678
f 236 3552 3680
f 3681 3680 3552
f 996 3683 3682
f 3685 3682 3683
f 3685 3684 3563
f 965 3563 3684
f 249 3687 3686
f 3689 3686 3687
f 3689 3688 3683
f 999 3683 3688
f 997 3690 3688
f 3693 3688 3690
f 3693 3691 3692
f 998 3692 3691
f 999 3692 3684
f 3695 3684 3692
f 3695 3694 3566
f 238 3566 3694
f 998 3696 3694
f 3698 3694 3696
f 3698 3697 3575
f 968 3575 3697
f 250 3699 3691
f 3701 3691 3699
f 3701 3700 3696
f 1002 3696 3700
f 1000 3702 3700
f 3705 3700 3702
f 3705 3703 3704
f 1001 3704 3703
f 1002 3704 3697
f 3707 3697 3704
f 3707 3706 3578
f 239 3578 3706
f 1001 3708 3706
f 3710 3706 3708
f 3710 3709 3587
f 971 3587 3709
f 251 3711 3703
f 3713 3703 3711
f 3713 3712 3708
f 1005 3708 3712
f 1003 3714 3712
f 3717 3712 3714
f 3717 3715 3716
f 1004 3716 3715
f 1005 3716 3709
f 3719 3709 3716
f 3719 3718 3590
f 240 3590 3718
f 1004 3720 3718
f 3722 3718 3720
f 3722 3721 3599
f 974 3599 3721
f 252 3723 3715
f 3725 3715 3723
f 3725 3724 3720
f 1008 3720 3724
f 1006 3726 3724
f 3729 3724 3726
f 3727 1007 3729
f 3728 3729 1007
f 3728 3731 1008
f 3721 1008 3731
f 3730 241 3731
f 3602 3731 241
f 3732 3734 1007
f 3730 1007 3734
f 3733 977 3734
f 3611 3734 977
f 3735 3737 253
f 3727 253 3737
f 3736 1012 3737
f 3732 3737 1012
f 3738 3742 1009
f 3736 1009 3742
f 3740 1010 3742
f 3741 3742 1010
f 3741 3745 1012
f 3733 1012 3745
f 3743 243 3745
f 3614 3745 243
f 3746 3748 1011
f 3744 1011 3748
f 3747 981 3748
f 3625 3748 981
f 3749 3751 255
f 3739 255 3751
f 3750 1015 3751
f 3746 3751 1015
f 3752 3755 1013
f 3750 1013 3755
f 3753 1014 3755
f 3754 3755 1014
f 3754 3757 1015
f 3747 1015 3757
f 3756 244 3757
f 3628 3757 244
f 1014 3758 3756
f 3760 3756 3758
f 3760 3759 3637
f 984 3637 3759
f 256 3761 3753
f 3763 3753 3761
f 3763 3762 3758
f 1018 3758 3762
f 3764 3767 1016
f 3762 1016 3767
f 3765 1017 3767
f 3766 3767 1017
f 3766 3769 1018
f 3759 1018 3769
f 3768 245 3769
f 3640 3769 245
f 1017 3770 3768
f 3772 3768 3770
f 3772 3771 3649
f 987 3649 3771
f 257 3773 3765
f 3775 3765 3773
f 3775 3774 3770
f 1021 3770 3774
f 3776 3779 1019
f 3774 1019 3779
f 3777 1020 3779
f 3778 3779 1020
f 3778 3781 1021
f 3771 1021 3781
f 3780 246 3781
f 3652 3781 246
f 1020 3782 3780
f 3784 3780 3782
f 3783 990 3784
f 3661 3784 990
f 258 3785 3777
f 3787 3777 3785
f 3786 1024 3787
f 3782 3787 1024
f 3788 3791 1022
f 3786 1022 3791
f 3789 1023 3791
f 3790 3791 1023
f 3790 3793 1024
f 3783 1024 3793
f 3792 247 3793
f 3664 3793 247
f 3794 3796 1023
f 3792 1023 3796
f 3673 3796 993
f 3795 993 3796
f 3797 3799 259
f 3789 259 3799
f 3798 1027 3799
f 3794 3799 1027
f 3800 3803 1025
f 3798 1025 3803
f 3801 1026 3803
f 3802 3803 1026
f 3795 1027 3805
f 3802 3805 1027
f 3676 3805 248
f 3804 248 3805
f 3806 1028 3809
f 3807 3809 1028
f 3809 3808 3687
f 997 3687 3808
f 3810 261 3813
f 3811 3813 261
f 3807 3813 1031
f 3812 1031 3813
f 1029 3814 3812
f 3817 3812 3814
f 3817 3815 3816
f 1030 3816 3815
f 3808 1031 3819
f 3816 3819 1031
f 3819 3818 3690
f 250 3690 3818
f 1030 3820 3818
f 3822 3818 3820
f 3822 3821 3699
f 1000 3699 3821
f 262 3823 3815
f 3825 3815 3823
f 3825 3824 3820
f 1034 3820 3824
f 1032 3826 3824
f 3829 3824 3826
f 3829 3827 3828
f 1033 3828 3827
f 1034 3828 3821
f 3831 3821 3828
f 3831 3830 3702
f 251 3702 3830
f 1033 3832 3830
f 3834 3830 3832
f 3834 3833 3711
f 1003 3711 3833
f 263 3835 3827
f 3837 3827 3835
f 3837 3836 3832
f 1037 3832 3836
f 1035 3838 3836
f 3841 3836 3838
f 3841 3839 3840
f 1036 3840 3839
f 1037 3840 3833
f 3843 3833 3840
f 3843 3842 3714
f 252 3714 3842
f 1036 3844 3842
f 3846 3842 3844
f 3846 3845 3723
f 1006 3723 3845
f 264 3847 3839
f 3849 3839 3847
f 3849 3848 3844
f 1040 3844 3848
f 1038 3850 3848
f 3853 3848 3850
f 3853 3851 3852
f 1039 3852 3851
f 1040 3852 3845
f 3855 3845 3852
f 3855 3854 3726
f 253 3726 3854
f 1039 3856 3854
f 3858 3854 3856
f 3858 3857 3735
f 1009 3735 3857
f 265 3859 3851
f 3861 3851 3859
f 3861 3860 3856
f 1044 3856 3860
f 1041 3862 3860
f 3866 3860 3862
f 3864 1042 3866
f 3865 3866 1042
f 3865 3869 1044
f 3857 1044 3869
f 3868 254 3869
f 3738 3869 254
f 3870 3872 1043
f 3867 1043 3872
f 3871 1013 3872
f 3749 3872 1013
f 3873 3875 266
f 3863 266 3875
f 3874 1047 3875
f 3870 3875 1047
f 3876 3879 1045
f 3874 1045 3879
f 3877 1046 3879
f 3878 3879 1046
f 3878 3881 1047
f 3871 1047 3881
f 3880 256 3881
f 3752 3881 256
f 1046 3882 3880
f 3884 3880 3882
f 3884 3883 3761
f 1016 3761 3883
f 3885 3887 268
f 3877 268 3887
f 3887 3886 3882
f 1050 3882 3886
f 3888 3891 1048
f 3886 1048 3891
f 3889 1049 3891
f 3890 3891 1049
f 3890 3893 1050
f 3883 1050 3893
f 3892 257 3893
f 3764 3893 257
f 1049 3894 3892
f 3896 3892 3894
f 3896 3895 3773
f 1019 3773 3895
f 269 3897 3889
f 3899 3889 3897
f 3899 3898 3894
f 1053 3894 3898
f 3900 3903 1051
f 3898 1051 3903
f 3901 1052 3903
f 3902 3903 1052
f 3902 3905 1053
f 3895 1053 3905
f 3904 258 3905
f 3776 3905 258
f 1052 3906 3904
f 3908 3904 3906
f 3907 1022 3908
f 3785 3908 1022
f 270 3909 3901
f 3911 3901 3909
f 3911 3910 3906
f 1056 3906 3910
f 3915 3910 3912
f 1054 3912 3910
f 1055 3914 3913
f 3915 3913 3914
f 3914 3917 1056
f 3907 1056 3917
f 3916 259 3917
f 3788 3917 259
f 3918 3920 1055
f 3916 1055 3920
f 3919 1025 3920
f 3797 3920 1025
f 3923 3913 3921
f 271 3921 3913
f 1059 3918 3922
f 3923 3922 3918
f 3927 3922 3924
f 1057 3924 3922
f 1058 3926 3925
f 3927 3925 3926
f 3929 3919 3926
f 1059 3926 3919
f 260 3800 3928
f 3929 3928 3800
f 1060 3931 3930
f 3933 3930 3931
f 3933 3932 3811
f 1029 3811 3932
f 273 3935 3934
f 3937 3934 3935
f 3937 3936 3931
f 1063 3931 3936
f 1061 3938 3936
f 3941 3936 3938
f 3941 3939 3940
f 1062 3940 3939
f 1063 3940 3932
f 3943 3932 3940
f 3943 3942 3814
f 262 3814 3942
f 1062 3944 3942
f 3946 3942 3944
f 3946 3945 3823
f 1032 3823 3945
f 274 3947 3939
f 3949 3939 3947
f 3949 3948 3944
f 1066 3944 3948
f 1064 3950 3948
f 3953 3948 3950
f 3953 3951 3952
f 1065 3952 3951
f 1066 3952 3945
f 3955 3945 3952
f 3955 3954 3826
f 263 3826 3954
f 3954 1065 3958
f 3956 3958 1065
f 3835 3958 1035
f 3957 1035 3958
f 3951 275 3961
f 3959 3961 275
f 3956 3961 1069
f 3960 1069 3961
f 3960 1067 3965
f 3962 3965 1067
f 3964 3965 1068
f 3963 1068 3965
f 3957 1069 3967
f 3964 3967 1069
f 3838 3967 264
f 3966 264 3967
f 3966 1068 3970
f 3968 3970 1068
f 3847 3970 1038
f 3969 1038 3970
f 3963 276 3973
f 3971 3973 276
f 3968 3973 1072
f 3972 1072 3973
f 3972 1070 3977
f 3974 3977 1070
f 3976 3977 1071
f 3975 1071 3977
f 3969 1072 3979
f 3976 3979 1072
f 3850 3979 265
f 3978 265 3979
f 3978 1071 3982
f 3980 3982 1071
f 1041 3859 3981
f 3982 3981 3859
f 3975 277 3985
f 3983 3985 277
f 3980 3985 1076
f 3984 1076 3985
f 3990 3984 3986
f 1073 3986 3984
f 1075 3989 3987
f 3990 3987 3989
f 3993 3981 3989
f 1076 3989 3981
f 267 3862 3991
f 3993 3991 3862
f 3996 3992 3994
f 1074 3994 3992
f 1045 3873 3995
f 3996 3995 3873
f 3999 3988 3997
f 278 3997 3988
f 1079 3994 3998
f 3999 3998 3994
f 4003 3998 4000
f 1077 4000 3998
f 1078 4002 4001
f 4003 4001 4002
f 4005 3995 4002
f 1079 4002 3995
f 268 3876 4004
f 4005 4004 3876
f 4004 1078 4008
f 4006 4008 1078
f 3885 4008 1048
f 4007 1048 4008
f 4001 280 4011
f 4009 4011 280
f 4006 4011 1082
f 4010 1082 4011
f 4015 4010 4012
f 1080 4012 4010
f 1081 4014 4013
f 4015 4013 4014
f 4017 4007 4014
f 1082 4014 4007
f 269 3888 4016
f 4017 4016 3888
f 4016 1081 4020
f 4018 4020 1081
f 3897 4020 1051
f 4019 1051 4020
f 4013 281 4023
f 4021 4023 281
f 4018 4023 1085
f 4022 1085 4023
f 4027 4022 4024
f 1083 4024 4022
f 1084 4026 4025
f 4027 4025 4026
f 4029 4019 4026
f 1085 4026 4019
f 270 3900 4028
f 4029 4028 3900
f 4028 1084 4032
f 4030 4032 1084
f 1054 3909 4031
f 4032 4031 3909
f 4025 282 4035
f 4033 4035 282
f 1088 4030 4034
f 4035 4034 4030
f 4039 4034 4036
f 1086 4036 4034
f 1087 4038 4037
f 4039 4037 4038
f 4041 4031 4038
f 1088 4038 4031
f 271 3912 4040
f 4041 4040 3912
f 4044 4040 4042
f 1087 4042 4040
f 1057 3921 4043
f 4044 4043 3921
f 4047 4037 4045
f 283 4045 4037
f 1091 4042 4046
f 4047 4046 4042
f 4051 4046 4048
f 1089 4048 4046
f 1090 4050 4049
f 4051 4049 4050
f 4053 4043 4050
f 1091 4050 4043
f 272 3924 4052
f 4053 4052 3924
f 4057 4054 4055
f 1092 4055 4054
f 4057 4056 3935
f 1061 3935 4056
f 4061 4058 4059
f 285 4059 4058
f 1095 4055 4060
f 4061 4060 4055
f 4065 4060 4062
f 1093 4062 4060
f 1094 4064 4063
f 4065 4063 4064
f 4067 4056 4064
f 1095 4064 4056
f 4067 4066 3938
f 274 3938 4066
f 1094 4068 4066
f 4070 4066 4068
f 4070 4069 3947
f 1064 3947 4069
f 4073 4063 4071
f 286 4071 4063
f 1098 4068 4072
f 4073 4072 4068
f 4077 4072 4074
f 1096 4074 4072
f 1097 4076 4075
f 4077 4075 4076
f 4079 4069 4076
f 1098 4076 4069
f 4079 4078 3950
f 275 3950 4078
f 4078 1097 4082
f 4080 4082 1097
f 3959 4082 1067
f 4081 1067 4082
f 4075 287 4085
f 4083 4085 287
f 4080 4085 1101
f 4084 1101 4085
f 4084 1099 4089
f 4086 4089 1099
f 4088 4089 1100
f 4087 1100 4089
f 4081 1101 4091
f 4088 4091 1101
f 3962 4091 276
f 4090 276 4091
f 4090 1100 4094
f 4092 4094 1100
f 3971 4094 1070
f 4093 1070 4094
f 4097 4087 4095
f 288 4095 4087
f 1104 4092 4096
f 4097 4096 4092
f 4101 4096 4098
f 1102 4098 4096
f 1103 4100 4099
f 4101 4099 4100
f 4103 4093 4100
f 1104 4100 4093
f 3974 4103 277
f 4102 277 4103
f 4106 4102 4104
f 1103 4104 4102
f 1073 3983 4105
f 4106 4105 3983
f 4109 4099 4107
f 289 4107 4099
f 1108 4104 4108
f 4109 4108 4104
f 4114 4108 4110
f 1105 4110 4108
f 1106 4113 4111
f 4114 4111 4113
f 4117 4105 4113
f 1108 4113 4105
f 279 3986 4115
f 4117 4115 3986
f 4120 4116 4118
f 1107 4118 4116
f 1077 3997 4119
f 4120 4119 3997
f 4112 290 4123
f 4121 4123 290
f 4118 4123 1111
f 4122 1111 4123
f 4127 4122 4124
f 1109 4124 4122
f 1110 4126 4125
f 4127 4125 4126
f 4129 4119 4126
f 1111 4126 4119
f 280 4000 4128
f 4129 4128 4000
f 4128 1110 4132
f 4130 4132 1110
f 4009 4132 1080
f 4131 1080 4132
f 4125 292 4135
f 4133 4135 292
f 4130 4135 1114
f 4134 1114 4135
f 4139 4134 4136
f 1112 4136 4134
f 1113 4138 4137
f 4139 4137 4138
f 4141 4131 4138
f 1114 4138 4131
f 281 4012 4140
f 4141 4140 4012
f 4140 1113 4144
f 4142 4144 1113
f 4021 4144 1083
f 4143 1083 4144
f 4137 293 4147
f 4145 4147 293
f 4142 4147 1117
f 4146 1117 4147
f 4151 4146 4148
f 1115 4148 4146
f 1116 4150 4149
f 4151 4149 4150
f 4153 4143 4150
f 1117 4150 4143
f 282 4024 4152
f 4153 4152 4024
f 4152 1116 4156
f 4154 4156 1116
f 1086 4033 4155
f 4156 4155 4033
f 4149 294 4159
f 4157 4159 294
f 1120 4154 4158
f 4159 4158 4154
f 4163 4158 4160
f 1118 4160 4158
f 1119 4162 4161
f 4163 4161 4162
f 4165 4155 4162
f 1120 4162 4155
f 283 4036 4164
f 4165 4164 4036
f 4168 4164 4166
f 1119 4166 4164
f 1089 4045 4167
f 4168 4167 4045
f 4161 295 4171
f 4169 4171 295
f 1123 4166 4170
f 4171 4170 4166
f 4175 4170 4172
f 1121 4172 4170
f 1122 4174 4173
f 4175 4173 4174
f 4177 4167 4174
f 1123 4174 4167
f 284 4048 4176
f 4177 4176 4048
f 4178 1124 4181
f 4179 4181 1124
f 1093 4059 4180
f 4181 4180 4059
f 4182 297 4185
f 4183 4185 297
f 4179 4185 1127
f 4184 1127 4185
f 4184 1125 4189
f 4186 4189 1125
f 4188 4189 1126
f 4187 1126 4189
f 4180 1127 4191
f 4188 4191 1127
f 286 4062 4190
f 4191 4190 4062
f 4190 1126 4194
f 4192 4194 1126
f 1096 4071 4193
f 4194 4193 4071
f 4187 298 4197
f 4195 4197 298
f 4192 4197 1130
f 4196 1130 4197
f 4196 1128 4201
f 4198 4201 1128
f 4200 4201 1129
f 4199 1129 4201
f 4193 1130 4203
f 4200 4203 1130
f 287 4074 4202
f 4203 4202 4074
f 4202 1129 4206
f 4204 4206 1129
f 4083 4206 1099
f 4205 1099 4206
f 4199 299 4209
f 4207 4209 299
f 4204 4209 1133
f 4208 1133 4209
f 4208 1131 4213
f 4210 4213 1131
f 4212 4213 1132
f 4211 1132 4213
f 4205 1133 4215
f 4212 4215 1133
f 4086 4215 288
f 4214 288 4215
f 4214 1132 4218
f 4216 4218 1132
f 1102 4095 4217
f 4218 4217 4095
f 4211 300 4221
f 4219 4221 300
f 4216 4221 1136
f 4220 1136 4221
f 4220 1134 4225
f 4222 4225 1134
f 4224 4225 1135
f 4223 1135 4225
f 4217 1136 4227
f 4224 4227 1136
f 289 4098 4226
f 4227 4226 4098
f 4226 1135 4230
f 4228 4230 1135
f 1105 4107 4229
f 4230 4229 4107
f 4223 301 4233
f 4231 4233 301
f 4228 4233 1140
f 4232 1140 4233
f 4232 1137 4238
f 4234 4238 1137
f 4237 4238 1138
f 4235 1138 4238
f 4229 1140 4241
f 4237 4241 1140
f 291 4110 4240
f 4241 4240 4110
f 4239 1139 4244
f 4242 4244 1139
f 4121 4244 1109
f 4243 1109 4244
f 4236 303 4247
f 4245 4247 303
f 4242 4247 1143
f 4246 1143 4247
f 4246 1141 4251
f 4248 4251 1141
f 4250 4251 1142
f 4249 1142 4251
f 4243 1143 4253
f 4250 4253 1143
f 292 4124 4252
f 4253 4252 4124
f 4252 1142 4256
f 4254 4256 1142
f 4133 4256 1112
f 4255 1112 4256
f 4249 304 4259
f 4257 4259 304
f 4254 4259 1146
f 4258 1146 4259
f 4258 1144 4263
f 4260 4263 1144
f 4262 4263 1145
f 4261 1145 4263
f 4255 1146 4265
f 4262 4265 1146
f 293 4136 4264
f 4265 4264 4136
f 4264 1145 4268
f 4266 4268 1145
f 4145 4268 1115
f 4267 1115 4268
f 4261 305 4271
f 4269 4271 305
f 4266 4271 1149
f 4270 1149 4271
f 4270 1147 4275
f 4272 4275 1147
f 4274 4275 1148
f 4273 1148 4275
f 4267 1149 4277
f 4274 4277 1149
f 294 4148 4276
f 4277 4276 4148
f 4276 1148 4280
f 4278 4280 1148
f 4157 4280 1118
f 4279 1118 4280
f 4273 306 4283
f 4281 4283 306
f 4278 4283 1152
f 4282 1152 4283
f 4282 1150 4287
f 4284 4287 1150
f 4286 4287 1151
f 4285 1151 4287
f 4279 1152 4289
f 4286 4289 1152
f 295 4160 4288
f 4289 4288 4160
f 4288 1151 4292
f 4290 4292 1151
f 4169 4292 1121
f 4291 1121 4292
f 4285 307 4295
f 4293 4295 307
f 4290 4295 1155
f 4294 1155 4295
f 4294 1153 4299
f 4296 4299 1153
f 4298 4299 1154
f 4297 1154 4299
f 4291 1155 4301
f 4298 4301 1155
f 296 4172 4300
f 4301 4300 4172
f 4302 1156 4305
f 4303 4305 1156
f 4183 4305 1125
f 4304 1125 4305
f 4306 309 4309
f 4307 4309 309
f 4303 4309 1159
f 4308 1159 4309
f 4308 1157 4313
f 4310 4313 1157
f 4312 4313 1158
f 4311 1158 4313
f 4304 1159 4315
f 4312 4315 1159
f 4186 4315 298
f 4314 298 4315
f 4314 1158 4318
f 4316 4318 1158
f 4195 4318 1128
f 4317 1128 4318
f 4311 310 4321
f 4319 4321 310
f 4316 4321 1162
f 4320 1162 4321
f 4320 1160 4325
f 4322 4325 1160
f 4324 4325 1161
f 4323 1161 4325
f 4317 1162 4327
f 4324 4327 1162
f 4198 4327 299
f 4326 299 4327
f 4326 1161 4330
f 4328 4330 1161
f 4207 4330 1131
f 4329 1131 4330
f 4323 311 4333
f 4331 4333 311
f 4328 4333 1165
f 4332 1165 4333
f 4332 1163 4337
f 4334 4337 1163
f 4336 4337 1164
f 4335 1164 4337
f 4329 1165 4339
f 4336 4339 1165
f 4210 4339 300
f 4338 300 4339
f 4338 1164 4342
f 4340 4342 1164
f 4219 4342 1134
f 4341 1134 4342
f 4335 312 4345
f 4343 4345 312
f 4340 4345 1168
f 4344 1168 4345
f 4344 1166 4349
f 4346 4349 1166
f 4348 4349 1167
f 4347 1167 4349
f 4341 1168 4351
f 4348 4351 1168
f 4222 4351 301
f 4350 301 4351
f 4350 1167 4354
f 4352 4354 1167
f 4231 4354 1137
f 4353 1137 4354
f 4347 313 4357
f 4355 4357 313
f 4352 4357 1172
f 4356 1172 4357
f 4356 1169 4362
f 4358 4362 1169
f 4361 4362 1170
f 4360 1170 4362
f 4353 1172 4365
f 4361 4365 1172
f 4234 4365 302
f 4363 302 4365
f 4364 1171 4368
f 4366 4368 1171
f 4245 4368 1141
f 4367 1141 4368
f 4359 314 4371
f 4369 4371 314
f 4366 4371 1175
f 4370 1175 4371
f 4370 1173 4375
f 4372 4375 1173
f 4374 4375 1174
f 4373 1174 4375
f 4367 1175 4377
f 4374 4377 1175
f 4248 4377 304
f 4376 304 4377
f 4376 1174 4380
f 4378 4380 1174
f 4257 4380 1144
f 4379 1144 4380
f 4373 316 4383
f 4381 4383 316
f 4378 4383 1178
f 4382 1178 4383
f 4382 1176 4387
f 4384 4387 1176
f 4386 4387 1177
f 4385 1177 4387
f 4379 1178 4389
f 4386 4389 1178
f 4260 4389 305
f 4388 305 4389
f 4388 1177 4392
f 4390 4392 1177
f 4269 4392 1147
f 4391 1147 4392
f 4385 317 4395
f 4393 4395 317
f 4390 4395 1181
f 4394 1181 4395
f 4394 1179 4399
f 4396 4399 1179
f 4398 4399 1180
f 4397 1180 4399
f 4391 1181 4401
f 4398 4401 1181
f 4272 4401 306
f 4400 306 4401
f 4400 1180 4404
f 4402 4404 1180
f 4281 4404 1150
f 4403 1150 4404
f 4397 318 4407
f 4405 4407 318
f 4402 4407 1184
f 4406 1184 4407
f 4406 1182 4411
f 4408 4411 1182
f 4410 4411 1183
f 4409 1183 4411
f 4403 1184 4413
f 4410 4413 1184
f 4284 4413 307
f 4412 307 4413
f 4412 1183 4416
f 4414 4416 1183
f 4293 4416 1153
f 4415 1153 4416
f 4409 319 4419
f 4417 4419 319
f 4414 4419 1187
f 4418 1187 4419
f 4418 1185 4423
f 4420 4423 1185
f 4422 4423 1186
f 4421 1186 4423
f 4415 1187 4425
f 4422 4425 1187
f 4296 4425 308
f 4424 308 4425
f 4429 4426 4427
f 1188 4427 4426
f 1157 4307 4428
f 4429 4428 4307
f 4433 4430 4431
f 321 4431 4430
f 1191 4427 4432
f 4433 4432 4427
f 4437 4432 4434
f 1189 4434 4432
f 1190 4436 4435
f 4437 4435 4436
f 4439 4428 4436
f 1191 4436 4428
f 310 4310 4438
f 4439 4438 4310
f 4442 4438 4440
f 1190 4440 4438
f 4319 4442 1160
f 4441 1160 4442
f 4445 4435 4443
f 322 4443 4435
f 1194 4440 4444
f 4445 4444 4440
f 4449 4444 4446
f 1192 4446 4444
f 1193 4448 4447
f 4449 4447 4448
f 4451 4441 4448
f 1194 4448 4441
f 311 4322 4450
f 4451 4450 4322
f 4454 4450 4452
f 1193 4452 4450
f 4331 4454 1163
f 4453 1163 4454
f 4457 4447 4455
f 323 4455 4447
f 1197 4452 4456
f 4457 4456 4452
f 4461 4456 4458
f 1195 4458 4456
f 1196 4460 4459
f 4461 4459 4460
f 4463 4453 4460
f 1197 4460 4453
f 312 4334 4462
f 4463 4462 4334
f 4462 1196 4466
f 4464 4466 1196
f 4343 4466 1166
f 4465 1166 4466
f 4469 4459 4467
f 324 4467 4459
f 4464 4469 1200
f 4468 1200 4469
f 4473 4468 4470
f 1198 4470 4468
f 1199 4472 4471
f 4473 4471 4472
f 4475 4465 4472
f 1200 4472 4465
f 313 4346 4474
f 4475 4474 4346
f 4474 1199 4478
f 4476 4478 1199
f 4355 4478 1169
f 4477 1169 4478
f 4471 325 4481
f 4479 4481 325
f 4476 4481 1204
f 4480 1204 4481
f 4486 4480 4482
f 1201 4482 4480
f 1203 4485 4483
f 4486 4483 4485
f 4489 4477 4485
f 1204 4485 4477
f 315 4358 4488
f 4489 4488 4358
f 4487 1202 4492
f 4490 4492 1202
f 4369 4492 1173
f 4491 1173 4492
f 4484 326 4495
f 4493 4495 326
f 4490 4495 1207
f 4494 1207 4495
f 4499 4494 4496
f 1205 4496 4494
f 1206 4498 4497
f 4499 4497 4498
f 4501 4491 4498
f 1207 4498 4491
f 316 4372 4500
f 4501 4500 4372
f 4500 1206 4504
f 4502 4504 1206
f 4381 4504 1176
f 4503 1176 4504
f 4497 328 4507
f 4505 4507 328
f 4502 4507 1210
f 4506 1210 4507
f 4511 4506 4508
f 1208 4508 4506
f 1209 4510 4509
f 4511 4509 4510
f 4513 4503 4510
f 1210 4510 4503
f 317 4384 4512
f 4513 4512 4384
f 4512 1209 4516
f 4514 4516 1209
f 4393 4516 1179
f 4515 1179 4516
f 4509 329 4519
f 4517 4519 329
f 4514 4519 1213
f 4518 1213 4519
f 4523 4518 4520
f 1211 4520 4518
f 1212 4522 4521
f 4523 4521 4522
f 4525 4515 4522
f 1213 4522 4515
f 318 4396 4524
f 4525 4524 4396
f 4524 1212 4528
f 4526 4528 1212
f 4405 4528 1182
f 4527 1182 4528
f 4521 330 4531
f 4529 4531 330
f 4526 4531 1216
f 4530 1216 4531
f 4535 4530 4532
f 1214 4532 4530
f 1215 4534 4533
f 4535 4533 4534
f 4537 4527 4534
f 1216 4534 4527
f 319 4408 4536
f 4537 4536 4408
f 4536 1215 4540
f 4538 4540 1215
f 4417 4540 1185
f 4539 1185 4540
f 4533 331 4543
f 4541 4543 331
f 4538 4543 1219
f 4542 1219 4543
f 4547 4542 4544
f 1217 4544 4542
f 1218 4546 4545
f 4547 4545 4546
f 4549 4539 4546
f 1219 4546 4539
f 320 4420 4548
f 4549 4548 4420
f 4553 4550 4551
f 1220 4551 4550
f 1189 4431 4552
f 4553 4552 4431
f 4554 177 4556
f 3149 4556 177
f 4551 4556 1222
f 4555 1222 4556
f 4555 852 4559
f 3162 4559 852
f 4558 4559 1221
f 4557 1221 4559
f 4561 4552 4558
f 1222 4558 4552
f 322 4434 4560
f 4561 4560 4434
f 4564 4560 4562
f 1221 4562 4560
f 1192 4443 4563
f 4564 4563 4443
f 4557 178 4566
f 3166 4566 178
f 1224 4562 4565
f 4566 4565 4562
f 4565 857 4569
f 3178 4569 857
f 1223 4568 4567
f 4569 4567 4568
f 4571 4563 4568
f 1224 4568 4563
f 323 4446 4570
f 4571 4570 4446
f 4574 4570 4572
f 1223 4572 4570
f 1195 4455 4573
f 4574 4573 4455
f 4567 179 4576
f 3182 4576 179
f 1226 4572 4575
f 4576 4575 4572
f 4575 862 4579
f 3194 4579 862
f 1225 4578 4577
f 4579 4577 4578
f 4581 4573 4578
f 1226 4578 4573
f 324 4458 4580
f 4581 4580 4458
f 4584 4580 4582
f 1225 4582 4580
f 1198 4467 4583
f 4584 4583 4467
f 4586 4577 3198
f 180 3198 4577
f 1228 4582 4585
f 4586 4585 4582
f 4589 4585 3210
f 867 3210 4585
f 1227 4588 4587
f 4589 4587 4588
f 4591 4583 4588
f 1228 4588 4583
f 325 4470 4590
f 4591 4590 4470
f 4594 4590 4592
f 1227 4592 4590
f 4479 4594 1201
f 4593 1201 4594
f 4596 4587 3214
f 181 3214 4587
f 1231 4592 4595
f 4596 4595 4592
f 4600 4595 3228
f 873 3228 4595
f 1230 4599 4597
f 4600 4597 4599
f 4603 4593 4599
f 1231 4599 4593
f 327 4482 4601
f 4603 4601 4482
f 4602 1229 4606
f 4604 4606 1229
f 4493 4606 1205
f 4605 1205 4606
f 4598 183 4608
f 3232 4608 183
f 4604 4608 1233
f 4607 1233 4608
f 4611 4607 3244
f 878 3244 4607
f 1232 4610 4609
f 4611 4609 4610
f 4613 4605 4610
f 1233 4610 4605
f 328 4496 4612
f 4613 4612 4496
f 4612 1232 4616
f 4614 4616 1232
f 4505 4616 1208
f 4615 1208 4616
f 4609 184 4618
f 3248 4618 184
f 4614 4618 1235
f 4617 1235 4618
f 4621 4617 3260
f 883 3260 4617
f 1234 4620 4619
f 4621 4619 4620
f 4623 4615 4620
f 1235 4620 4615
f 329 4508 4622
f 4623 4622 4508
f 4622 1234 4626
f 4624 4626 1234
f 4517 4626 1211
f 4625 1211 4626
f 4619 185 4628
f 3264 4628 185
f 4624 4628 1237
f 4627 1237 4628
f 4631 4627 3276
f 888 3276 4627
f 1236 4630 4629
f 4631 4629 4630
f 4633 4625 4630
f 1237 4630 4625
f 330 4520 4632
f 4633 4632 4520
f 4632 1236 4636
f 4634 4636 1236
f 4529 4636 1214
f 4635 1214 4636
f 4629 186 4638
f 3280 4638 186
f 4634 4638 1239
f 4637 1239 4638
f 4641 4637 3292
f 893 3292 4637
f 1238 4640 4639
f 4641 4639 4640
f 4643 4635 4640
f 1239 4640 4635
f 331 4532 4642
f 4643 4642 4532
f 4642 1238 4646
f 4644 4646 1238
f 4541 4646 1217
f 4645 1217 4646
f 4639 187 4648
f 3296 4648 187
f 4644 4648 1241
f 4647 1241 4648
f 4651 4647 3308
f 898 3308 4647
f 1240 4650 4649
f 4651 4649 4650
f 4653 4645 4650
f 1241 4650 4645
f 332 4544 4652
f 4653 4652 4544
f 4654 1242 4657
f 4655 4657 1242
f 4657 4656 3558
f 964 3558 4656
f 4659 4662 333
f 4658 333 4662
f 4655 4662 1246
f 4661 1246 4662
f 4664 4667 1243
f 4661 1243 4667
f 4665 1245 4667
f 4666 4667 1245
f 4666 4669 1246
f 4656 1246 4669
f 4668 237 4669
f 3562 4669 237
f 4670 4672 1245
f 4668 1245 4672
f 3682 4672 996
f 4671 996 4672
f 4674 4676 335
f 4665 335 4676
f 4675 1250 4676
f 4670 4676 1250
f 4677 4681 1247
f 4675 1247 4681
f 4680 4681 1249
f 4679 1249 4681
f 4671 1250 4683
f 4680 4683 1250
f 3686 4683 249
f 4682 249 4683
f 4685 4687 1251
f 4684 1251 4687
f 4686 1244 4687
f 4660 4687 1244
f 4689 4691 339
f 4688 339 4691
f 4690 1254 4691
f 4685 4691 1254
f 4692 4695 1252
f 4690 1252 4695
f 4693 1253 4695
f 4694 4695 1253
f 4694 4697 1254
f 4686 1254 4697
f 4696 336 4697
f 4663 4697 336
f 4698 4700 1253
f 4696 1253 4700
f 4699 1248 4700
f 4673 4700 1248
f 340 4701 4693
f 4703 4693 4701
f 4703 4702 4698
f 1257 4698 4702
f 1255 4704 4702
f 4707 4702 4704
f 4705 1256 4707
f 4706 4707 1256
f 4706 4709 1257
f 4699 1257 4709
f 4678 4709 338
f 4708 338 4709
f 4710 1258 4713
f 4711 4713 1258
f 4689 4713 1252
f 4712 1252 4713
f 4714 342 4717
f 4715 4717 342
f 4711 4717 1261
f 4716 1261 4717
f 4716 1259 4721
f 4718 4721 1259
f 4721 4719 4720
f 1260 4720 4719
f 4712 1261 4723
f 4720 4723 1261
f 4723 4722 4692
f 340 4692 4722
f 1260 4724 4722
f 4726 4722 4724
f 4726 4725 4701
f 1255 4701 4725
f 343 4727 4719
f 4729 4719 4727
f 4729 4728 4724
f 1264 4724 4728
f 1262 4730 4728
f 4733 4728 4730
f 4733 4731 4732
f 1263 4732 4731
f 1264 4732 4725
f 4735 4725 4732
f 4735 4734 4704
f 341 4704 4734
f 4736 1265 4739
f 4737 4739 1265
f 4731 4739 1263
f 4738 1263 4739
f 4740 346 4743
f 4741 4743 346
f 4737 4743 1268
f 4742 1268 4743
f 4742 1266 4747
f 4744 4747 1266
f 4746 4747 1267
f 4745 1267 4747
f 4738 1268 4749
f 4746 4749 1268
f 4734 4749 341
f 4748 341 4749
f 4750 1269 4753
f 4751 4753 1269
f 3801 4753 1026
f 4752 1026 4753
f 4757 4754 4755
f 349 4755 4754
f 4751 4757 1272
f 4756 1272 4757
f 4756 1270 4761
f 4758 4761 1270
f 1271 4760 4759
f 4761 4759 4760
f 4752 1272 4763
f 4760 4763 1272
f 3804 4763 248
f 4762 248 4763
f 1271 4764 4762
f 4766 4762 4764
f 4766 4765 3677
f 994 3677 4765
f 4769 4759 4767
f 348 4767 4759
f 4769 4768 4764
f 1275 4764 4768
f 1273 4770 4768
f 4773 4768 4770
f 4773 4771 4772
f 1274 4772 4771
f 1275 4772 4765
f 4775 4765 4772
f 236 3680 4774
f 4775 4774 3680
f 4779 4776 4777
f 1276 4777 4776
f 4755 4779 1270
f 4778 1270 4779
f 4780 352 4783
f 4781 4783 352
f 4777 4783 1279
f 4782 1279 4783
f 4782 1277 4787
f 4784 4787 1277
f 4786 4787 1278
f 4785 1278 4787
f 4778 1279 4789
f 4786 4789 1279
f 348 4758 4788
f 4789 4788 4758
f 4792 4788 4790
f 1278 4790 4788
f 1273 4767 4791
f 4792 4791 4767
f 4795 4785 4793
f 351 4793 4785
f 1282 4790 4794
f 4795 4794 4790
f 4799 4794 4796
f 1280 4796 4794
f 1281 4798 4797
f 4799 4797 4798
f 4801 4791 4798
f 1282 4798 4791
f 347 4770 4800
f 4801 4800 4770
f 4803 4807 1283
f 4802 1283 4807
f 4804 1287 4807
f 4806 4807 1287
f 1493 4810 1
f 4808 1 4810
f 4809 1288 4810
f 4803 4810 1288
f 1506 4814 417
f 4809 417 4814
f 4812 1284 4814
f 4813 4814 1284
f 4813 4819 1288
f 4804 1288 4819
f 4816 380 4819
f 4817 4819 380
f 4823 4820 4821
f 1289 4821 4820
f 461 1643 4822
f 4823 4822 1643
f 4825 4828 399
f 4824 399 4828
f 4827 1294 4828
f 4821 4828 1294
f 4830 4834 1291
f 4827 1291 4834
f 4831 1293 4834
f 4833 4834 1293
f 4837 4822 4833
f 1294 4833 4822
f 35 1646 4835
f 4837 4835 1646
f 4838 4842 1285
f 4815 1285 4842
f 4839 1297 4842
f 4841 4842 1297
f 4811 14 4844
f 1656 4844 14
f 4838 4844 1298
f 4843 1298 4844
f 4843 467 4847
f 1666 4847 467
f 4846 4847 1295
f 4845 1295 4847
f 4839 1298 4851
f 4846 4851 1298
f 4848 384 4851
f 4850 4851 384
f 4854 4836 4852
f 1292 4852 4836
f 494 1769 4853
f 4854 4853 1769
f 4856 4858 385
f 4832 385 4858
f 1302 4852 4857
f 4858 4857 4852
f 4863 4857 4860
f 1299 4860 4857
f 1301 4862 4861
f 4863 4861 4862
f 4865 4853 4862
f 1302 4862 4853
f 48 1772 4864
f 4865 4864 1772
f 4866 4870 1295
f 4848 1295 4870
f 4867 1304 4870
f 4869 4870 1304
f 4845 37 4872
f 1780 4872 37
f 4871 1306 4872
f 4866 4872 1306
f 4871 499 4875
f 1790 4875 499
f 4873 1303 4875
f 4874 4875 1303
f 4874 4879 1306
f 4867 1306 4879
f 4876 362 4879
f 4877 4879 362
f 4882 4864 4880
f 1301 4880 4864
f 526 1893 4881
f 4882 4881 1893
f 4883 4885 389
f 4861 389 4885
f 1309 4880 4884
f 4885 4884 4880
f 4889 4884 4886
f 1307 4886 4884
f 4888 4889 1308
f 4887 1308 4889
f 4891 4881 4888
f 1309 4888 4881
f 60 1896 4890
f 4891 4890 1896
f 4893 4896 1310
f 4892 1310 4896
f 4894 1312 4896
f 4895 4896 1312
f 73 2152 4897
f 4899 4897 2152
f 4898 1313 4899
f 4893 4899 1313
f 4898 595 4902
f 2162 4902 595
f 4901 4902 1311
f 4900 1311 4902
f 4894 1313 4905
f 4901 4905 1313
f 4904 4905 392
f 4903 392 4905
f 1314 4907 4906
f 4909 4906 4907
f 4909 4908 2265
f 622 2265 4908
f 4911 4914 390
f 4910 390 4914
f 1318 4907 4913
f 4914 4913 4907
f 4919 4913 4916
f 1316 4916 4913
f 1317 4918 4917
f 4919 4917 4918
f 4921 4908 4918
f 1318 4918 4908
f 96 2268 4920
f 4921 4920 2268
f 1311 4922 4903
f 4925 4903 4922
f 4925 4923 4924
f 1320 4924 4923
f 85 2276 4900
f 4927 4900 2276
f 4927 4926 4922
f 1321 4922 4926
f 627 2286 4926
f 4930 4926 2286
f 4930 4928 4929
f 1319 4929 4928
f 1321 4929 4923
f 4933 4923 4929
f 4933 4931 4932
f 393 4932 4931
f 1317 4934 4920
f 4936 4920 4934
f 4936 4935 2389
f 654 2389 4935
f 4940 4917 4937
f 404 4937 4917
f 4940 4939 4934
f 1325 4934 4939
f 1322 4941 4939
f 4945 4939 4941
f 4945 4943 4944
f 1324 4944 4943
f 1325 4944 4935
f 4947 4935 4944
f 4947 4946 2392
f 108 2392 4946
f 1319 4948 4931
f 4951 4931 4948
f 4951 4949 4950
f 1327 4950 4949
f 97 2400 4928
f 4953 4928 2400
f 4953 4952 4948
f 1328 4948 4952
f 659 2410 4952
f 4956 4952 2410
f 4955 4956 1326
f 4954 1326 4956
f 1328 4955 4949
f 4959 4949 4955
f 4959 4957 4958
f 395 4958 4957
f 1324 4960 4946
f 4962 4946 4960
f 4962 4961 2513
f 686 2513 4961
f 406 4964 4943
f 4966 4943 4964
f 4966 4965 4960
f 1332 4960 4965
f 1330 4967 4965
f 4971 4965 4967
f 4971 4969 4970
f 1331 4970 4969
f 1332 4970 4961
f 4973 4961 4970
f 2516 4973 120
f 4972 120 4973
f 4957 1326 4977
f 4974 4977 1326
f 4976 4977 1334
f 4975 1334 4977
f 4954 109 4979
f 2524 4979 109
f 4974 4979 1335
f 4978 1335 4979
f 4978 691 4982
f 2534 4982 691
f 4981 4982 1333
f 4980 1333 4982
f 4975 1335 4985
f 4981 4985 1335
f 4984 4985 396
f 4983 396 4985
f 4972 1331 4988
f 4986 4988 1331
f 2637 4988 718
f 4987 718 4988
f 408 4989 4969
f 4992 4969 4989
f 4986 4992 1339
f 4991 1339 4992
f 4991 1337 4997
f 4994 4997 1337
f 4996 4997 1338
f 4995 1338 4997
f 4987 1339 4999
f 4996 4999 1339
f 2640 4999 132
f 4998 132 4999
f 4983 1333 5003
f 5000 5003 1333
f 5002 5003 1341
f 5001 1341 5003
f 4980 121 5005
f 2648 5005 121
f 5000 5005 1342
f 5004 1342 5005
f 5004 723 5008
f 2658 5008 723
f 5007 5008 1340
f 5006 1340 5008
f 5001 1342 5011
f 5007 5011 1342
f 5010 5011 397
f 5009 397 5011
f 4998 1338 5014
f 5012 5014 1338
f 2761 5014 750
f 5013 750 5014
f 4995 410 5018
f 5015 5018 410
f 5012 5018 1346
f 5017 1346 5018
f 5017 1344 5023
f 5019 5023 1344
f 5022 5023 1345
f 5021 1345 5023
f 5013 1346 5025
f 5022 5025 1346
f 2764 5025 144
f 5024 144 5025
f 1340 5026 5009
f 5029 5009 5026
f 5028 5029 1348
f 5027 1348 5029
f 133 2772 5006
f 5031 5006 2772
f 5031 5030 5026
f 1349 5026 5030
f 755 2782 5030
f 5034 5030 2782
f 5034 5032 5033
f 1347 5033 5032
f 1349 5033 5027
f 5037 5027 5033
f 5037 5035 5036
f 398 5036 5035
f 5024 1345 5040
f 5038 5040 1345
f 2885 5040 782
f 5039 782 5040
f 411 5041 5021
f 5044 5021 5041
f 5044 5043 5038
f 1353 5038 5043
f 1350 5046 5043
f 5049 5043 5046
f 5049 5047 5048
f 1352 5048 5047
f 5039 1353 5051
f 5048 5051 1353
f 2888 5051 156
f 5050 156 5051
f 1347 5052 5035
f 5055 5035 5052
f 5055 5053 5054
f 1354 5054 5053
f 145 2896 5032
f 5057 5032 2896
f 5057 5056 5052
f 1355 5052 5056
f 5056 786 5059
f 2904 5059 786
f 5058 5059 1283
f 4808 1283 5059
f 5053 1355 5061
f 5058 5061 1355
f 5060 5061 394
f 4802 394 5061
f 5050 1352 5064
f 5062 5064 1352
f 2991 5064 805
f 5063 805 5064
f 402 5065 5047
f 5068 5047 5065
f 5068 5067 5062
f 1358 5062 5067
f 1356 5070 5067
f 5072 5067 5070
f 5072 4824 5071
f 1289 5071 4824
f 5063 1358 5073
f 5071 5073 1358
f 2994 5073 12
f 4820 12 5073
f 5074 5078 1303
f 4876 1303 5078
f 5077 5078 1361
f 5075 1361 5078
f 49 3000 4873
f 5080 4873 3000
f 5080 5079 5074
f 1363 5074 5079
f 3012 5084 810
f 5079 810 5084
f 5082 1360 5084
f 5083 5084 1360
f 5075 1363 5089
f 5083 5089 1363
f 5088 5089 364
f 5086 364 5089
f 4897 1310 5092
f 5090 5092 1310
f 3017 5092 812
f 5091 812 5092
f 4892 377 5096
f 5094 5096 377
f 5090 5096 1368
f 5095 1368 5096
f 5095 1364 5102
f 5097 5102 1364
f 5101 5102 1367
f 5100 1367 5102
f 5091 1368 5105
f 5101 5105 1368
f 3020 5105 162
f 5103 162 5105
f 5104 1366 5108
f 5106 5108 1366
f 3045 5108 820
f 5107 820 5108
f 5099 359 5112
f 5109 5112 359
f 1372 5106 5111
f 5112 5111 5106
f 5117 5111 5113
f 1370 5113 5111
f 1371 5116 5115
f 5117 5115 5116
f 5119 5107 5116
f 1372 5116 5107
f 3048 5119 165
f 5118 165 5119
f 5120 5124 1359
f 5085 1359 5124
f 5121 1375 5124
f 5123 5124 1375
f 3030 5126 158
f 5081 158 5126
f 5125 1376 5126
f 5120 5126 1376
f 3040 5129 818
f 5125 818 5129
f 5128 5129 1373
f 5127 1373 5129
f 5128 5133 1376
f 5121 1376 5133
f 368 5132 5130
f 5133 5130 5132
f 1373 5134 5130
f 5137 5130 5134
f 5137 5135 5136
f 1378 5136 5135
f 5127 163 5139
f 3056 5139 163
f 5134 5139 1379
f 5138 1379 5139
f 5138 825 5142
f 3066 5142 825
f 1377 5141 5140
f 5142 5140 5141
f 5145 5135 5141
f 1379 5141 5135
f 355 5144 5143
f 5145 5143 5144
f 5149 5143 5146
f 1377 5146 5143
f 1381 5148 5147
f 5149 5147 5148
f 3065 5151 166
f 5140 166 5151
f 1382 5146 5150
f 5151 5150 5146
f 5154 5150 3062
f 824 3062 5150
f 1380 5153 5152
f 5154 5152 5153
f 5157 5147 5153
f 1382 5153 5147
f 353 5156 5155
f 5157 5155 5156
f 1380 5158 5155
f 5161 5155 5158
f 5161 5159 5160
f 1384 5160 5159
f 5152 167 5163
f 3078 5163 167
f 5158 5163 1385
f 5162 1385 5163
f 5162 828 5166
f 3075 5166 828
f 5165 5166 1383
f 5164 1383 5166
f 5159 1385 5169
f 5165 5169 1385
f 5168 5169 354
f 5167 354 5169
f 5118 1371 5172
f 5170 5172 1371
f 3084 5172 830
f 5171 830 5172
f 5175 5115 5173
f 378 5173 5115
f 5170 5175 1388
f 5174 1388 5175
f 1386 5176 5174
f 5179 5174 5176
f 5178 5179 1387
f 5177 1387 5179
f 5171 1388 5181
f 5178 5181 1388
f 3087 5181 169
f 5180 169 5181
f 5167 1383 5185
f 5182 5185 1383
f 1390 5184 5183
f 5185 5183 5184
f 5164 168 5187
f 3082 5187 168
f 5182 5187 1391
f 5186 1391 5187
f 5186 832 5190
f 3092 5190 832
f 1389 5189 5188
f 5190 5188 5189
f 5193 5183 5189
f 1391 5189 5183
f 5191 361 5193
f 5192 5193 361
f 1387 5194 5180
f 5196 5180 5194
f 5196 5195 3088
f 831 3088 5195
f 360 5197 5177
f 5199 5177 5197
f 5199 5198 5194
f 1393 5194 5198
f 5198 1392 5202
f 5200 5202 1392
f 5201 5202 1389
f 5191 1389 5202
f 5195 1393 5203
f 5201 5203 1393
f 3091 5203 170
f 5188 170 5203
f 1314 5204 4910
f 5208 4910 5204
f 5208 5205 5206
f 1395 5206 5205
f 84 3096 4906
f 5210 4906 3096
f 5210 5209 5204
f 1397 5204 5209
f 836 3106 5209
f 5213 5209 3106
f 5213 5211 5212
f 1394 5212 5211
f 1397 5212 5205
f 5217 5205 5212
f 5217 5214 5216
f 372 5216 5214
f 4890 1308 5220
f 5218 5220 1308
f 3111 5220 838
f 5219 838 5220
f 4887 369 5223
f 5221 5223 369
f 5218 5223 1400
f 5222 1400 5223
f 5222 1398 5227
f 5224 5227 1398
f 5226 5227 1399
f 5225 1399 5227
f 5219 1400 5229
f 5226 5229 1400
f 5229 5228 3114
f 171 3114 5228
f 1394 5230 5214
f 5234 5214 5230
f 5234 5231 5233
f 1403 5233 5231
f 173 3122 5211
f 5236 5211 3122
f 5236 5235 5230
f 1404 5230 5235
f 843 3132 5235
f 5239 5235 3132
f 5239 5237 5238
f 1401 5238 5237
f 1404 5238 5231
f 5243 5231 5238
f 5243 5240 5242
f 376 5242 5240
f 5228 1399 5246
f 5244 5246 1399
f 5246 5245 3137
f 845 3137 5245
f 5225 371 5249
f 5247 5249 371
f 5244 5249 1407
f 5248 1407 5249
f 5248 1405 5253
f 5250 5253 1405
f 5252 5253 1406
f 5251 1406 5253
f 5245 1407 5255
f 5252 5255 1407
f 3140 5255 174
f 5254 174 5255
f 5254 1406 5258
f 5256 5258 1406
f 3141 5258 846
f 5257 846 5258
f 5251 374 5261
f 5259 5261 374
f 5260 1410 5261
f 5256 5261 1410
f 5262 5265 1408
f 5260 1408 5265
f 5263 1409 5265
f 5264 5265 1409
f 5257 1410 5267
f 5264 5267 1410
f 3144 5267 175
f 5266 175 5267
f 1409 5268 5266
f 5270 5266 5268
f 5270 5269 3128
f 842 3128 5269
f 5274 5263 5271
f 370 5271 5263
f 5274 5273 5268
f 1413 5268 5273
f 5278 5273 5275
f 1411 5275 5273
f 5278 5240 5277
f 1401 5277 5240
f 1413 5277 5269
f 5279 5269 5277
f 5279 5237 3131
f 176 3131 5237
f 5280 5283 1286
f 4805 1286 5283
f 5281 1416 5283
f 5282 5283 1416
f 5285 5287 382
f 4818 382 5287
f 5286 1417 5287
f 5280 5287 1417
f 5289 5291 1415
f 5286 1415 5291
f 3151 848 5291
f 5290 5291 848
f 5290 5293 1417
f 5281 1417 5293
f 3146 177 5293
f 5292 5293 177
f 897 5294 3307
f 5297 3307 5294
f 5297 5295 5296
f 1420 5296 5295
f 211 5298 3304
f 5301 3304 5298
f 5301 5300 5294
f 1421 5294 5300
f 5303 5305 1419
f 5300 1419 5305
f 4829 1290 5305
f 5304 5305 1290
f 5304 5307 1421
f 5295 1421 5307
f 4826 400 5307
f 5306 5307 400
f 1296 5308 4840
f 5310 4840 5308
f 5309 1414 5310
f 5284 5310 1414
f 5311 5313 383
f 4849 383 5313
f 5308 5313 1423
f 5312 1423 5313
f 5312 1422 5316
f 5314 5316 1422
f 5315 5316 900
f 3314 900 5316
f 5309 1423 5317
f 5315 5317 1423
f 5288 5317 190
f 3310 190 5317
f 930 5318 3432
f 5320 3432 5318
f 5320 5319 5299
f 1418 5299 5319
f 224 5321 3429
f 5323 3429 5321
f 5323 5322 5318
f 1425 5318 5322
f 1424 5324 5322
f 5326 5322 5324
f 5326 4859 5325
f 1300 5325 4859
f 1425 5325 5319
f 5327 5319 5325
f 4855 388 5327
f 5302 5327 388
f 5328 5330 1305
f 4868 1305 5330
f 5329 1422 5330
f 5311 5330 1422
f 5331 5333 363
f 4878 363 5333
f 5332 1427 5333
f 5328 5333 1427
f 5334 5336 1426
f 5332 1426 5336
f 5335 5336 932
f 3438 932 5336
f 5335 5337 1427
f 5329 1427 5337
f 5314 5337 213
f 3434 213 5337
f 962 5338 3556
f 5340 3556 5338
f 5340 5339 5321
f 1424 5321 5339
f 236 5341 3553
f 5343 3553 5341
f 5343 5342 5338
f 1429 5338 5342
f 5342 1428 5346
f 5344 5346 1428
f 5346 4886 5345
f 1307 5345 4886
f 1429 5345 5339
f 5347 5339 5345
f 5347 4883 5324
f 389 5324 4883
f 5348 5351 1312
f 4895 1312 5351
f 5349 1431 5351
f 5350 5351 1431
f 4904 392 5354
f 5352 5354 392
f 5348 5354 1432
f 5353 1432 5354
f 5353 1430 5357
f 5355 5357 1430
f 5356 5357 1028
f 3810 1028 5357
f 5356 5359 1432
f 5349 1432 5359
f 249 5358 3806
f 5359 3806 5358
f 1058 5360 3928
f 5363 3928 5360
f 5363 5361 5362
f 1434 5362 5361
f 272 5364 3925
f 5366 3925 5364
f 5366 5365 5360
f 1435 5360 5365
f 1433 5367 5365
f 5369 5365 5367
f 5369 4915 5368
f 1315 5368 4915
f 1435 5368 5361
f 5371 5361 5368
f 5371 4912 5370
f 391 5370 4912
f 5374 4924 5372
f 1320 5372 4924
f 1430 5352 5373
f 5374 5373 5352
f 5377 4932 5375
f 393 5375 4932
f 1437 5372 5376
f 5377 5376 5372
f 1436 5378 5376
f 5380 5376 5378
f 5380 3934 5379
f 1060 5379 3934
f 5381 5373 5379
f 1437 5379 5373
f 261 5355 3930
f 5381 3930 5355
f 5384 4052 5382
f 1090 5382 4052
f 1433 5364 5383
f 5384 5383 5364
f 5387 4049 5385
f 284 5385 4049
f 1439 5382 5386
f 5387 5386 5382
f 5390 5386 5388
f 1438 5388 5386
f 1323 5389 4942
f 5390 4942 5389
f 5391 5383 5389
f 1439 5389 5383
f 5391 4938 5367
f 403 5367 4938
f 5394 4950 5392
f 1327 5392 4950
f 1436 5375 5393
f 5394 5393 5375
f 5397 4958 5395
f 395 5395 4958
f 1441 5392 5396
f 5397 5396 5392
f 5396 1440 5400
f 5398 5400 1440
f 1092 5399 4058
f 5400 4058 5399
f 5401 5393 5399
f 1441 5399 5393
f 273 5378 4054
f 5401 4054 5378
f 5404 4176 5402
f 1122 5402 4176
f 1438 5385 5403
f 5404 5403 5385
f 4173 296 5407
f 5405 5407 296
f 1443 5402 5406
f 5407 5406 5402
f 5410 5406 5408
f 1442 5408 5406
f 1329 5409 4968
f 5410 4968 5409
f 5411 5403 5409
f 1443 5409 5403
f 405 5388 4963
f 5411 4963 5388
f 4976 1334 5414
f 5412 5414 1334
f 5395 5414 1440
f 5413 1440 5414
f 4984 396 5417
f 5415 5417 396
f 5412 5417 1445
f 5416 1445 5417
f 5416 1444 5420
f 5418 5420 1444
f 5419 5420 1124
f 4182 1124 5420
f 5413 1445 5421
f 5419 5421 1445
f 5398 5421 285
f 4178 285 5421
f 4300 1154 5424
f 5422 5424 1154
f 5405 5424 1442
f 5423 1442 5424
f 4297 308 5427
f 5425 5427 308
f 5422 5427 1447
f 5426 1447 5427
f 5426 1446 5430
f 5428 5430 1446
f 5429 5430 1336
f 4993 1336 5430
f 5423 1447 5431
f 5429 5431 1447
f 407 5408 4990
f 5431 4990 5408
f 5002 1341 5434
f 5432 5434 1341
f 5415 5434 1444
f 5433 1444 5434
f 5010 397 5437
f 5435 5437 397
f 5432 5437 1449
f 5436 1449 5437
f 5436 1448 5440
f 5438 5440 1448
f 5439 5440 1156
f 4306 1156 5440
f 5433 1449 5441
f 5439 5441 1449
f 5418 5441 297
f 4302 297 5441
f 4424 1186 5444
f 5442 5444 1186
f 5425 5444 1446
f 5443 1446 5444
f 4421 320 5447
f 5445 5447 320
f 5442 5447 1451
f 5446 1451 5447
f 5446 1450 5450
f 5448 5450 1450
f 5449 5450 1343
f 5020 1343 5450
f 5443 1451 5451
f 5449 5451 1451
f 5428 5451 409
f 5016 409 5451
f 5028 1348 5454
f 5452 5454 1348
f 1448 5435 5453
f 5454 5453 5435
f 5457 5036 5455
f 398 5455 5036
f 1453 5452 5456
f 5457 5456 5452
f 5460 5456 5458
f 1452 5458 5456
f 1188 5459 4430
f 5460 4430 5459
f 5461 5453 5459
f 1453 5459 5453
f 309 5438 4426
f 5461 4426 5438
f 4548 1218 5464
f 5462 5464 1218
f 5445 5464 1450
f 5463 1450 5464
f 4545 332 5467
f 5465 5467 332
f 5462 5467 1455
f 5466 1455 5467
f 5470 5466 5468
f 1454 5468 5466
f 1351 5469 5045
f 5470 5045 5469
f 5471 5463 5469
f 1455 5469 5463
f 412 5448 5042
f 5471 5042 5448
f 5474 5054 5472
f 1354 5472 5054
f 1452 5455 5473
f 5474 5473 5455
f 5060 394 5476
f 5282 5476 394
f 5472 5476 1456
f 5475 1456 5476
f 5475 1416 5478
f 5292 5478 1416
f 5477 5478 1220
f 4554 1220 5478
f 5479 5473 5477
f 1456 5477 5473
f 321 5458 4550
f 5479 4550 5458
f 4652 1240 5482
f 5480 5482 1240
f 5465 5482 1454
f 5481 1454 5482
f 4649 188 5484
f 5296 5484 188
f 5480 5484 1457
f 5483 1457 5484
f 5486 5483 5306
f 1420 5306 5483
f 1357 5485 5069
f 5486 5069 5485
f 5487 5481 5485
f 1457 5485 5481
f 401 5468 5066
f 5487 5066 5468
f 5076 1362 5490
f 5488 5490 1362
f 5489 1426 5490
f 5331 5490 1426
f 5087 365 5494
f 5492 5494 365
f 5488 5494 1460
f 5493 1460 5494
f 5495 5498 1458
f 5493 1458 5498
f 4658 1242 5498
f 5497 5498 1242
f 5499 5489 5497
f 1460 5497 5489
f 225 5334 4654
f 5499 4654 5334
f 4682 1249 5502
f 5500 5502 1249
f 5358 5502 1431
f 5501 1431 5502
f 4679 337 5506
f 5503 5506 337
f 5500 5506 1463
f 5505 1463 5506
f 5505 1461 5510
f 5508 5510 1461
f 5509 5510 1365
f 5098 1365 5510
f 5501 1463 5511
f 5509 5511 1463
f 5350 5511 377
f 5093 377 5511
f 4708 1256 5514
f 5512 5514 1256
f 5504 5514 1462
f 5513 1462 5514
f 4705 341 5517
f 5515 5517 341
f 5517 5516 5512
f 1465 5512 5516
f 1464 5518 5516
f 5520 5516 5518
f 5520 5114 5519
f 1369 5519 5114
f 1465 5519 5513
f 5521 5513 5519
f 5507 5521 358
f 5110 358 5521
f 5522 5524 1374
f 5122 1374 5524
f 5523 1459 5524
f 5491 5524 1459
f 368 5525 5131
f 5527 5131 5525
f 5526 1467 5527
f 5522 5527 1467
f 5526 1466 5530
f 5528 5530 1466
f 4688 1251 5530
f 5529 5530 1251
f 5529 5531 1467
f 5523 1467 5531
f 4684 334 5531
f 5496 5531 334
f 5534 5136 5532
f 1378 5532 5136
f 5534 5533 5525
f 1466 5525 5533
f 355 5535 5144
f 5537 5144 5535
f 5537 5536 5532
f 1469 5532 5536
f 1468 5538 5536
f 5540 5536 5538
f 5539 5540 1258
f 4714 1258 5540
f 5533 1469 5541
f 5539 5541 1469
f 5528 5541 339
f 4710 339 5541
f 1381 5542 5148
f 5544 5148 5542
f 5544 5543 5535
f 1468 5535 5543
f 353 5545 5156
f 5547 5156 5545
f 5547 5546 5542
f 1471 5542 5546
f 1470 5548 5546
f 5550 5546 5548
f 5550 4718 5549
f 1259 5549 4718
f 1471 5549 5543
f 5551 5543 5549
f 5551 4715 5538
f 342 5538 4715
f 5554 5160 5552
f 1384 5552 5160
f 1470 5545 5553
f 5554 5553 5545
f 5168 354 5557
f 5555 5557 354
f 5552 5557 1473
f 5556 1473 5557
f 5556 1472 5560
f 5558 5560 1472
f 5559 5560 1262
f 4730 1262 5560
f 5553 1473 5561
f 5559 5561 1473
f 5548 5561 343
f 4727 343 5561
f 4748 1267 5564
f 5562 5564 1267
f 5515 5564 1464
f 5563 1464 5564
f 4745 345 5567
f 5565 5567 345
f 5562 5567 1475
f 5566 1475 5567
f 5566 1474 5570
f 5568 5570 1474
f 1386 5569 5176
f 5570 5176 5569
f 5563 1475 5571
f 5569 5571 1475
f 5571 5173 5518
f 378 5518 5173
f 1390 5572 5184
f 5574 5184 5572
f 5555 5574 1472
f 5573 1472 5574
f 361 5575 5192
f 5577 5192 5575
f 5577 5576 5572
f 1477 5572 5576
f 1476 5578 5576
f 5580 5576 5578
f 5579 5580 1265
f 4740 1265 5580
f 5573 1477 5581
f 5579 5581 1477
f 5558 5581 344
f 4736 344 5581
f 5582 5584 1266
f 4744 1266 5584
f 5583 1474 5584
f 5565 5584 1474
f 4741 346 5586
f 5578 5586 346
f 5582 5586 1478
f 5585 1478 5586
f 5585 1476 5588
f 5575 5588 1476
f 5587 5588 1392
f 5200 1392 5588
f 5587 5589 1478
f 5583 1478 5589
f 360 5568 5197
f 5589 5197 5568
f 5592 5207 5590
f 1396 5590 5207
f 1434 5370 5591
f 5592 5591 5370
f 5595 5215 5593
f 373 5593 5215
f 1480 5590 5594
f 5595 5594 5590
f 5598 5594 5596
f 1479 5596 5594
f 1269 5597 4754
f 5598 4754 5597
f 5599 5591 5597
f 1480 5597 5591
f 260 5362 4750
f 5599 4750 5362
f 4774 1274 5602
f 5600 5602 1274
f 5341 5602 1428
f 5601 1428 5602
f 5605 4771 5603
f 347 5603 4771
f 5600 5605 1482
f 5604 1482 5605
f 5604 1481 5608
f 5606 5608 1481
f 5607 5608 1398
f 5224 1398 5608
f 5601 1482 5609
f 5607 5609 1482
f 5344 5609 369
f 5221 369 5609
f 5612 5232 5610
f 1402 5610 5232
f 1479 5593 5611
f 5612 5611 5593
f 5615 5241 5613
f 375 5613 5241
f 1484 5610 5614
f 5615 5614 5610
f 5618 5614 5616
f 1483 5616 5614
f 1276 5617 4780
f 5618 4780 5617
f 5619 5611 5617
f 1484 5617 5611
f 349 5596 4776
f 5619 4776 5596
f 5622 4800 5620
f 1281 5620 4800
f 5603 5622 1481
f 5621 1481 5622
f 4797 350 5625
f 5623 5625 350
f 5620 5625 1486
f 5624 1486 5625
f 5624 1485 5628
f 5626 5628 1485
f 5627 5628 1405
f 5250 1405 5628
f 5621 1486 5629
f 5627 5629 1486
f 5606 5629 371
f 5247 371 5629
f 4796 1280 5632
f 5630 5632 1280
f 5623 5632 1485
f 5631 1485 5632
f 4793 351 5635
f 5633 5635 351
f 5630 5635 1488
f 5634 1488 5635
f 5636 5638 1487
f 5634 1487 5638
f 5262 1408 5638
f 5637 5638 1408
f 5637 5639 1488
f 5631 1488 5639
f 5626 5639 374
f 5259 374 5639
f 1277 5640 4784
f 5642 4784 5640
f 5642 5641 5633
f 1487 5633 5641
f 352 5616 4781
f 5644 4781 5616
f 5644 5643 5640
f 1489 5640 5643
f 1483 5613 5643
f 5646 5643 5613
f 5646 5276 5645
f 1412 5645 5276
f 1489 5645 5641
f 5647 5641 5645
f 5647 5272 5636
f 370 5636 5272

