# https://github.com/mikedh/trimesh
v -0.20303492 -0.15907470 -0.25811354
v -0.20303492 -0.15907470 -0.25811354
v -0.18227326 0.40231443 -0.29540385
v -0.18227326 0.40231443 -0.29540385
v -0.15527908 -0.03918649 0.04260777
v -0.13362332 0.37176015 -0.02451398
v -0.20584295 0.14780816 -0.09143385
v -0.19551364 0.13716975 -0.28693084
v -0.17775036 -0.11444155 -0.04518978
v -0.16276078 0.38913284 -0.09527167
v -0.15525638 0.16110384 -0.00154314
v -0.08693098 -0.01375059 -0.32594707
v -0.08693098 -0.01375059 -0.32594707
v -0.08693098 -0.01375059 -0.32594707
v -0.07337917 -0.21870177 -0.15743808
v -0.06636432 -0.15483646 -0.27170550
v -0.06636432 -0.15483646 -0.27170550
v -0.05910964 0.27539687 -0.33983591
v -0.05910964 0.27539687 -0.33983591
v -0.05910964 0.27539687 -0.33983591
v -0.14014397 0.13500900 -0.31669929
v -0.14014397 0.13500900 -0.31669929
v -0.22458765 -0.00540157 -0.16469392
v -0.20874122 -0.00644702 -0.28313265
v -0.20874122 -0.00644702 -0.28313265
v -0.20137827 0.27596093 -0.19682802
v -0.18400209 0.26724519 -0.30724661
v -0.18400209 0.26724519 -0.30724661
v -0.07681413 0.44337499 -0.18034128
v -0.05103630 0.41419737 -0.29082332
v -0.05103630 0.41419737 -0.29082332
v -0.09421767 0.06580754 0.10298755
v -0.10318488 -0.05966019 0.10152241
v -0.09242888 -0.19290031 -0.01935013
v -0.18101709 -0.15124148 -0.11981941
v -0.08046679 0.29707185 0.04814584
v -0.07602771 0.39792833 0.00084404
v -0.16737855 0.39285303 -0.18800575
v -0.14811463 0.28526633 -0.00412998
v -0.19968262 0.28071084 -0.09461844
v -0.21501972 0.00919277 -0.07724924
v -0.15936773 0.04878877 0.03021143
v -0.21483461 0.14274973 -0.19602880
v -0.08502926 0.17346875 0.05683131
v -0.09132523 -0.12107674 0.12155470
v -0.09132523 -0.12107674 0.12155470
v -0.09132523 -0.12107674 0.12155470
v -0.10741381 -0.24949821 0.04237900
v -0.10741381 -0.24949821 0.04237900
v -0.13381076 -0.13554424 0.19652009
v -0.13381076 -0.13554424 0.19652009
v -0.19010363 -0.32919895 0.11365157
v -0.15013160 -0.41198889 0.22151010
v -0.10926605 -0.36507942 0.36198529
v -0.11085575 -0.36540656 0.00839675
v -0.15803997 -0.44815575 0.05445403
v -0.13269546 -0.48402167 0.13305869
v -0.18818504 -0.14846529 -0.43909279
v -0.16156631 0.39721177 -0.44768513
v -0.08918311 -0.04275417 -0.45402649
v -0.08926053 -0.14720912 -0.44294278
v -0.07552827 0.30512807 -0.45918388
v -0.18088321 -0.03801415 -0.44622988
v -0.15728091 0.30000329 -0.45324124
v -0.07314924 0.39988418 -0.44984587
v -0.15377203 -0.32594096 0.31346807
v -0.15377203 -0.32594096 0.31346807
v -0.10498647 -0.19693774 0.33646906
v -0.10498647 -0.19693774 0.33646906
v -0.15321031 -0.19048345 0.26307533
v -0.15321031 -0.19048345 0.26307533
v -0.15321031 -0.19048345 0.26307533
v -0.21640336 -0.29759224 0.33496084
v -0.25157949 -0.24651961 0.37418080
v -0.24714333 -0.19843722 0.33296425
v -0.22081624 -0.23465531 0.28849784
v -0.00000000 -0.22495291 -0.17492894
v -0.00000000 -0.22495291 -0.17492894
v -0.00000000 -0.43835498 0.23123636
v -0.00000000 -0.49775800 0.13516879
v -0.00000000 -0.25125439 -0.03897344
v -0.00000000 -0.25125439 -0.03897344
v -0.00000000 -0.28838812 0.00534598
v -0.00000000 -0.28838812 0.00534598
v -0.00000000 -0.28838812 0.00534598
v -0.00000000 -0.37289699 -0.00468414
v -0.00000000 -0.46928704 0.04316600
v -0.00000000 -0.37202850 0.38222597
v -0.00000000 -0.28971763 0.42279232
v -0.00000000 -0.28971763 0.42279232
v -0.00000000 -0.07481480 -0.31619810
v -0.00000000 -0.07481480 -0.31619810
v -0.00000000 -0.07481480 -0.31619810
v -0.00000000 -0.15003573 -0.26925313
v -0.00000000 -0.15003573 -0.26925313
v -0.00000000 -0.02940027 0.12671848
v -0.00000000 -0.02940027 0.12671848
v -0.00000000 -0.08800285 0.14190132
v -0.00000000 -0.08800285 0.14190132
v -0.00000000 -0.08800285 0.14190132
v -0.00000000 -0.07647837 0.22745098
v -0.00000000 -0.14538238 0.35826627
v -0.00000000 -0.22085611 0.41190943
v 0.00000000 0.31229660 -0.31647460
v 0.00000000 0.31229660 -0.31647460
v 0.00000000 0.31229660 -0.31647460
v 0.00000000 0.13124283 -0.37379662
v 0.00000000 0.07140790 0.11220680
v 0.00000000 0.07140790 0.11220680
v 0.00000000 0.17789734 0.07271034
v 0.00000000 0.17789734 0.07271034
v 0.00000000 0.40842587 -0.26105196
v 0.00000000 0.40842587 -0.26105196
v 0.00000000 0.45481203 -0.17662342
v 0.00000000 0.45481203 -0.17662342
v 0.00000000 0.30326070 0.06526590
v 0.00000000 0.30326070 0.06526590
v 0.00000000 0.40812318 0.01283350
v 0.00000000 0.40812318 0.01283350
v -0.09547267 -0.24572622 0.47784824
v -0.11985672 -0.29303908 0.46993288
v -0.08928207 -0.27479324 0.48146597
v -0.12910101 -0.25965406 0.46394892
v -0.06707855 -0.23988196 0.42461953
v -0.05025070 -0.23371813 0.40966720
v -0.05025070 -0.23371813 0.40966720
v -0.10025518 -0.30510595 0.41380183
v -0.09456984 -0.31543352 0.39736690
v -0.09456984 -0.31543352 0.39736690
v -0.04583212 -0.28197457 0.41542588
v -0.04583212 -0.28197457 0.41542588
v -0.04583212 -0.28197457 0.41542588
v -0.05995543 -0.27840224 0.42860107
v -0.12771154 -0.27563786 0.37610522
v -0.12771154 -0.27563786 0.37610522
v -0.12771154 -0.27563786 0.37610522
v -0.11627450 -0.25316949 0.39696176
v -0.10750404 -0.22480448 0.38044592
v -0.10750404 -0.22480448 0.38044592
v -0.10750404 -0.22480448 0.38044592
v -0.16281433 -0.24636187 0.38069622
v -0.16281433 -0.24636187 0.38069622
v -0.07003269 0.03087938 -0.32885464
v -0.06477694 0.22808576 -0.34096168
v -0.10836554 0.13241983 -0.34700676
v 0.00000000 0.01088143 -0.33228145
v 0.00000000 0.24237101 -0.34482215
v -0.10003340 0.43961406 -0.08704024
v -0.06184724 0.45315539 -0.07139288
v -0.06251433 0.45706708 -0.10115528
v 0.00000000 0.46400801 -0.06178481
v 0.00000000 0.46400801 -0.06178481
v 0.00000000 0.46885688 -0.10713342
v 0.00000000 0.46885688 -0.10713342
v -0.03012405 0.48586750 -0.09852979
v -0.03014978 0.47799173 -0.10957415
v 0.00000000 0.49945365 -0.10318028
v 0.00000000 0.49945365 -0.10318028
v 0.00000000 0.48685125 -0.11854421
v 0.00000000 0.48685125 -0.11854421
v 0.20303492 -0.15907470 -0.25811354
v 0.20303492 -0.15907470 -0.25811354
v 0.18227326 0.40231443 -0.29540385
v 0.18227326 0.40231443 -0.29540385
v 0.15527908 -0.03918649 0.04260777
v 0.13362332 0.37176015 -0.02451398
v 0.20584295 0.14780816 -0.09143385
v 0.19551364 0.13716975 -0.28693084
v 0.17775036 -0.11444155 -0.04518978
v 0.16276078 0.38913284 -0.09527167
v 0.15525638 0.16110384 -0.00154314
v 0.08693098 -0.01375059 -0.32594707
v 0.08693098 -0.01375059 -0.32594707
v 0.08693098 -0.01375059 -0.32594707
v 0.07337917 -0.21870177 -0.15743808
v 0.06636432 -0.15483646 -0.27170550
v 0.06636432 -0.15483646 -0.27170550
v 0.05910964 0.27539687 -0.33983591
v 0.05910964 0.27539687 -0.33983591
v 0.05910964 0.27539687 -0.33983591
v 0.14014397 0.13500900 -0.31669929
v 0.14014397 0.13500900 -0.31669929
v 0.22458765 -0.00540157 -0.16469392
v 0.20874122 -0.00644702 -0.28313265
v 0.20874122 -0.00644702 -0.28313265
v 0.20137827 0.27596093 -0.19682802
v 0.18400209 0.26724519 -0.30724661
v 0.18400209 0.26724519 -0.30724661
v 0.07681413 0.44337499 -0.18034128
v 0.05103630 0.41419737 -0.29082332
v 0.05103630 0.41419737 -0.29082332
v 0.09421767 0.06580754 0.10298755
v 0.10318488 -0.05966019 0.10152241
v 0.09242888 -0.19290031 -0.01935013
v 0.18101709 -0.15124148 -0.11981941
v 0.08046679 0.29707185 0.04814584
v 0.07602771 0.39792833 0.00084404
v 0.16737855 0.39285303 -0.18800575
v 0.14811463 0.28526633 -0.00412998
v 0.19968262 0.28071084 -0.09461844
v 0.21501972 0.00919277 -0.07724924
v 0.15936773 0.04878877 0.03021143
v 0.21483461 0.14274973 -0.19602880
v 0.08502926 0.17346875 0.05683131
v 0.09132523 -0.12107674 0.12155470
v 0.09132523 -0.12107674 0.12155470
v 0.09132523 -0.12107674 0.12155470
v 0.10741381 -0.24949821 0.04237900
v 0.10741381 -0.24949821 0.04237900
v 0.13381076 -0.13554424 0.19652009
v 0.13381076 -0.13554424 0.19652009
v 0.19010363 -0.32919895 0.11365157
v 0.15013160 -0.41198889 0.22151010
v 0.10926605 -0.36507942 0.36198529
v 0.11085575 -0.36540656 0.00839675
v 0.15803997 -0.44815575 0.05445403
v 0.13269546 -0.48402167 0.13305869
v 0.18818504 -0.14846529 -0.43909279
v 0.16156631 0.39721177 -0.44768513
v 0.08918311 -0.04275417 -0.45402649
v 0.08926053 -0.14720912 -0.44294278
v 0.07552827 0.30512807 -0.45918388
v 0.18088321 -0.03801415 -0.44622988
v 0.15728091 0.30000329 -0.45324124
v 0.07314924 0.39988418 -0.44984587
v 0.15377203 -0.32594096 0.31346807
v 0.15377203 -0.32594096 0.31346807
v 0.10498647 -0.19693774 0.33646906
v 0.10498647 -0.19693774 0.33646906
v 0.15321031 -0.19048345 0.26307533
v 0.15321031 -0.19048345 0.26307533
v 0.15321031 -0.19048345 0.26307533
v 0.21640336 -0.29759224 0.33496084
v 0.25157949 -0.24651961 0.37418080
v 0.24714333 -0.19843722 0.33296425
v 0.22081624 -0.23465531 0.28849784
v 0.09547267 -0.24572622 0.47784824
v 0.11985672 -0.29303908 0.46993288
v 0.08928207 -0.27479324 0.48146597
v 0.12910101 -0.25965406 0.46394892
v 0.06707855 -0.23988196 0.42461953
v 0.05025070 -0.23371813 0.40966720
v 0.05025070 -0.23371813 0.40966720
v 0.10025518 -0.30510595 0.41380183
v 0.09456984 -0.31543352 0.39736690
v 0.09456984 -0.31543352 0.39736690
v 0.04583212 -0.28197457 0.41542588
v 0.04583212 -0.28197457 0.41542588
v 0.04583212 -0.28197457 0.41542588
v 0.05995543 -0.27840224 0.42860107
v 0.12771154 -0.27563786 0.37610522
v 0.12771154 -0.27563786 0.37610522
v 0.12771154 -0.27563786 0.37610522
v 0.11627450 -0.25316949 0.39696176
v 0.10750404 -0.22480448 0.38044592
v 0.10750404 -0.22480448 0.38044592
v 0.10750404 -0.22480448 0.38044592
v 0.16281433 -0.24636187 0.38069622
v 0.16281433 -0.24636187 0.38069622
v 0.07003269 0.03087938 -0.32885464
v 0.06477694 0.22808576 -0.34096168
v 0.10836554 0.13241983 -0.34700676
v 0.10003340 0.43961406 -0.08704024
v 0.06184724 0.45315539 -0.07139288
v 0.06251433 0.45706708 -0.10115528
v 0.03012405 0.48586750 -0.09852979
v 0.03014978 0.47799173 -0.10957415
v -0.16709857 0.13582918 -0.30638278
v -0.12999569 0.06449258 -0.31443726
v -0.12999569 0.06449258 -0.31443726
v -0.15285814 0.01403989 -0.32306685
v -0.15285814 0.01403989 -0.32306685
v -0.20122110 0.06727676 -0.27701365
v -0.16581737 0.06683145 -0.30191635
v -0.18654294 0.20285010 -0.29039956
v -0.12727497 0.25024329 -0.33952798
v -0.12727497 0.25024329 -0.33952798
v -0.11421329 0.20296943 -0.32348072
v -0.11421329 0.20296943 -0.32348072
v -0.14961353 0.20172316 -0.31287433
v -0.14005375 -0.17899343 -0.26173709
v -0.14005375 -0.17899343 -0.26173709
v -0.07070735 -0.19504185 -0.20821908
v -0.12873487 -0.19564490 -0.13319781
v -0.19134408 -0.15592335 -0.17532302
v -0.13357850 -0.18812945 -0.18652839
v -0.17927837 -0.13954994 -0.08239615
v -0.08143132 -0.21604450 -0.09502690
v -0.13800069 -0.15484833 -0.03273488
v -0.13223676 -0.18537380 -0.08479212
v -0.17549765 0.39619194 -0.23360492
v -0.12414911 0.42637018 -0.18229712
v -0.06839584 0.43406609 -0.22706040
v -0.12329750 0.42630673 -0.29288977
v -0.12329750 0.42630673 -0.29288977
v -0.12546930 0.42471470 -0.22983875
v -0.21244685 -0.08371169 -0.13611819
v -0.22262773 -0.00806117 -0.21427638
v -0.22422034 -0.09280352 -0.26755282
v -0.22422034 -0.09280352 -0.26755282
v -0.21852976 -0.08969326 -0.18903257
v -0.22269583 0.07078738 -0.18522042
v -0.21022265 0.13987359 -0.24742332
v -0.21792787 0.06880534 -0.23456363
v -0.21460061 0.14475797 -0.14294270
v -0.22418425 -0.00109289 -0.12201688
v -0.21255046 0.07845710 -0.08677195
v -0.22233144 0.07297549 -0.13621947
v -0.20386906 -0.05775766 -0.06163952
v -0.21040369 -0.07516633 -0.09918389
v -0.19985201 0.34258253 -0.30129467
v -0.19985201 0.34258253 -0.30129467
v -0.19899691 0.27236531 -0.24584176
v -0.19093894 0.33977100 -0.19311016
v -0.19590132 0.34069770 -0.23955511
v -0.16476377 0.39205730 -0.14032151
v -0.20431670 0.27869795 -0.14603014
v -0.18771878 0.33992933 -0.09600872
v -0.19150998 0.34009756 -0.14489563
v -0.20332713 0.21587569 -0.09346216
v -0.20814166 0.21049711 -0.19881704
v -0.20993160 0.21334939 -0.14566691
v -0.20331025 0.20637295 -0.24931805
v -0.13551805 -0.04646795 0.07049895
v -0.09906363 0.00902513 0.11141224
v -0.12884197 0.06017284 0.07453755
v -0.15872743 -0.00026573 0.04244711
v -0.13226762 0.00812753 0.08407113
v -0.15783856 0.10255243 0.01227992
v -0.08922153 0.11862821 0.07904007
v -0.12205996 0.16800052 0.03268068
v -0.12536918 0.11229150 0.05220364
v -0.14134484 0.33801190 -0.01212829
v -0.11555852 0.29085272 0.02692258
v -0.07831128 0.35306086 0.03099726
v -0.10900468 0.38700237 -0.01254070
v -0.11150537 0.34483699 0.01373458
v -0.08239295 0.23485497 0.05131245
v -0.15238722 0.22394647 -0.00393323
v -0.11897601 0.22954915 0.02842148
v -0.19078526 0.02879664 -0.02375178
v -0.18471166 0.15374788 -0.04361031
v -0.18902209 0.08972824 -0.03580177
v -0.17874575 0.28233664 -0.04588195
v -0.14781834 0.38309126 -0.05395470
v -0.16872844 0.33821273 -0.05000733
v -0.11112294 -0.12811592 0.04632620
v -0.16774528 -0.07341747 0.00485469
v -0.13929528 -0.10373630 0.02510760
v -0.18246826 0.21933742 -0.04532500
v -0.18454402 -0.02740077 -0.01015917
v -0.08732506 -0.20978812 0.02307142
v -0.11176441 -0.17698811 0.08684657
v -0.11176441 -0.17698811 0.08684657
v -0.08785185 -0.10115708 0.10609012
v -0.10048103 -0.15265842 0.06566871
v -0.15951267 -0.28602131 0.07560220
v -0.17164649 -0.22924064 0.16011864
v -0.11296644 -0.12628552 0.15367308
v -0.11296644 -0.12628552 0.15367308
v -0.14472624 -0.20018759 0.11797189
v -0.11456022 -0.32188199 0.01911782
v -0.13918526 -0.40335697 0.02126925
v -0.18900754 -0.40326092 0.07721461
v -0.16190859 -0.35714777 0.04225618
v -0.15354909 -0.47747250 0.09873474
v -0.14609417 -0.46064116 0.16312168
v -0.18522216 -0.37054764 0.16422533
v -0.18312370 -0.43851564 0.12356701
v -0.19677563 -0.09261120 -0.45899877
v -0.13281421 -0.02481975 -0.46617428
v -0.07467143 -0.09632015 -0.46459447
v -0.13863285 -0.16411130 -0.45741954
v -0.13369666 -0.09508884 -0.49028475
v -0.11674541 0.41260067 -0.46324691
v -0.06281935 0.35330360 -0.46877160
v -0.11593979 0.28900805 -0.47040263
v -0.16986644 0.34830513 -0.46487795
v -0.11539728 0.35123890 -0.49199728
v -0.17920153 0.40780245 -0.38477265
v -0.17148118 0.28447526 -0.39583307
v -0.19533028 0.34591970 -0.39023912
v -0.03455422 0.35268483 -0.32976213
v -0.03455422 0.35268483 -0.32976213
v -0.06457029 0.29195288 -0.40954787
v -0.05980059 0.41109362 -0.38829142
v -0.04172292 0.35298461 -0.40249634
v -0.11816980 0.26606586 -0.40746803
v -0.12029970 0.43119344 -0.38538734
v -0.19740138 -0.02282607 -0.38124281
v -0.20544131 -0.16214765 -0.36613215
v -0.22308526 -0.09333032 -0.37298634
v -0.07716804 -0.15529020 -0.37433681
v -0.14204336 -0.18297090 -0.36852166
v -0.08353036 -0.02801721 -0.39928549
v -0.14032792 -0.00088391 -0.39595415
v -0.05616900 -0.09066397 -0.31627378
v -0.05616900 -0.09066397 -0.31627378
v -0.05820687 -0.09213900 -0.39140273
v -0.15808363 -0.35296249 0.26381576
v -0.16467180 -0.26038866 0.26861399
v -0.16467180 -0.26038866 0.26861399
v -0.13883600 -0.16347274 0.23979843
v -0.13883600 -0.16347274 0.23979843
v -0.17066799 -0.27166447 0.21750236
v -0.12401290 -0.17464924 0.29148284
v -0.12401290 -0.17464924 0.29148284
v -0.18707207 -0.21871050 0.27259204
v -0.24615610 -0.20880205 0.30481054
v -0.19027593 -0.19514954 0.33316507
v -0.18996451 -0.19301848 0.29332459
v -0.18196009 -0.30922778 0.32939599
v -0.22064569 -0.27587943 0.30702076
v -0.18359345 -0.27269129 0.29014052
v -0.24318449 -0.27880098 0.36255050
v -0.26793177 -0.21386978 0.36020465
v -0.26437981 -0.24477565 0.33524141
v 0.00000000 0.01935619 0.12318341
v 0.00000000 0.01935619 0.12318341
v -0.04992566 0.06975067 0.11220098
v -0.05369695 -0.03617123 0.12327189
v -0.05299325 0.01549455 0.12213563
v 0.00000000 0.23984762 0.06903789
v 0.00000000 0.23984762 0.06903789
v -0.04136883 0.30155749 0.06093626
v -0.04369198 0.17679485 0.06933884
v -0.04218883 0.23850123 0.06470418
v 0.00000000 0.36125272 0.04550370
v 0.00000000 0.36125272 0.04550370
v -0.03902706 0.40526159 0.00973558
v -0.04045936 0.35899651 0.04172997
v -0.00000000 -0.11171755 -0.29847092
v -0.00000000 -0.11171755 -0.29847092
v -0.02926115 -0.14935752 -0.26374882
v -0.03852046 -0.05941268 -0.31511831
v -0.03852046 -0.05941268 -0.31511831
v -0.03280874 -0.10323418 -0.29590503
v 0.00000000 0.36087901 -0.29336360
v 0.00000000 0.36087901 -0.29336360
v -0.02320170 0.30520025 -0.32081821
v -0.02320170 0.30520025 -0.32081821
v -0.02102052 0.40838687 -0.26490137
v -0.01869120 0.35782649 -0.29870725
v 0.00000000 0.12296134 0.09095909
v 0.00000000 0.12296134 0.09095909
v -0.04649367 0.12199156 0.08961561
v -0.00000000 -0.06891437 0.12916387
v -0.00000000 -0.06891437 0.12916387
v -0.05091907 -0.09406434 0.13823062
v -0.05091907 -0.09406434 0.13823062
v -0.04996815 -0.07537332 0.12518524
v -0.00000000 -0.08059008 0.17518390
v -0.07235235 -0.09080379 0.22068294
v -0.06170056 -0.08961800 0.17130189
v -0.00000000 -0.40593741 0.31034395
v -0.06096478 -0.36955983 0.37641722
v -0.12473528 -0.39279889 0.30324469
v -0.07939340 -0.43483795 0.23015483
v -0.07090933 -0.40287325 0.30758889
v -0.00000000 -0.47376163 0.17725558
v -0.08107333 -0.49571076 0.13532479
v -0.08087949 -0.47161427 0.17640164
v 0.00000000 0.43868620 -0.22094547
v 0.00000000 0.43868620 -0.22094547
v -0.03621803 0.45214021 -0.17801929
v -0.02917919 0.43766112 -0.22262016
v -0.00000000 -0.19125880 -0.22963967
v -0.00000000 -0.19125880 -0.22963967
v -0.03220732 -0.22531090 -0.17127162
v -0.02922244 -0.19347077 -0.22342986
v -0.00000000 -0.24181685 -0.10359665
v -0.00000000 -0.24181685 -0.10359665
v -0.04462718 -0.23726078 -0.03646204
v -0.03813063 -0.23548072 -0.10212191
v -0.00000000 -0.26483297 -0.00402346
v -0.00000000 -0.26483297 -0.00402346
v -0.05436549 -0.27665595 0.01273512
v -0.05436549 -0.27665595 0.01273512
v -0.04880670 -0.24967807 0.00127421
v -0.00000000 -0.32559403 -0.00090633
v -0.06671008 -0.36994983 -0.00220848
v -0.05972084 -0.32008331 0.00393963
v -0.00000000 -0.42459013 0.01048357
v -0.08944796 -0.46639751 0.04485525
v -0.08002905 -0.42151782 0.01197432
v -0.00000000 -0.49559376 0.08812602
v -0.08753054 -0.49326945 0.08965577
v -0.04771078 -0.16760342 0.34843174
v -0.00000000 -0.10373455 0.29378794
v -0.07505212 -0.12669462 0.28238582
v -0.13440566 -0.35248401 0.34213461
v -0.14331233 -0.37373172 0.30480180
v -0.13126292 -0.27821597 0.47148766
v -0.10610991 -0.28777692 0.48251666
v -0.09070879 -0.25790485 0.48749999
v -0.11586179 -0.24834391 0.47647042
v -0.11547702 -0.26763403 0.49037148
v -0.11382096 -0.29906844 0.38434539
v -0.11382096 -0.29906844 0.38434539
v -0.09464376 -0.30720266 0.40060511
v -0.11533383 -0.28536121 0.40512858
v -0.11924610 -0.26117100 0.38383547
v -0.11079871 -0.28835145 0.39116233
v -0.09231770 -0.23879460 0.41246417
v -0.05986171 -0.23812170 0.41146879
v -0.07304156 -0.22153251 0.39457458
v -0.07304156 -0.22153251 0.39457458
v -0.10977771 -0.23585210 0.38595663
v -0.08452633 -0.23211562 0.39872726
v -0.06625081 -0.30810433 0.40880336
v -0.06625081 -0.30810433 0.40880336
v -0.05305851 -0.27923522 0.41552717
v -0.07820243 -0.29941537 0.42243026
v -0.07172019 -0.30103185 0.40946637
v -0.04071560 -0.25527727 0.41638925
v -0.04071560 -0.25527727 0.41638925
v -0.05566881 -0.25549555 0.42982639
v -0.04870396 -0.25568590 0.41684795
v -0.14182216 -0.23137112 0.37802381
v -0.14182216 -0.23137112 0.37802381
v -0.14345378 -0.26048762 0.37750283
v -0.14345378 -0.26048762 0.37750283
v -0.12392267 -0.24382625 0.38058329
v -0.20708166 -0.24945338 0.38068982
v -0.14550451 -0.30403198 0.35803168
v -0.14550451 -0.30403198 0.35803168
v -0.18628856 -0.28799811 0.36742615
v -0.10585321 -0.21542748 0.36840000
v -0.10585321 -0.21542748 0.36840000
v -0.19122824 -0.21608641 0.36878535
v -0.02908629 -0.22669222 0.40964799
v -0.00000000 -0.18578301 0.39424162
v -0.04588986 -0.20270632 0.38759116
v -0.02943613 -0.28779671 0.41935562
v -0.02943613 -0.28779671 0.41935562
v -0.09780513 -0.33535230 0.39019372
v -0.00000000 -0.33106923 0.41485077
v -0.05222547 -0.32808889 0.40942679
v -0.00000000 -0.25399724 0.42107281
v -0.02356009 -0.25467014 0.41906457
v -0.12299830 -0.32320452 0.37017889
v -0.11275339 -0.30236311 0.44487302
v -0.12605489 -0.25681051 0.43554258
v -0.12721792 -0.28356719 0.43792569
v -0.07383379 -0.27700928 0.45924965
v -0.09168787 -0.29710444 0.45377677
v -0.08087542 -0.24038140 0.45528848
v -0.06994538 -0.25486922 0.46088302
v -0.10543934 -0.24110436 0.44502320
v -0.06187635 0.24608071 -0.33515934
v -0.09124432 0.19070464 -0.34581346
v -0.12740070 0.13374876 -0.33004852
v -0.10344624 0.19664727 -0.33347882
v 0.00000000 0.27740395 -0.33073191
v -0.03729823 0.23872068 -0.34323710
v -0.02833696 0.27091007 -0.33235654
v -0.07553817 0.01219290 -0.32266928
v -0.03928685 0.01661102 -0.33040710
v -0.00000000 -0.03562755 -0.32270711
v -0.03715858 -0.02327545 -0.32192827
v -0.09323334 0.07210060 -0.33772639
v -0.11230867 0.06844211 -0.32532306
v 0.00000000 0.19197944 -0.36492138
v -0.06226752 0.13154611 -0.36496562
v -0.05318942 0.19097823 -0.35858642
v 0.00000000 0.06840661 -0.35620855
v -0.05278818 0.07006209 -0.35008315
v -0.08669639 0.44284877 -0.07407117
v -0.06388167 0.45770040 -0.08714420
v -0.08865049 0.44695489 -0.09796725
v -0.07749518 0.45115181 -0.08493217
v -0.07517436 0.44933857 -0.13482360
v -0.12510549 0.42365470 -0.09063707
v -0.11813430 0.43110089 -0.12908122
v -0.07263234 0.42884351 -0.03702581
v -0.11026725 0.41775456 -0.05284325
v -0.03150857 0.46038736 -0.06345625
v 0.00000000 0.44011874 -0.02605356
v 0.00000000 0.44011874 -0.02605356
v -0.03652782 0.43677750 -0.02864943
v -0.03170881 0.46519665 -0.10728214
v 0.00000000 0.46305511 -0.13362914
v 0.00000000 0.46305511 -0.13362914
v -0.03676107 0.45952062 -0.13477005
v -0.04169603 0.47462138 -0.08826398
v -0.03073182 0.48279403 -0.10537321
v -0.04177601 0.46850005 -0.10328826
v -0.04710895 0.46987904 -0.09562757
v 0.00000000 0.48610034 -0.08640814
v 0.00000000 0.48610034 -0.08640814
v -0.01730103 0.49509956 -0.10113112
v -0.02368891 0.48217701 -0.08612326
v -0.01732246 0.48312000 -0.11598560
v 0.00000000 0.47677514 -0.10869047
v 0.00000000 0.47677514 -0.10869047
v -0.02373862 0.47321271 -0.10768082
v 0.00000000 0.49726496 -0.11571341
v 0.00000000 0.49726496 -0.11571341
v -0.01537132 0.49292834 -0.11270077
v 0.20122110 0.06727676 -0.27701365
v 0.15285814 0.01403989 -0.32306685
v 0.15285814 0.01403989 -0.32306685
v 0.12999569 0.06449258 -0.31443726
v 0.12999569 0.06449258 -0.31443726
v 0.16709857 0.13582918 -0.30638278
v 0.16581737 0.06683145 -0.30191635
v 0.11421329 0.20296943 -0.32348072
v 0.11421329 0.20296943 -0.32348072
v 0.12727497 0.25024329 -0.33952798
v 0.12727497 0.25024329 -0.33952798
v 0.18654294 0.20285010 -0.29039956
v 0.14961353 0.20172316 -0.31287433
v 0.19134408 -0.15592335 -0.17532302
v 0.12873487 -0.19564490 -0.13319781
v 0.07070735 -0.19504185 -0.20821908
v 0.14005375 -0.17899343 -0.26173709
v 0.14005375 -0.17899343 -0.26173709
v 0.13357850 -0.18812945 -0.18652839
v 0.13800069 -0.15484833 -0.03273488
v 0.08143132 -0.21604450 -0.09502690
v 0.17927837 -0.13954994 -0.08239615
v 0.13223676 -0.18537380 -0.08479212
v 0.12329750 0.42630673 -0.29288977
v 0.12329750 0.42630673 -0.29288977
v 0.06839584 0.43406609 -0.22706040
v 0.12414911 0.42637018 -0.18229712
v 0.17549765 0.39619194 -0.23360492
v 0.12546930 0.42471470 -0.22983875
v 0.22422034 -0.09280352 -0.26755282
v 0.22422034 -0.09280352 -0.26755282
v 0.22262773 -0.00806117 -0.21427638
v 0.21244685 -0.08371169 -0.13611819
v 0.21852976 -0.08969326 -0.18903257
v 0.21022265 0.13987359 -0.24742332
v 0.22269583 0.07078738 -0.18522042
v 0.21792787 0.06880534 -0.23456363
v 0.21255046 0.07845710 -0.08677195
v 0.22418425 -0.00109289 -0.12201688
v 0.21460061 0.14475797 -0.14294270
v 0.22233144 0.07297549 -0.13621947
v 0.20386906 -0.05775766 -0.06163952
v 0.21040369 -0.07516633 -0.09918389
v 0.19093894 0.33977100 -0.19311016
v 0.19899691 0.27236531 -0.24584176
v 0.19985201 0.34258253 -0.30129467
v 0.19985201 0.34258253 -0.30129467
v 0.19590132 0.34069770 -0.23955511
v 0.18771878 0.33992933 -0.09600872
v 0.20431670 0.27869795 -0.14603014
v 0.16476377 0.39205730 -0.14032151
v 0.19150998 0.34009756 -0.14489563
v 0.20814166 0.21049711 -0.19881704
v 0.20332713 0.21587569 -0.09346216
v 0.20993160 0.21334939 -0.14566691
v 0.20331025 0.20637295 -0.24931805
v 0.15872743 -0.00026573 0.04244711
v 0.12884197 0.06017284 0.07453755
v 0.09906363 0.00902513 0.11141224
v 0.13551805 -0.04646795 0.07049895
v 0.13226762 0.00812753 0.08407113
v 0.12205996 0.16800052 0.03268068
v 0.08922153 0.11862821 0.07904007
v 0.15783856 0.10255243 0.01227992
v 0.12536918 0.11229150 0.05220364
v 0.10900468 0.38700237 -0.01254070
v 0.07831128 0.35306086 0.03099726
v 0.11555852 0.29085272 0.02692258
v 0.14134484 0.33801190 -0.01212829
v 0.11150537 0.34483699 0.01373458
v 0.15238722 0.22394647 -0.00393323
v 0.08239295 0.23485497 0.05131245
v 0.11897601 0.22954915 0.02842148
v 0.18471166 0.15374788 -0.04361031
v 0.19078526 0.02879664 -0.02375178
v 0.18902209 0.08972824 -0.03580177
v 0.14781834 0.38309126 -0.05395470
v 0.17874575 0.28233664 -0.04588195
v 0.16872844 0.33821273 -0.05000733
v 0.16774528 -0.07341747 0.00485469
v 0.11112294 -0.12811592 0.04632620
v 0.13929528 -0.10373630 0.02510760
v 0.18246826 0.21933742 -0.04532500
v 0.18454402 -0.02740077 -0.01015917
v 0.08785185 -0.10115708 0.10609012
v 0.11176441 -0.17698811 0.08684657
v 0.11176441 -0.17698811 0.08684657
v 0.08732506 -0.20978812 0.02307142
v 0.10048103 -0.15265842 0.06566871
v 0.11296644 -0.12628552 0.15367308
v 0.11296644 -0.12628552 0.15367308
v 0.17164649 -0.22924064 0.16011864
v 0.15951267 -0.28602131 0.07560220
v 0.14472624 -0.20018759 0.11797189
v 0.18900754 -0.40326092 0.07721461
v 0.13918526 -0.40335697 0.02126925
v 0.11456022 -0.32188199 0.01911782
v 0.16190859 -0.35714777 0.04225618
v 0.18522216 -0.37054764 0.16422533
v 0.14609417 -0.46064116 0.16312168
v 0.15354909 -0.47747250 0.09873474
v 0.18312370 -0.43851564 0.12356701
v 0.13863285 -0.16411130 -0.45741954
v 0.07467143 -0.09632015 -0.46459447
v 0.13281421 -0.02481975 -0.46617428
v 0.19677563 -0.09261120 -0.45899877
v 0.13369666 -0.09508884 -0.49028475
v 0.16986644 0.34830513 -0.46487795
v 0.11593979 0.28900805 -0.47040263
v 0.06281935 0.35330360 -0.46877160
v 0.11674541 0.41260067 -0.46324691
v 0.11539728 0.35123890 -0.49199728
v 0.17148118 0.28447526 -0.39583307
v 0.17920153 0.40780245 -0.38477265
v 0.19533028 0.34591970 -0.39023912
v 0.05980059 0.41109362 -0.38829142
v 0.06457029 0.29195288 -0.40954787
v 0.03455422 0.35268483 -0.32976213
v 0.03455422 0.35268483 -0.32976213
v 0.04172292 0.35298461 -0.40249634
v 0.11816980 0.26606586 -0.40746803
v 0.12029970 0.43119344 -0.38538734
v 0.20544131 -0.16214765 -0.36613215
v 0.19740138 -0.02282607 -0.38124281
v 0.22308526 -0.09333032 -0.37298634
v 0.07716804 -0.15529020 -0.37433681
v 0.14204336 -0.18297090 -0.36852166
v 0.08353036 -0.02801721 -0.39928549
v 0.14032792 -0.00088391 -0.39595415
v 0.05616900 -0.09066397 -0.31627378
v 0.05616900 -0.09066397 -0.31627378
v 0.05820687 -0.09213900 -0.39140273
v 0.13883600 -0.16347274 0.23979843
v 0.13883600 -0.16347274 0.23979843
v 0.16467180 -0.26038866 0.26861399
v 0.16467180 -0.26038866 0.26861399
v 0.15808363 -0.35296249 0.26381576
v 0.17066799 -0.27166447 0.21750236
v 0.19027593 -0.19514954 0.33316507
v 0.24615610 -0.20880205 0.30481054
v 0.18707207 -0.21871050 0.27259204
v 0.12401290 -0.17464924 0.29148284
v 0.12401290 -0.17464924 0.29148284
v 0.18996451 -0.19301848 0.29332459
v 0.22064569 -0.27587943 0.30702076
v 0.18196009 -0.30922778 0.32939599
v 0.18359345 -0.27269129 0.29014052
v 0.26793177 -0.21386978 0.36020465
v 0.24318449 -0.27880098 0.36255050
v 0.26437981 -0.24477565 0.33524141
v 0.05369695 -0.03617123 0.12327189
v 0.04992566 0.06975067 0.11220098
v 0.05299325 0.01549455 0.12213563
v 0.04369198 0.17679485 0.06933884
v 0.04136883 0.30155749 0.06093626
v 0.04218883 0.23850123 0.06470418
v 0.03902706 0.40526159 0.00973558
v 0.04045936 0.35899651 0.04172997
v 0.03852046 -0.05941268 -0.31511831
v 0.03852046 -0.05941268 -0.31511831
v 0.02926115 -0.14935752 -0.26374882
v 0.03280874 -0.10323418 -0.29590503
v 0.02102052 0.40838687 -0.26490137
v 0.02320170 0.30520025 -0.32081821
v 0.02320170 0.30520025 -0.32081821
v 0.01869120 0.35782649 -0.29870725
v 0.04649367 0.12199156 0.08961561
v 0.05091907 -0.09406434 0.13823062
v 0.05091907 -0.09406434 0.13823062
v 0.04996815 -0.07537332 0.12518524
v 0.07235235 -0.09080379 0.22068294
v 0.06170056 -0.08961800 0.17130189
v 0.07939340 -0.43483795 0.23015483
v 0.12473528 -0.39279889 0.30324469
v 0.06096478 -0.36955983 0.37641722
v 0.07090933 -0.40287325 0.30758889
v 0.08107333 -0.49571076 0.13532479
v 0.08087949 -0.47161427 0.17640164
v 0.03621803 0.45214021 -0.17801929
v 0.02917919 0.43766112 -0.22262016
v 0.03220732 -0.22531090 -0.17127162
v 0.02922244 -0.19347077 -0.22342986
v 0.04462718 -0.23726078 -0.03646204
v 0.03813063 -0.23548072 -0.10212191
v 0.05436549 -0.27665595 0.01273512
v 0.05436549 -0.27665595 0.01273512
v 0.04880670 -0.24967807 0.00127421
v 0.06671008 -0.36994983 -0.00220848
v 0.05972084 -0.32008331 0.00393963
v 0.08944796 -0.46639751 0.04485525
v 0.08002905 -0.42151782 0.01197432
v 0.08753054 -0.49326945 0.08965577
v 0.04771078 -0.16760342 0.34843174
v 0.07505212 -0.12669462 0.28238582
v 0.13440566 -0.35248401 0.34213461
v 0.14331233 -0.37373172 0.30480180
v 0.11586179 -0.24834391 0.47647042
v 0.09070879 -0.25790485 0.48749999
v 0.10610991 -0.28777692 0.48251666
v 0.13126292 -0.27821597 0.47148766
v 0.11547702 -0.26763403 0.49037148
v 0.11924610 -0.26117100 0.38383547
v 0.11533383 -0.28536121 0.40512858
v 0.09464376 -0.30720266 0.40060511
v 0.11382096 -0.29906844 0.38434539
v 0.11382096 -0.29906844 0.38434539
v 0.11079871 -0.28835145 0.39116233
v 0.10977771 -0.23585210 0.38595663
v 0.07304156 -0.22153251 0.39457458
v 0.07304156 -0.22153251 0.39457458
v 0.05986171 -0.23812170 0.41146879
v 0.09231770 -0.23879460 0.41246417
v 0.08452633 -0.23211562 0.39872726
v 0.07820243 -0.29941537 0.42243026
v 0.05305851 -0.27923522 0.41552717
v 0.06625081 -0.30810433 0.40880336
v 0.06625081 -0.30810433 0.40880336
v 0.07172019 -0.30103185 0.40946637
v 0.05566881 -0.25549555 0.42982639
v 0.04071560 -0.25527727 0.41638925
v 0.04071560 -0.25527727 0.41638925
v 0.04870396 -0.25568590 0.41684795
v 0.14345378 -0.26048762 0.37750283
v 0.14345378 -0.26048762 0.37750283
v 0.14182216 -0.23137112 0.37802381
v 0.14182216 -0.23137112 0.37802381
v 0.12392267 -0.24382625 0.38058329
v 0.14550451 -0.30403198 0.35803168
v 0.14550451 -0.30403198 0.35803168
v 0.20708166 -0.24945338 0.38068982
v 0.18628856 -0.28799811 0.36742615
v 0.10585321 -0.21542748 0.36840000
v 0.10585321 -0.21542748 0.36840000
v 0.19122824 -0.21608641 0.36878535
v 0.02908629 -0.22669222 0.40964799
v 0.04588986 -0.20270632 0.38759116
v 0.09780513 -0.33535230 0.39019372
v 0.02943613 -0.28779671 0.41935562
v 0.02943613 -0.28779671 0.41935562
v 0.05222547 -0.32808889 0.40942679
v 0.02356009 -0.25467014 0.41906457
v 0.12299830 -0.32320452 0.37017889
v 0.12605489 -0.25681051 0.43554258
v 0.11275339 -0.30236311 0.44487302
v 0.12721792 -0.28356719 0.43792569
v 0.07383379 -0.27700928 0.45924965
v 0.09168787 -0.29710444 0.45377677
v 0.08087542 -0.24038140 0.45528848
v 0.06994538 -0.25486922 0.46088302
v 0.10543934 -0.24110436 0.44502320
v 0.12740070 0.13374876 -0.33004852
v 0.09124432 0.19070464 -0.34581346
v 0.06187635 0.24608071 -0.33515934
v 0.10344624 0.19664727 -0.33347882
v 0.03729823 0.23872068 -0.34323710
v 0.02833696 0.27091007 -0.33235654
v 0.03928685 0.01661102 -0.33040710
v 0.07553817 0.01219290 -0.32266928
v 0.03715858 -0.02327545 -0.32192827
v 0.09323334 0.07210060 -0.33772639
v 0.11230867 0.06844211 -0.32532306
v 0.06226752 0.13154611 -0.36496562
v 0.05318942 0.19097823 -0.35858642
v 0.05278818 0.07006209 -0.35008315
v 0.08865049 0.44695489 -0.09796725
v 0.06388167 0.45770040 -0.08714420
v 0.08669639 0.44284877 -0.07407117
v 0.07749518 0.45115181 -0.08493217
v 0.12510549 0.42365470 -0.09063707
v 0.07517436 0.44933857 -0.13482360
v 0.11813430 0.43110089 -0.12908122
v 0.07263234 0.42884351 -0.03702581
v 0.11026725 0.41775456 -0.05284325
v 0.03150857 0.46038736 -0.06345625
v 0.03652782 0.43677750 -0.02864943
v 0.03170881 0.46519665 -0.10728214
v 0.03676107 0.45952062 -0.13477005
v 0.04177601 0.46850005 -0.10328826
v 0.03073182 0.48279403 -0.10537321
v 0.04169603 0.47462138 -0.08826398
v 0.04710895 0.46987904 -0.09562757
v 0.01730103 0.49509956 -0.10113112
v 0.02368891 0.48217701 -0.08612326
v 0.01732246 0.48312000 -0.11598560
v 0.02373862 0.47321271 -0.10768082
v 0.01537132 0.49292834 -0.11270077
v -0.18226685 0.13636063 -0.29868047
v -0.16859747 0.10070194 -0.30293211
v -0.18500096 0.06719701 -0.29154571
v -0.19866919 0.10255767 -0.28195333
v -0.18469245 0.10151921 -0.29438168
v -0.13932496 0.10000226 -0.31457755
v -0.13932496 0.10000226 -0.31457755
v -0.14642306 0.06536166 -0.30901561
v -0.15229525 0.13542811 -0.31180152
v -0.15270272 0.10017398 -0.30914891
v -0.12218220 0.00714379 -0.32949786
v -0.12218220 0.00714379 -0.32949786
v -0.15998708 0.03644656 -0.30687291
v -0.11340243 0.02870467 -0.31772786
v -0.11340243 0.02870467 -0.31772786
v -0.13458727 0.03227176 -0.31398148
v -0.20389933 0.03186254 -0.27526445
v -0.18190246 0.01069283 -0.30910001
v -0.18190246 0.01069283 -0.30910001
v -0.18429255 0.03501518 -0.29387002
v -0.19102218 0.17057631 -0.28879413
v -0.16960100 0.20185355 -0.30374413
v -0.16009128 0.16998489 -0.30873271
v -0.17662342 0.17010015 -0.30074226
v -0.15704400 0.25260544 -0.32825858
v -0.15704400 0.25260544 -0.32825858
v -0.13770324 0.22959689 -0.32170125
v -0.18342523 0.23406157 -0.29460521
v -0.16303902 0.23073721 -0.31086260
v -0.09087643 0.23618215 -0.33002408
v -0.09087643 0.23618215 -0.33002408
v -0.12980127 0.20274707 -0.31890311
v -0.09547034 0.25691471 -0.34428953
v -0.09547034 0.25691471 -0.34428953
v -0.11126380 0.23346317 -0.32730859
v -0.13120412 0.16928871 -0.31935249
v -0.13120412 0.16928871 -0.31935249
v -0.14407022 0.16984403 -0.31439360
v -0.17513733 -0.17491759 -0.25859027
v -0.17513733 -0.17491759 -0.25859027
v -0.13706060 -0.18235097 -0.22016371
v -0.16504493 -0.17606432 -0.17842094
v -0.19763306 -0.15735752 -0.21282230
v -0.17050500 -0.17483493 -0.21457616
v -0.06954781 -0.17690952 -0.23528776
v -0.10076452 -0.19364831 -0.19727798
v -0.10267205 -0.17250770 -0.26635661
v -0.10267205 -0.17250770 -0.26635661
v -0.10159459 -0.18136780 -0.22777929
v -0.10012887 -0.20958264 -0.14551382
v -0.13041713 -0.19329148 -0.15828736
v -0.07166373 -0.20960767 -0.18325525
v -0.09990010 -0.20378204 -0.17080478
v -0.18539621 -0.15410651 -0.14464533
v -0.15657250 -0.17636992 -0.12359786
v -0.15998999 -0.17708357 -0.14860185
v -0.17917417 -0.12908296 -0.06497248
v -0.15709523 -0.16469235 -0.08167935
v -0.13531548 -0.17280516 -0.05957704
v -0.15907610 -0.13614980 -0.03862663
v -0.15852951 -0.15276920 -0.06118885
v -0.12969242 -0.19299578 -0.10901598
v -0.17943495 -0.14666270 -0.09987408
v -0.15602533 -0.17239943 -0.10188628
v -0.07681587 -0.22041605 -0.12780933
v -0.10645568 -0.20228721 -0.08972458
v -0.10257600 -0.20886433 -0.11855859
v -0.11586761 -0.17232085 -0.02681454
v -0.08668300 -0.20688171 -0.05974814
v -0.11098149 -0.19051255 -0.05879682
v -0.17958280 0.39894584 -0.26108165
v -0.15315268 0.41359839 -0.23147269
v -0.12465087 0.42484800 -0.25793425
v -0.15650847 0.41893913 -0.29383277
v -0.15650847 0.41893913 -0.29383277
v -0.15541704 0.41576088 -0.25923931
v -0.14742310 0.41202964 -0.18490026
v -0.12527663 0.42525605 -0.20557344
v -0.17107720 0.39413422 -0.21017783
v -0.15029458 0.41237890 -0.20765269
v -0.07372610 0.43947086 -0.20306169
v -0.09593020 0.43087678 -0.22855348
v -0.10012246 0.43639506 -0.18107181
v -0.09893033 0.43383092 -0.20419329
v -0.08715916 0.42510179 -0.29211441
v -0.08715916 0.42510179 -0.29211441
v -0.06106432 0.42652327 -0.25432874
v -0.09123209 0.42730736 -0.25674561
v -0.20865681 -0.12617638 -0.17960201
v -0.22172140 -0.09160725 -0.22449975
v -0.21886098 -0.13025723 -0.26150425
v -0.21886098 -0.13025723 -0.26150425
v -0.21415065 -0.12845709 -0.21670547
v -0.19944221 -0.11974292 -0.12496928
v -0.21514487 -0.08698849 -0.15991490
v -0.20341037 -0.12330757 -0.14931608
v -0.22421511 -0.00699710 -0.18810063
v -0.22250840 -0.04934351 -0.20138991
v -0.22062939 -0.04498534 -0.15033649
v -0.22170918 -0.04745111 -0.17374262
v -0.22071728 -0.05105138 -0.27505082
v -0.22071728 -0.05105138 -0.27505082
v -0.21863338 -0.00821135 -0.24423401
v -0.22201129 -0.05028185 -0.23448039
v -0.21172563 0.06788912 -0.25743132
v -0.21419139 0.10500189 -0.24220016
v -0.20455128 0.13840438 -0.26937246
v -0.20821034 0.10374980 -0.26410157
v -0.22092044 0.03121991 -0.22529490
v -0.21520249 0.03087356 -0.25134666
v -0.22492119 0.03320195 -0.17626194
v -0.22124292 0.06979782 -0.21017609
v -0.22377271 0.03207210 -0.20028975
v -0.21336947 0.14138588 -0.22250258
v -0.21897798 0.10731573 -0.19174922
v -0.21748839 0.10622197 -0.21762518
v -0.21161037 0.14600249 -0.11685898
v -0.21850706 0.10921802 -0.14027960
v -0.21899719 0.07507860 -0.11167599
v -0.20905613 0.11320131 -0.08956648
v -0.21523276 0.11076465 -0.11479952
v -0.22331169 0.07169604 -0.16065126
v -0.21546036 0.14377364 -0.16942055
v -0.21953679 0.10819179 -0.16594834
v -0.22493923 -0.00365761 -0.14304631
v -0.22468602 0.03616191 -0.13028965
v -0.22553006 0.03438128 -0.15314570
v -0.21498479 0.04373500 -0.08276229
v -0.22123942 0.00296608 -0.10046444
v -0.22147576 0.03909568 -0.10704529
v -0.19268115 -0.08793969 -0.05312429
v -0.20836984 -0.06803552 -0.08159961
v -0.19703233 -0.10925249 -0.08895237
v -0.19579770 -0.10042445 -0.07226818
v -0.21943900 -0.03865795 -0.11092671
v -0.21131467 -0.02500893 -0.06994474
v -0.21686089 -0.03315771 -0.09149043
v -0.21131467 -0.08008132 -0.11661572
v -0.22028362 -0.04232691 -0.12997008
v -0.19778149 -0.11537496 -0.10568382
v -0.19607478 0.37574752 -0.29806345
v -0.19607478 0.37574752 -0.29806345
v -0.19844333 0.34146665 -0.26719949
v -0.18902326 0.37115943 -0.23638443
v -0.19320039 0.37330096 -0.26388154
v -0.19483724 0.27016906 -0.27284583
v -0.19830654 0.30700242 -0.24285793
v -0.19554566 0.30616479 -0.30457886
v -0.19554566 0.30616479 -0.30457886
v -0.19748404 0.30608213 -0.27059312
v -0.19714759 0.30853858 -0.19513586
v -0.19299199 0.34008999 -0.21568796
v -0.20059593 0.27428449 -0.22102230
v -0.19769127 0.30778418 -0.21843604
v -0.18145017 0.36832112 -0.19073811
v -0.18471515 0.36945563 -0.21289564
v -0.16472303 0.39092745 -0.11737315
v -0.18030635 0.36765055 -0.14318892
v -0.19101519 0.34018196 -0.12032438
v -0.17712985 0.36607888 -0.09608981
v -0.17990529 0.36709639 -0.11940106
v -0.19096455 0.33986705 -0.16933498
v -0.16546171 0.39242984 -0.16429344
v -0.18040065 0.36788921 -0.16723536
v -0.20308847 0.27742723 -0.17170121
v -0.19922917 0.31018475 -0.14574258
v -0.19818372 0.30937563 -0.17076578
v -0.19505902 0.31127618 -0.09539578
v -0.20365194 0.27978822 -0.12020615
v -0.19871168 0.31085532 -0.12048038
v -0.20425034 0.18211813 -0.09266225
v -0.20815795 0.21456364 -0.11924668
v -0.21199921 0.17946435 -0.14468317
v -0.20955732 0.18064135 -0.11829734
v -0.20762766 0.24642357 -0.14606041
v -0.20212161 0.24882530 -0.09404403
v -0.20649549 0.24765121 -0.11983891
v -0.20493314 0.24337396 -0.19820118
v -0.20960621 0.21205364 -0.17232405
v -0.20670970 0.24503352 -0.17231357
v -0.21133213 0.17704981 -0.19823902
v -0.21233683 0.17834730 -0.17145265
v -0.20653507 0.17348446 -0.24945193
v -0.19721918 0.20442293 -0.27172995
v -0.20064250 0.17180220 -0.27126136
v -0.20649665 0.20850110 -0.22474772
v -0.20974824 0.17533087 -0.22467496
v -0.20073098 0.23907750 -0.24805490
v -0.20348837 0.24133779 -0.22332799
v -0.19501653 0.23674679 -0.27274164
v -0.14733113 -0.04189208 0.05530156
v -0.13381250 -0.01875313 0.08097787
v -0.14583572 0.00585968 0.06490616
v -0.15717847 -0.02249253 0.04386975
v -0.14616228 -0.01810526 0.06358946
v -0.10124824 -0.02226551 0.10906406
v -0.11701783 0.00847563 0.09974934
v -0.12133525 -0.05256157 0.08532672
v -0.11917974 -0.02139760 0.09644535
v -0.11249028 0.06340697 0.09109646
v -0.13058885 0.03432423 0.08156637
v -0.09669915 0.03820682 0.10941623
v -0.11477443 0.03655017 0.09778301
v -0.15939975 0.02358163 0.03756739
v -0.14416918 0.05550209 0.05400931
v -0.14513313 0.03038344 0.06131288
v -0.15661150 0.13120558 0.00422486
v -0.14182274 0.10787221 0.03357304
v -0.12368401 0.13946961 0.04105240
v -0.13908281 0.16467966 0.01668698
v -0.14048974 0.13560216 0.02383688
v -0.12709568 0.08601039 0.06405747
v -0.15880252 0.07509665 0.02136238
v -0.14305737 0.08125175 0.04419689
v -0.09168264 0.09235467 0.09203597
v -0.10799591 0.11585975 0.06756227
v -0.11020671 0.08962696 0.08023919
v -0.10407840 0.17096456 0.04615565
v -0.08696125 0.14540642 0.06647899
v -0.10592946 0.14275555 0.05541740
v -0.13729111 0.35832477 -0.01854044
v -0.12672314 0.34080714 0.00214736
v -0.10979866 0.36759583 0.00225679
v -0.12341159 0.37903579 -0.01912242
v -0.12417530 0.36195240 -0.00693190
v -0.13202779 0.28781883 0.01272697
v -0.11351768 0.31907745 0.02200036
v -0.14500507 0.31326230 -0.00715613
v -0.12943921 0.31578918 0.00879491
v -0.07942250 0.32617321 0.04143833
v -0.09544531 0.34906069 0.02326584
v -0.09845475 0.29404494 0.03866057
v -0.09694421 0.32268587 0.03277673
v -0.09313497 0.39310624 -0.00560758
v -0.07716862 0.37716784 0.01730459
v -0.09412104 0.37269267 0.01038520
v -0.12051857 0.19833885 0.02916482
v -0.13602796 0.22669280 0.01342025
v -0.15390766 0.19229668 -0.00376209
v -0.13762698 0.19534512 0.01382190
v -0.08355307 0.20359402 0.05257676
v -0.10113066 0.23233216 0.04105706
v -0.10251605 0.20113583 0.04212928
v -0.11735021 0.26069892 0.02836851
v -0.08141095 0.26632314 0.05063663
v -0.09981395 0.26361406 0.04066123
v -0.15051578 0.25521556 -0.00355545
v -0.13419319 0.25781870 0.01366240
v -0.20223221 0.08356384 -0.06125866
v -0.18681187 0.12141936 -0.04042269
v -0.19665339 0.15047416 -0.06693161
v -0.19932114 0.11689763 -0.06463753
v -0.20444126 0.01826010 -0.05123049
v -0.19059550 0.05880899 -0.03012044
v -0.20430098 0.05063169 -0.05679097
v -0.17389804 0.09628091 -0.01106701
v -0.17533349 0.03942981 0.00384359
v -0.17503837 0.06728956 -0.00373939
v -0.17068952 0.15737550 -0.02172806
v -0.17231357 0.12633343 -0.01733200
v -0.19099889 0.28148037 -0.06965707
v -0.17479796 0.31142694 -0.04762248
v -0.17985930 0.33914932 -0.07233570
v -0.18670069 0.31133614 -0.07090421
v -0.15561844 0.33749035 -0.02972572
v -0.16406933 0.28351888 -0.02385295
v -0.16051214 0.31193861 -0.02616748
v -0.13980228 0.37737390 -0.03648434
v -0.16001153 0.36218757 -0.05245348
v -0.14918685 0.35927475 -0.03392829
v -0.15629833 0.38676604 -0.07384136
v -0.16991242 0.36444901 -0.07347394
v -0.10579791 -0.16001799 0.01564212
v -0.12400707 -0.11617353 0.03585195
v -0.13936454 -0.13106104 -0.00362996
v -0.12082591 -0.14649273 0.00518299
v -0.13767937 -0.07516714 0.05084619
v -0.11076902 -0.09555265 0.07487167
v -0.12356061 -0.08450835 0.06384733
v -0.16100110 -0.05351999 0.02744181
v -0.15441758 -0.09004438 0.01451809
v -0.15055827 -0.06588112 0.03798242
v -0.17363493 -0.09480553 -0.02063471
v -0.15748116 -0.11435442 -0.01220454
v -0.18109800 0.25144881 -0.04536895
v -0.16815216 0.22149642 -0.02362313
v -0.16649086 0.25313107 -0.02338139
v -0.19447809 0.21746540 -0.06871312
v -0.19331564 0.25005236 -0.06907194
v -0.18346830 0.18657874 -0.04499157
v -0.19531514 0.18413509 -0.06814491
v -0.16942695 0.18933730 -0.02344856
v -0.19555555 -0.04340146 -0.03708046
v -0.18884572 -0.00017492 -0.01706872
v -0.20156687 -0.01339144 -0.04457316
v -0.17764908 -0.05217541 -0.00311131
v -0.18628565 -0.07084711 -0.02901388
v -0.17194918 -0.01218708 0.01688780
v -0.16781047 -0.03495348 0.02141012
v -0.17438060 0.01277209 0.01087590
v -0.08675227 -0.19955019 0.00630062
v -0.09723002 -0.18210532 0.04295819
v -0.10321398 -0.14032349 0.05610660
v -0.09821435 -0.17100531 0.02915608
v -0.11346297 -0.21133591 0.06573391
v -0.11346297 -0.21133591 0.06573391
v -0.10312667 -0.16498293 0.07548695
v -0.09316931 -0.22462170 0.03480825
v -0.10199973 -0.19596797 0.05428056
v -0.08715217 -0.11336098 0.11197745
v -0.09745820 -0.12465995 0.08765219
v -0.10430017 -0.14611792 0.10598011
v -0.10430017 -0.14611792 0.10598011
v -0.09811656 -0.13665331 0.09542261
v -0.09294055 -0.08426858 0.10293574
v -0.10187225 -0.10994815 0.08180445
v -0.13568569 -0.26622011 0.05961199
v -0.15380172 -0.24346360 0.09654780
v -0.12700779 -0.18836520 0.10103112
v -0.13255808 -0.22694951 0.07992835
v -0.18315048 -0.28090177 0.13691392
v -0.16078689 -0.21353100 0.13759788
v -0.17849312 -0.30747043 0.09325779
v -0.17170994 -0.26153307 0.11527736
v -0.12487731 -0.12908261 0.17424730
v -0.12487731 -0.12908261 0.17424730
v -0.13127514 -0.15981234 0.13756470
v -0.15554918 -0.17840668 0.17985814
v -0.14541312 -0.16760604 0.15761620
v -0.10085591 -0.12450093 0.13578115
v -0.10085591 -0.12450093 0.13578115
v -0.11646193 -0.15324360 0.12018968
v -0.11215034 -0.29026073 0.02991863
v -0.13984943 -0.33627434 0.02950010
v -0.16286905 -0.32424356 0.05744484
v -0.13896173 -0.30340099 0.04281441
v -0.12425505 -0.38136301 0.01221764
v -0.15467195 -0.38375194 0.03021725
v -0.11377148 -0.34775505 0.01168036
v -0.13580968 -0.36262414 0.01963239
v -0.17799775 -0.42928882 0.06410753
v -0.17893609 -0.38046192 0.05808282
v -0.15100300 -0.42654190 0.03572272
v -0.16933265 -0.40699566 0.04522604
v -0.19254960 -0.36994168 0.09374035
v -0.18144551 -0.34719973 0.07414347
v -0.19020026 -0.42259004 0.09988555
v -0.18685785 -0.40831935 0.14216210
v -0.19182489 -0.34984128 0.13785517
v -0.19403919 -0.39014162 0.11706615
v -0.15863080 -0.46543473 0.07634263
v -0.17256620 -0.46132104 0.10905882
v -0.17887556 -0.44756318 0.08631104
v -0.14002231 -0.47615870 0.14507550
v -0.16838791 -0.45110407 0.14573094
v -0.14357136 -0.48336332 0.11897834
v -0.15967217 -0.47006473 0.12957192
v -0.17186128 -0.39246884 0.19112055
v -0.14900291 -0.43870773 0.18692189
v -0.17195093 -0.42499643 0.16706888
v -0.19502992 -0.12587241 -0.45164979
v -0.16782619 -0.09362760 -0.48195377
v -0.13601690 -0.13359928 -0.48128611
v -0.16817486 -0.15905433 -0.45095651
v -0.16794843 -0.12982840 -0.47345341
v -0.16074730 -0.02845611 -0.45863903
v -0.13239335 -0.05626569 -0.48498708
v -0.19037139 -0.05981805 -0.45548930
v -0.16366303 -0.05760998 -0.47681618
v -0.07953252 -0.06477700 -0.46250649
v -0.10058407 -0.09623731 -0.48431941
v -0.10638757 -0.03159536 -0.46319976
v -0.10256029 -0.06068893 -0.47998686
v -0.10911004 -0.15828818 -0.45294670
v -0.07948654 -0.12692612 -0.45609701
v -0.10456386 -0.13101389 -0.47537782
v -0.14325412 0.40715516 -0.45789860
v -0.11577680 0.38528111 -0.48416865
v -0.14473381 0.34975281 -0.48485785
v -0.16777031 0.37739311 -0.45861458
v -0.14367963 0.38149864 -0.47751935
v -0.06579619 0.38122680 -0.46137140
v -0.08653515 0.35250671 -0.48650402
v -0.09065582 0.40867618 -0.45894580
v -0.08837923 0.38366055 -0.47869519
v -0.09195739 0.29508864 -0.46750786
v -0.11549274 0.31697840 -0.48719381
v -0.06744120 0.32485069 -0.46679189
v -0.08908823 0.32094249 -0.48255042
v -0.16507520 0.31941972 -0.46157164
v -0.14021557 0.29196976 -0.46399724
v -0.14228434 0.31800697 -0.48018012
v -0.19936188 0.34423161 -0.34451422
v -0.18791261 0.31209286 -0.39255645
v -0.17690516 0.27877246 -0.35304020
v -0.19281213 0.30838956 -0.34775301
v -0.18251075 0.40621623 -0.33936732
v -0.19286684 0.37963826 -0.38714702
v -0.19647177 0.37836637 -0.34160723
v -0.18611510 0.34715258 -0.43184917
v -0.17125125 0.40422197 -0.42342041
v -0.18373257 0.37804331 -0.42731987
v -0.16463455 0.29160945 -0.43133052
v -0.17947570 0.31660877 -0.43143006
v -0.03694635 0.38526306 -0.31444657
v -0.03694635 0.38526306 -0.31444657
v -0.03810216 0.35239262 -0.36340851
v -0.04509618 0.38493185 -0.39501348
v -0.05641651 0.41180437 -0.34181271
v -0.04116789 0.38555004 -0.35202444
v -0.06210046 0.28687408 -0.37432749
v -0.04846861 0.32017761 -0.40722064
v -0.04072119 0.31738646 -0.33915951
v -0.04072119 0.31738646 -0.33915951
v -0.04503459 0.31724908 -0.37073188
v -0.04892201 0.35337520 -0.43919291
v -0.06930624 0.29801426 -0.44012951
v -0.05491941 0.32365331 -0.44046130
v -0.06566347 0.40685130 -0.42639725
v -0.05233700 0.38257086 -0.43247027
v -0.14690445 0.26938672 -0.40180073
v -0.12124328 0.26030077 -0.37066843
v -0.15172421 0.26331312 -0.36209297
v -0.11661735 0.27383569 -0.44226988
v -0.14241182 0.27735097 -0.43682028
v -0.08926460 0.27375129 -0.40984008
v -0.09106096 0.28106592 -0.44205275
v -0.08943632 0.26802287 -0.37452657
v -0.08704856 0.42654132 -0.38584894
v -0.12188649 0.42974402 -0.33773337
v -0.08603280 0.42623979 -0.33800463
v -0.11841952 0.42669208 -0.42877279
v -0.08940081 0.42182866 -0.42708005
v -0.15301472 0.42496733 -0.38460733
v -0.14759132 0.42063071 -0.42572842
v -0.15584721 0.42320590 -0.33813211
v -0.20289638 -0.01823681 -0.33324191
v -0.21510645 -0.05467313 -0.37652957
v -0.22552541 -0.09335518 -0.31942700
v -0.21912699 -0.05243857 -0.32513679
v -0.21434914 -0.09279724 -0.42109318
v -0.18950640 -0.02936884 -0.42135338
v -0.20651993 -0.05798602 -0.42102042
v -0.19834496 -0.15708964 -0.41115271
v -0.22029759 -0.13135931 -0.36889769
v -0.21193402 -0.12790235 -0.41564359
v -0.20632144 -0.16174036 -0.31216824
v -0.22175807 -0.13168447 -0.31487674
v -0.14175114 -0.18109480 -0.31379288
v -0.10634974 -0.17461897 -0.37037505
v -0.07394963 -0.15345479 -0.32395455
v -0.10427631 -0.17263460 -0.31705611
v -0.17721541 -0.17908307 -0.36655708
v -0.17770903 -0.17783680 -0.31198547
v -0.14082270 -0.17893930 -0.41811459
v -0.17265061 -0.17414747 -0.41410278
v -0.08225965 -0.15313970 -0.41657669
v -0.10883297 -0.17133012 -0.41680836
v -0.08621733 -0.02335170 -0.36147886
v -0.10974628 -0.00879636 -0.39921680
v -0.14618207 0.00410291 -0.35576383
v -0.11419408 -0.00378334 -0.36101668
v -0.13566590 -0.00844186 -0.43462694
v -0.08454205 -0.03464963 -0.43285271
v -0.10796389 -0.01618259 -0.43477712
v -0.17101084 -0.00522869 -0.38884034
v -0.16436737 -0.01284601 -0.42802072
v -0.17716535 -0.00005210 -0.34497815
v -0.06153466 -0.12625030 -0.38262762
v -0.05809016 -0.09009368 -0.34978162
v -0.05551467 -0.12312735 -0.29922240
v -0.05551467 -0.12312735 -0.29922240
v -0.05943620 -0.12455308 -0.33666580
v -0.06213946 -0.09458427 -0.43164777
v -0.06668040 -0.12618976 -0.42380866
v -0.06594463 -0.05759630 -0.39681798
v -0.06868048 -0.06242730 -0.43323631
v -0.06549467 -0.05615882 -0.32617816
v -0.06549467 -0.05615882 -0.32617816
v -0.06726657 -0.05424075 -0.35789373
v -0.15785544 -0.37843564 0.24292546
v -0.16610318 -0.32108277 0.24006969
v -0.17966895 -0.32501426 0.18914026
v -0.16961788 -0.35424834 0.21542020
v -0.16185503 -0.29695892 0.28658624
v -0.16185503 -0.29695892 0.28658624
v -0.16448728 -0.26178453 0.24881861
v -0.15541995 -0.33658635 0.28726496
v -0.16219847 -0.30371823 0.26517146
v -0.14378266 -0.17705039 0.25397424
v -0.14378266 -0.17705039 0.25397424
v -0.15787291 -0.20840389 0.22680602
v -0.16175026 -0.22178514 0.26104672
v -0.16175026 -0.22178514 0.26104672
v -0.15813543 -0.21566206 0.24622362
v -0.17376125 -0.24816404 0.18574197
v -0.13698784 -0.14832244 0.21950885
v -0.13698784 -0.14832244 0.21950885
v -0.15835663 -0.19399582 0.20380329
v -0.18499165 -0.30131417 0.16225319
v -0.11212705 -0.18383764 0.31383479
v -0.11212705 -0.18383764 0.31383479
v -0.15581519 -0.18603506 0.29212722
v -0.19002679 -0.19124774 0.31251517
v -0.14689979 -0.19813162 0.33397011
v -0.15024860 -0.18983092 0.31259783
v -0.16850026 -0.20519770 0.26813900
v -0.18880089 -0.20185122 0.27898929
v -0.13916896 -0.17581751 0.27389186
v -0.13916896 -0.17581751 0.27389186
v -0.16261525 -0.19038507 0.27636636
v -0.23376034 -0.22224791 0.29354288
v -0.22138379 -0.19934413 0.29695048
v -0.20634181 -0.22853689 0.27986185
v -0.21411979 -0.21071074 0.28466648
v -0.22625070 -0.19496676 0.33294504
v -0.25050494 -0.20049028 0.32006381
v -0.22398634 -0.19427465 0.31402805
v -0.17139211 -0.26548551 0.28139626
v -0.18531588 -0.24456202 0.27721505
v -0.17132168 -0.23279027 0.27026656
v -0.16640994 -0.31382868 0.32225948
v -0.18196707 -0.29638613 0.30864947
v -0.16902472 -0.29560845 0.30017413
v -0.21879927 -0.29155298 0.32252492
v -0.20022222 -0.27762107 0.29782246
v -0.20086952 -0.30455412 0.33348115
v -0.19894336 -0.29600952 0.31472598
v -0.22154095 -0.25355018 0.29462907
v -0.20219903 -0.25298555 0.28522413
v -0.22919669 -0.29241390 0.34828854
v -0.25856583 -0.26386553 0.35098307
v -0.24423168 -0.26307155 0.32031353
v -0.24038169 -0.28008974 0.33616811
v -0.26345078 -0.23101196 0.37022138
v -0.27448909 -0.22656940 0.34934446
v -0.25170465 -0.26098240 0.37139198
v -0.26822573 -0.24512607 0.36229729
v -0.26036567 -0.22518342 0.31871276
v -0.26042854 -0.20268362 0.34574303
v -0.26796087 -0.21147329 0.33355158
v -0.24291090 -0.24174584 0.30576518
v -0.00000000 -0.00575141 0.12553683
v -0.00000000 -0.00575141 0.12553683
v -0.02691827 0.01821469 0.12324918
v -0.05387537 -0.01126154 0.12323463
v -0.02720617 -0.03102956 0.12622952
v -0.02729983 -0.00720956 0.12531155
v -0.02531494 0.07095095 0.11258866
v -0.05160239 0.04271982 0.11872745
v 0.00000000 0.04528745 0.11896961
v 0.00000000 0.04528745 0.11896961
v -0.02620782 0.04451268 0.11926706
v -0.07738167 0.01189778 0.11853245
v -0.07312771 0.06797935 0.10951169
v -0.07537053 0.04044033 0.11592116
v -0.07875717 -0.04508197 0.11635483
v -0.07900223 -0.01758370 0.11790670
v 0.00000000 0.20824672 0.06969624
v 0.00000000 0.20824672 0.06969624
v -0.02121843 0.23949428 0.06797091
v -0.04280318 0.20702898 0.06569665
v -0.02199320 0.17762259 0.07196700
v -0.02152991 0.20793356 0.06874277
v -0.02082633 0.30280900 0.06417505
v -0.04174527 0.27031109 0.06392824
v 0.00000000 0.27181348 0.06835509
v 0.00000000 0.27181348 0.06835509
v -0.02100259 0.27141649 0.06724911
v -0.06266334 0.23693306 0.05917309
v -0.06134373 0.29961095 0.05558213
v -0.06196774 0.26858459 0.05839133
v -0.06480197 0.17541120 0.06442652
v -0.06356327 0.20557082 0.06037046
v 0.00000000 0.33330274 0.05738838
v 0.00000000 0.33330274 0.05738838
v -0.02039261 0.36065432 0.04453567
v -0.04095589 0.33134107 0.05329449
v -0.02063354 0.33278293 0.05634759
v -0.01964013 0.40735540 0.01204243
v -0.03983210 0.38385846 0.02696856
v 0.00000000 0.38642260 0.03039188
v 0.00000000 0.38642260 0.03039188
v -0.02007199 0.38573980 0.02951058
v -0.05987452 0.35641898 0.03718437
v -0.05790732 0.40204958 0.00598047
v -0.05896819 0.38094506 0.02286594
v -0.06065569 0.32909825 0.04830126
v -0.00000000 -0.09330651 -0.30889977
v -0.00000000 -0.09330651 -0.30889977
v -0.01688239 -0.10910592 -0.29673394
v -0.03608159 -0.08056516 -0.30728037
v -0.01894377 -0.07078296 -0.31536105
v -0.01894377 -0.07078296 -0.31536105
v -0.01816970 -0.08976259 -0.30761916
v -0.01431202 -0.14962121 -0.26699983
v -0.03055946 -0.12626346 -0.28110463
v -0.00000000 -0.13048244 -0.28517000
v -0.00000000 -0.13048244 -0.28517000
v -0.01546784 -0.12899734 -0.28307212
v -0.04682308 -0.09606554 -0.30036681
v -0.04548461 -0.15022450 -0.26301072
v -0.04489873 -0.12400213 -0.28359542
v -0.05936285 -0.04142931 -0.31773833
v -0.05936285 -0.04142931 -0.31773833
v -0.05347797 -0.06714875 -0.31138707
v 0.00000000 0.38600000 -0.27829252
v 0.00000000 0.38600000 -0.27829252
v -0.00943824 0.35998258 -0.29412731
v -0.01892864 0.38486607 -0.28312392
v -0.01009933 0.40822621 -0.26155257
v -0.00937776 0.38550754 -0.27892002
v -0.01109308 0.31073716 -0.31733960
v -0.01109308 0.31073716 -0.31733960
v -0.02050513 0.33014020 -0.31127182
v 0.00000000 0.33549957 -0.30613423
v 0.00000000 0.33549957 -0.30613423
v -0.01007767 0.33420732 -0.30699398
v -0.02757354 0.35494511 -0.30939048
v -0.03734148 0.29482786 -0.32779290
v -0.03734148 0.29482786 -0.32779290
v -0.03163215 0.32310847 -0.32066628
v -0.03358549 0.40966632 -0.27294537
v -0.02882569 0.38490973 -0.29322273
v 0.00000000 0.09708421 0.10220521
v 0.00000000 0.09708421 0.10220521
v -0.02348221 0.12273781 0.09089622
v -0.04818601 0.09592525 0.10174593
v -0.02438609 0.09679840 0.10243746
v -0.04495892 0.14869818 0.07806273
v 0.00000000 0.14968367 0.08046271
v 0.00000000 0.14968367 0.08046271
v -0.02266425 0.14945142 0.08004535
v -0.06856348 0.12064692 0.08602756
v -0.06651450 0.14736867 0.07378373
v -0.07081329 0.09444905 0.09874173
v -0.00000000 -0.08176527 0.13348245
v -0.00000000 -0.08176527 0.13348245
v -0.02570390 -0.07027910 0.12846186
v -0.04934845 -0.08777170 0.12963479
v -0.02611661 -0.08915040 0.14121969
v -0.02611661 -0.08915040 0.14121969
v -0.02539579 -0.08295147 0.13277520
v -0.05190613 -0.05785767 0.12349308
v -0.00000000 -0.05095708 0.12741875
v -0.00000000 -0.05095708 0.12741875
v -0.02649078 -0.05251215 0.12677960
v -0.07135289 -0.08519714 0.11816457
v -0.07517028 -0.06767410 0.11618835
v -0.07309336 -0.10421600 0.13198996
v -0.07309336 -0.10421600 0.13198996
v -0.07041513 -0.09748766 0.12304138
v -0.00000000 -0.07588522 0.19916455
v -0.03149716 -0.08246810 0.17447141
v -0.06781607 -0.08738134 0.19431859
v -0.03680507 -0.08018988 0.22600622
v -0.03455958 -0.07854016 0.19821806
v -0.05555221 -0.09326274 0.15236278
v -0.00000000 -0.08612023 0.15594908
v -0.02841665 -0.08749707 0.15529538
v -0.08931583 -0.10355561 0.16464386
v -0.08012568 -0.10505230 0.14618148
v -0.10538288 -0.10779925 0.21049100
v -0.09846698 -0.10328494 0.18640440
v -0.00000000 -0.42185602 0.26919667
v -0.03646752 -0.40519291 0.30953484
v -0.07575180 -0.41841699 0.26751615
v -0.04032542 -0.43778802 0.23118048
v -0.03869421 -0.42118835 0.26880375
v -0.03124663 -0.37120891 0.38065489
v -0.06589398 -0.38683298 0.34535535
v -0.00000000 -0.38964625 0.34968499
v -0.03390012 -0.38885053 0.34845735
v -0.11636414 -0.37984257 0.33590850
v -0.10129946 -0.39889287 0.30498749
v -0.08762484 -0.36788863 0.36998796
v -0.09407506 -0.38396382 0.34095994
v -0.11594619 -0.42825676 0.22730255
v -0.13507391 -0.40279001 0.26589326
v -0.10953497 -0.41277414 0.26522385
v -0.00000000 -0.48828262 0.15602766
v -0.04143432 -0.47344147 0.17744884
v -0.08049356 -0.48632445 0.15556547
v -0.04231602 -0.49760258 0.13535273
v -0.04170523 -0.48806608 0.15622557
v -0.08080731 -0.45351163 0.20052433
v -0.00000000 -0.45638777 0.20145743
v -0.04110660 -0.45594421 0.20158142
v -0.11634551 -0.46741269 0.17248529
v -0.11769714 -0.44798927 0.19685537
v -0.11271381 -0.49065641 0.13450403
v -0.11344783 -0.48196687 0.15279469
v 0.00000000 0.44811675 -0.19906560
v 0.00000000 0.44811675 -0.19906560
v -0.01399757 0.43844637 -0.22135177
v -0.03325114 0.44622144 -0.20044691
v -0.01783540 0.45417522 -0.17705010
v -0.01617404 0.44768716 -0.19947481
v -0.02476981 0.42551741 -0.24441912
v 0.00000000 0.42572231 -0.24177232
v 0.00000000 0.42572231 -0.24177232
v -0.01180592 0.42558261 -0.24220366
v -0.04672896 0.43626409 -0.22480302
v -0.04004963 0.42587889 -0.24934075
v -0.05569523 0.44858185 -0.17921958
v -0.05213420 0.44354205 -0.20172753
v -0.00000000 -0.17081205 -0.25097935
v -0.00000000 -0.17081205 -0.25097935
v -0.01387528 -0.19202717 -0.22791084
v -0.02884117 -0.17222073 -0.24470609
v -0.01380094 -0.17116189 -0.24888438
v -0.01554339 -0.22536271 -0.17413379
v -0.03032773 -0.21172534 -0.19937469
v -0.00000000 -0.20982304 -0.20452567
v -0.00000000 -0.20982304 -0.20452567
v -0.01447583 -0.21062459 -0.20326601
v -0.04751328 -0.19472926 -0.21690105
v -0.05111244 -0.22351746 -0.16586510
v -0.04893173 -0.21182080 -0.19274169
v -0.04636014 -0.17399845 -0.24055166
v -0.00000000 -0.23509596 -0.14014106
v -0.00000000 -0.23509596 -0.14014106
v -0.01873602 -0.24027604 -0.10337499
v -0.03491134 -0.23255510 -0.13785167
v -0.01701860 -0.23464891 -0.13970100
v -0.02223501 -0.24772397 -0.03867157
v -0.04155603 -0.23610881 -0.06708811
v -0.00000000 -0.24668086 -0.06872928
v -0.00000000 -0.24668086 -0.06872928
v -0.02052999 -0.24403697 -0.06856266
v -0.05884246 -0.22725627 -0.09924926
v -0.06733351 -0.21999112 -0.03104091
v -0.06357433 -0.22290219 -0.06333092
v -0.05455234 -0.22806190 -0.13406455
v -0.00000000 -0.25710156 -0.01776334
v -0.00000000 -0.25710156 -0.01776334
v -0.02496766 -0.26079264 -0.00293668
v -0.04678379 -0.24175457 -0.01395537
v -0.02368559 -0.25313049 -0.01710912
v -0.02737091 -0.28503640 0.00699215
v -0.02737091 -0.28503640 0.00699215
v -0.05147666 -0.26111628 0.01006970
v -0.00000000 -0.27505868 0.00332086
v -0.00000000 -0.27505868 0.00332086
v -0.02616742 -0.27124885 0.00478426
v -0.07038836 -0.23249457 0.00956036
v -0.08060765 -0.26492087 0.02337935
v -0.08060765 -0.26492087 0.02337935
v -0.07506958 -0.24595556 0.02007479
v -0.06870726 -0.22351397 -0.00711090
v -0.00000000 -0.30543193 0.00312586
v -0.03020776 -0.32352874 0.00024565
v -0.05704494 -0.29688208 0.00957375
v -0.02866415 -0.30269141 0.00462534
v -0.03468828 -0.37200172 -0.00431159
v -0.06259931 -0.34454711 -0.00081494
v -0.00000000 -0.34828126 -0.00432033
v -0.03216232 -0.34686095 -0.00358746
v -0.08784487 -0.31800930 0.01041430
v -0.09339749 -0.36737580 0.00261012
v -0.08958534 -0.34328745 0.00456946
v -0.08485929 -0.29041324 0.01842163
v -0.00000000 -0.39884746 0.00043424
v -0.04132785 -0.42416695 0.01063957
v -0.07308288 -0.39596667 0.00223991
v -0.03794633 -0.39826420 0.00063390
v -0.04602747 -0.46896340 0.04339942
v -0.08585934 -0.44552409 0.02644060
v -0.00000000 -0.44858418 0.02491085
v -0.04422443 -0.44822735 0.02509770
v -0.11347635 -0.41526319 0.01535281
v -0.12765450 -0.45999328 0.04828845
v -0.12231550 -0.43884045 0.02972130
v -0.10259929 -0.39140477 0.00626046
v -0.00000000 -0.48515792 0.06469719
v -0.04513727 -0.49539236 0.08834780
v -0.08966858 -0.48255071 0.06643650
v -0.04612858 -0.48489307 0.06493643
v -0.08404203 -0.49784066 0.11298681
v -0.00000000 -0.49999500 0.11207583
v -0.04366323 -0.49983667 0.11227374
v -0.12443608 -0.48770926 0.09269257
v -0.11785314 -0.49248595 0.11433553
v -0.12803228 -0.47658072 0.06997798
v -0.07376045 -0.10413643 0.24966498
v -0.03532655 -0.11001703 0.29071040
v -0.00000000 -0.08684238 0.25960196
v -0.03743508 -0.09189394 0.25730558
v -0.11155136 -0.13842149 0.25717170
v -0.10786727 -0.12065763 0.23593098
v -0.09963467 -0.15511400 0.28951651
v -0.12206636 -0.15765229 0.26865939
v -0.07340013 -0.18459262 0.34177196
v -0.05748012 -0.14697517 0.31919590
v -0.08313745 -0.16708291 0.31578481
v -0.00000000 -0.12391219 0.32817941
v -0.02348861 -0.15247867 0.35500303
v -0.02935667 -0.13092384 0.32481663
v -0.13831444 -0.38413670 0.30387627
v -0.15048027 -0.36977404 0.28741980
v -0.14739690 -0.38699480 0.27349138
v -0.12392616 -0.36001576 0.35302681
v -0.14025224 -0.36613069 0.32236135
v -0.13068140 -0.37406933 0.33083959
v -0.14350384 -0.34227169 0.32833134
v -0.14830148 -0.35551324 0.30708246
v -0.13180776 -0.26763403 0.46817611
v -0.12540702 -0.27327629 0.48328619
v -0.11700968 -0.25699329 0.48599702
v -0.12469919 -0.25384764 0.47047481
v -0.12629472 -0.26264953 0.47929533
v -0.11462483 -0.29197500 0.47688021
v -0.11169048 -0.27848897 0.48928645
v -0.12623476 -0.28756212 0.47179268
v -0.12086317 -0.28333901 0.48273378
v -0.08946834 -0.26724053 0.48594696
v -0.10329315 -0.26220597 0.49199728
v -0.09657691 -0.28102750 0.48364826
v -0.10076626 -0.27235192 0.49047742
v -0.10466166 -0.24571225 0.47878309
v -0.09305173 -0.25012512 0.48387120
v -0.10523328 -0.25302630 0.48778580
v -0.12096795 -0.28699458 0.37920023
v -0.12096795 -0.28699458 0.37920023
v -0.11143552 -0.29225208 0.38785310
v -0.11588624 -0.27443001 0.38705912
v -0.12223808 -0.26683539 0.38036850
v -0.11742879 -0.27917119 0.38342509
v -0.09415015 -0.31014342 0.39856777
v -0.10374194 -0.30014124 0.39579291
v -0.10533398 -0.30937622 0.39068559
v -0.10533398 -0.30937622 0.39068559
v -0.10382111 -0.30345163 0.39308849
v -0.10909666 -0.29778782 0.40939594
v -0.11198793 -0.28632633 0.39621085
v -0.09652277 -0.30579515 0.40513208
v -0.10539917 -0.29855154 0.40062082
v -0.11768550 -0.25731170 0.38828851
v -0.11830136 -0.27008000 0.40108883
v -0.11596598 -0.27151661 0.39204187
v -0.10555518 -0.24369586 0.40507328
v -0.08813825 -0.23605642 0.40351967
v -0.09808512 -0.23318028 0.39176072
v -0.11206302 -0.24320283 0.38971814
v -0.10144091 -0.23901522 0.39624811
v -0.06306732 -0.23931209 0.41590146
v -0.07118467 -0.23367215 0.40565072
v -0.07877347 -0.23746044 0.41919205
v -0.07466095 -0.23604594 0.41033428
v -0.05999734 -0.22588776 0.40270997
v -0.05999734 -0.22588776 0.40270997
v -0.07999995 -0.22728887 0.39625975
v -0.05605730 -0.23627063 0.40987326
v -0.06680904 -0.23029948 0.40361746
v -0.10837194 -0.22980295 0.38328248
v -0.08943225 -0.22202438 0.38657540
v -0.08943225 -0.22202438 0.38657540
v -0.09446972 -0.22754557 0.38901904
v -0.08059136 -0.31475770 0.40353655
v -0.08059136 -0.31475770 0.40353655
v -0.06936212 -0.30350344 0.40826725
v -0.08343141 -0.30693839 0.40525373
v -0.08198490 -0.30970103 0.40372573
v -0.05006210 -0.28019219 0.41446892
v -0.06112603 -0.29116647 0.41296943
v -0.05440013 -0.29622839 0.41277559
v -0.05440013 -0.29622839 0.41277559
v -0.05831741 -0.29292906 0.41189837
v -0.06788068 -0.28994057 0.42598862
v -0.07433148 -0.29992412 0.41374013
v -0.05597254 -0.27875499 0.41982887
v -0.06394221 -0.29036318 0.41724727
v -0.08947591 -0.30505938 0.41825720
v -0.08567947 -0.30566011 0.40960375
v -0.04133932 -0.26818818 0.41672571
v -0.04133932 -0.26818818 0.41672571
v -0.04545708 -0.25552524 0.41570180
v -0.04892760 -0.26712993 0.41690208
v -0.04580878 -0.26750771 0.41582928
v -0.05235842 -0.24573844 0.41511912
v -0.04375479 -0.24365104 0.41413188
v -0.04375479 -0.24365104 0.41413188
v -0.04890664 -0.24489615 0.41380882
v -0.05939079 -0.24624719 0.42810978
v -0.05169495 -0.25569696 0.42112461
v -0.05541740 -0.24618549 0.41943013
v -0.05587074 -0.26656762 0.42993524
v -0.05188512 -0.26687672 0.42118923
v -0.12112045 -0.25136965 0.38184644
v -0.13159762 -0.25082772 0.37927299
v -0.13498950 -0.26748268 0.37591371
v -0.13498950 -0.26748268 0.37591371
v -0.12629879 -0.25786993 0.37924854
v -0.11751960 -0.23911708 0.38252109
v -0.11749865 -0.24690089 0.38512714
v -0.12559271 -0.22731332 0.37792194
v -0.12559271 -0.22731332 0.37792194
v -0.13006612 -0.23734111 0.37953901
v -0.11986080 -0.23279493 0.38043602
v -0.15375748 -0.25261184 0.37975147
v -0.15375748 -0.25261184 0.37975147
v -0.15431571 -0.23879635 0.37977243
v -0.15431571 -0.23879635 0.37977243
v -0.14011894 -0.24426050 0.37964961
v -0.16240221 -0.27316861 0.37418604
v -0.16174036 -0.29661839 0.36035716
v -0.13671833 -0.28891317 0.36926383
v -0.13671833 -0.28891317 0.36926383
v -0.14914727 -0.28128653 0.37042046
v -0.18112944 -0.24810059 0.38142151
v -0.20022106 -0.26762879 0.37730725
v -0.17472287 -0.26145390 0.37882885
v -0.21849600 -0.28592934 0.36655650
v -0.23440181 -0.24811689 0.37848658
v -0.22745913 -0.26797746 0.37561218
v -0.18509876 -0.30479919 0.34903479
v -0.20851012 -0.29965810 0.35163560
v -0.15031845 -0.31836554 0.34059729
v -0.15031845 -0.31836554 0.34059729
v -0.16573820 -0.31081574 0.34331219
v -0.10683172 -0.22060348 0.37619952
v -0.10683172 -0.22060348 0.37619952
v -0.14473905 -0.21578663 0.36633821
v -0.16145979 -0.22537144 0.37534791
v -0.13578581 -0.22205116 0.37402830
v -0.19200185 -0.20333441 0.35187833
v -0.10406675 -0.20750339 0.35490698
v -0.10406675 -0.20750339 0.35490698
v -0.14675369 -0.20729849 0.35243424
v -0.23807950 -0.21209264 0.36540336
v -0.23250126 -0.20088320 0.35075023
v -0.20525736 -0.23203005 0.37741144
v -0.23832747 -0.22866320 0.37486652
v -0.17664088 -0.23506336 0.37903666
v -0.04103820 -0.23042463 0.40940176
v -0.03508073 -0.21412009 0.40106147
v -0.06213364 -0.21480230 0.39213035
v -0.04921347 -0.22039742 0.40140491
v -0.00000000 -0.20383617 0.40460935
v -0.02093443 -0.19090780 0.39193419
v -0.01506142 -0.22282418 0.41097517
v -0.01822191 -0.20734622 0.40304002
v -0.04491974 -0.18547217 0.37004093
v -0.00000000 -0.16615208 0.37954076
v -0.02168557 -0.17254612 0.37664890
v -0.07471334 -0.20932535 0.37559763
v -0.07125102 -0.19867646 0.36178504
v -0.08181027 -0.21652939 0.38298095
v -0.01570539 -0.28930318 0.42163162
v -0.01570539 -0.28930318 0.42163162
v -0.03769452 -0.30680393 0.41653536
v -0.02549685 -0.33031542 0.41309517
v -0.00000000 -0.30996064 0.42078700
v -0.02050367 -0.30934536 0.41927762
v -0.06137982 -0.31559942 0.40973414
v -0.03921758 -0.28493163 0.41717101
v -0.03921758 -0.28493163 0.41717101
v -0.04825964 -0.30164247 0.41434493
v -0.09543367 -0.32388906 0.39534993
v -0.07808717 -0.33468580 0.39943276
v -0.07850279 -0.32291696 0.40320533
v -0.05638007 -0.35031628 0.39637617
v -0.10274772 -0.34966607 0.37957626
v -0.08171189 -0.35056949 0.38891951
v -0.00000000 -0.35213067 0.40297250
v -0.02876171 -0.35131690 0.40121049
v -0.02510678 -0.24014041 0.41558829
v -0.01219988 -0.25423822 0.42041911
v -0.00000000 -0.23738767 0.41740676
v -0.01296633 -0.23830273 0.41675132
v -0.03324095 -0.25500485 0.41761573
v -0.03559559 -0.24199497 0.41471980
v -0.02486387 -0.27048688 0.42025962
v -0.03432982 -0.26935121 0.41834743
v -0.00000000 -0.27125176 0.42287789
v -0.01302518 -0.27108644 0.42202861
v -0.11195650 -0.33099763 0.37999596
v -0.12858119 -0.33779711 0.35803168
v -0.11747885 -0.34519615 0.36908222
v -0.11787643 -0.30984073 0.37870195
v -0.10797728 -0.31880794 0.38675934
v -0.13338582 -0.31355509 0.36208133
v -0.12687623 -0.29915342 0.37244732
v -0.13873006 -0.32810636 0.34702015
v -0.10631307 -0.30431837 0.42826753
v -0.12139637 -0.29524115 0.44103059
v -0.12116586 -0.28464174 0.42004773
v -0.11513650 -0.29695775 0.42394138
v -0.13122508 -0.28153567 0.45571981
v -0.11763486 -0.29817084 0.45996039
v -0.12575395 -0.29181958 0.45743642
v -0.12905851 -0.25811324 0.45247695
v -0.12904513 -0.26984949 0.43557925
v -0.13226529 -0.26958580 0.45313530
v -0.12076945 -0.25571791 0.41651848
v -0.12352626 -0.26976916 0.41691605
v -0.06615767 -0.27782888 0.44307259
v -0.08160304 -0.28807961 0.45698355
v -0.08433948 -0.29873955 0.43687500
v -0.07405731 -0.28932064 0.44045141
v -0.09919344 -0.29371605 0.46983567
v -0.08223753 -0.27591960 0.47314024
v -0.08964937 -0.28579255 0.47193297
v -0.10246075 -0.30242539 0.44943084
v -0.10865135 -0.29832277 0.46496934
v -0.09556930 -0.30432594 0.43269671
v -0.07329826 -0.23987206 0.43907184
v -0.07348104 -0.24611215 0.45890272
v -0.06186413 -0.25501940 0.44425017
v -0.06558605 -0.24593111 0.44252600
v -0.07957618 -0.25564515 0.47621429
v -0.08895900 -0.24250955 0.46929898
v -0.08255186 -0.24766518 0.47346388
v -0.07000534 -0.26555419 0.46077416
v -0.07917570 -0.26546688 0.47533707
v -0.06207368 -0.26602336 0.44438522
v -0.11742356 -0.24717215 0.43936463
v -0.09854731 -0.24001235 0.42738856
v -0.11144716 -0.24586592 0.42082716
v -0.11160840 -0.24346477 0.46209844
v -0.12179161 -0.24926071 0.45653883
v -0.09239279 -0.23877656 0.45049666
v -0.09965446 -0.24116199 0.46593096
v -0.08505837 -0.23795697 0.43374856
v -0.10689691 0.20043556 -0.32825625
v -0.11939395 0.16616343 -0.33195140
v -0.13293062 0.13442458 -0.32283809
v -0.12413805 0.16793126 -0.32523749
v -0.05994495 0.25782743 -0.33421343
v -0.08298319 0.22390048 -0.33476409
v -0.08369801 0.23159814 -0.33218773
v -0.07685604 0.21347570 -0.34320334
v -0.09945713 0.19310696 -0.33939875
v -0.06376991 0.23600519 -0.33790043
v -0.08198781 0.21727971 -0.33871595
v -0.12029795 0.13305607 -0.33816121
v -0.10296193 0.16295549 -0.34748350
v -0.11349440 0.16437406 -0.33939875
v -0.02561199 0.28640200 -0.32734818
v -0.04400026 0.26134563 -0.33401784
v -0.04104140 0.27553192 -0.33151250
v 0.00000000 0.29370558 -0.32425375
v -0.01386951 0.27598712 -0.33119060
v -0.01228132 0.29212868 -0.32498544
v -0.01915408 0.24152522 -0.34432504
v -0.03197757 0.25588789 -0.33733813
v 0.00000000 0.26106681 -0.33716815
v -0.01608474 0.25991775 -0.33721705
v -0.05342244 0.23368845 -0.34196173
v -0.04748638 0.24839571 -0.33750344
v -0.03826765 -0.04093278 -0.31930476
v -0.01849008 -0.03246327 -0.32235553
v -0.00000000 -0.05580775 -0.32010805
v -0.01881868 -0.05198273 -0.31959289
v -0.08033814 0.00130128 -0.32150741
v -0.05618390 -0.00837259 -0.32205400
v -0.05897751 -0.02308394 -0.32050155
v -0.05711992 0.02365148 -0.32929820
v -0.03702854 -0.00458955 -0.32507741
v -0.07223943 0.02249136 -0.32547964
v -0.05484526 0.00644527 -0.32477065
v -0.00000000 -0.01361729 -0.32607280
v -0.02000552 0.01233086 -0.33163649
v -0.01865377 -0.01132499 -0.32568978
v -0.11971469 0.06593095 -0.31977742
v -0.09519385 0.03836806 -0.32371356
v -0.10174186 0.03195976 -0.32064533
v -0.12404200 0.10070543 -0.32763690
v -0.13078385 0.10025547 -0.32076291
v -0.10381354 0.10128869 -0.34317773
v -0.10450798 0.07079146 -0.33136290
v -0.11606378 0.10112571 -0.33513140
v -0.08055352 0.04739406 -0.33238564
v -0.08934668 0.04426005 -0.32791165
v 0.00000000 0.21899224 -0.35495413
v -0.02752644 0.19164298 -0.36307264
v -0.04506358 0.21679308 -0.35099937
v -0.02330461 0.21841596 -0.35377539
v -0.03214451 0.13132025 -0.37123365
v -0.05959162 0.16214870 -0.36396092
v 0.00000000 0.16238038 -0.37208293
v -0.03080971 0.16225988 -0.36972369
v -0.07512546 0.19033036 -0.35252155
v -0.08834838 0.13191457 -0.35641578
v -0.08431852 0.16229655 -0.35610902
v -0.06373091 0.21423010 -0.34738687
v 0.00000000 0.09961517 -0.36742091
v -0.02714959 0.06891187 -0.35441744
v -0.05921500 0.10041206 -0.35944327
v -0.03052099 0.09987769 -0.36510707
v -0.04534281 0.04181175 -0.33957338
v 0.00000000 0.03852523 -0.34341115
v -0.02324093 0.03940303 -0.34223648
v -0.07540487 0.07149114 -0.34424296
v -0.06516636 0.04552669 -0.33628104
v -0.08425449 0.10096679 -0.35170778
v -0.09468975 0.44096860 -0.08043262
v -0.08026946 0.44880596 -0.08047930
v -0.08093596 0.45031824 -0.08940681
v -0.09583124 0.44305192 -0.09248354
v -0.08731865 0.44646185 -0.08533079
v -0.06364127 0.45650827 -0.08083688
v -0.07128479 0.45398778 -0.08518701
v -0.07623610 0.44635533 -0.07100241
v -0.07228017 0.45183170 -0.07906073
v -0.07783454 0.45134099 -0.10051707
v -0.06394396 0.45766664 -0.09319981
v -0.07290476 0.45378754 -0.09151098
v -0.10057592 0.44100003 -0.11042273
v -0.12452107 0.42655820 -0.10853377
v -0.10985920 0.43408064 -0.08842394
v -0.10821361 0.43682931 -0.10080584
v -0.06971080 0.45288413 -0.11615278
v -0.09539525 0.44194303 -0.13354474
v -0.08677032 0.44675930 -0.11468974
v -0.12216299 0.42795698 -0.15716857
v -0.07741951 0.44641645 -0.15690721
v -0.09939542 0.43879388 -0.15659695
v -0.14402831 0.41253199 -0.13599246
v -0.14511683 0.41247727 -0.16033576
v -0.14407895 0.40849805 -0.09318689
v -0.14480948 0.41100282 -0.11390344
v -0.12028515 0.42093631 -0.07293299
v -0.09660077 0.43315802 -0.06529097
v -0.10568731 0.43258815 -0.07586187
v -0.13131938 0.40066244 -0.05350509
v -0.13845589 0.40562831 -0.07296024
v -0.10972998 0.40270386 -0.03076616
v -0.12604849 0.39186870 -0.03510296
v -0.07492348 0.41477597 -0.01790257
v -0.09024660 0.42395273 -0.04320040
v -0.09265066 0.40982465 -0.02445577
v -0.06792958 0.44126256 -0.05461707
v -0.08350010 0.43659588 -0.05888246
v -0.01585871 0.46295499 -0.06210082
v -0.03440503 0.44904985 -0.04717100
v -0.01828536 0.43919437 -0.02666762
v 0.00000000 0.45254418 -0.04492743
v 0.00000000 0.45254418 -0.04492743
v -0.01723729 0.45155113 -0.04541691
v -0.05468471 0.43322263 -0.03213881
v -0.04674060 0.45689711 -0.06625849
v -0.05143358 0.44551711 -0.05047551
v -0.03799709 0.42254115 -0.00924202
v -0.05666105 0.41910445 -0.01283722
v 0.00000000 0.42566643 -0.00639073
v 0.00000000 0.42566643 -0.00639073
v -0.01906543 0.42481831 -0.00709908
v -0.03731226 0.45635867 -0.15545662
v -0.01827308 0.46215403 -0.13406746
v 0.00000000 0.45957010 -0.15411256
v 0.00000000 0.45957010 -0.15411256
v -0.01848141 0.45878019 -0.15455612
v -0.05567893 0.45522299 -0.13512688
v -0.05684185 0.45225430 -0.15638390
v -0.04715098 0.46149218 -0.10583150
v -0.03479195 0.46226928 -0.11797096
v -0.05231139 0.45815036 -0.11735784
v 0.00000000 0.46592951 -0.11727081
v 0.00000000 0.46592951 -0.11727081
v -0.01593689 0.46781725 -0.10740438
v -0.01737124 0.46494867 -0.11765849
v -0.05564843 0.46330483 -0.09088184
v -0.04594313 0.46853789 -0.09969637
v -0.05032399 0.46320064 -0.10038126
v -0.05477249 0.46275242 -0.09602985
v -0.05012253 0.46515823 -0.08095476
v -0.04589400 0.47184478 -0.09153950
v -0.05464548 0.46380485 -0.08556957
v -0.03056063 0.48491868 -0.10165972
v -0.03878787 0.47650156 -0.10060904
v -0.03483334 0.48176372 -0.09432932
v -0.03798813 0.47875427 -0.09702739
v -0.03486698 0.47380645 -0.10697206
v -0.03057617 0.48010474 -0.10825168
v -0.03800780 0.47451661 -0.10389463
v -0.02771854 0.47182150 -0.07615467
v -0.03391287 0.47839919 -0.08663271
v -0.04043864 0.46827187 -0.07789916
v 0.00000000 0.47557602 -0.07539818
v 0.00000000 0.47557602 -0.07539818
v -0.01216857 0.48495943 -0.08621325
v -0.01408710 0.47447004 -0.07547321
v -0.00887477 0.49826035 -0.10251378
v -0.02007339 0.49028562 -0.09421895
v 0.00000000 0.49444179 -0.09545527
v 0.00000000 0.49444179 -0.09545527
v -0.01034905 0.49327178 -0.09500036
v -0.02483035 0.49039622 -0.09964910
v -0.02854832 0.48603049 -0.09369419
v -0.02781586 0.46889413 -0.10492669
v -0.01219354 0.47564005 -0.10850565
v 0.00000000 0.47250255 -0.10531390
v 0.00000000 0.47250255 -0.10531390
v -0.01413082 0.47141112 -0.10537979
v -0.03398697 0.47044367 -0.10594576
v -0.04060937 0.46570249 -0.10330368
v -0.02485625 0.48023280 -0.11287260
v -0.02010278 0.47799755 -0.11232107
v -0.02858429 0.47537811 -0.10992923
v 0.00000000 0.48158909 -0.11414123
v 0.00000000 0.48158909 -0.11414123
v -0.00888670 0.48566377 -0.11789238
v -0.01036535 0.48042489 -0.11370285
v -0.01580068 0.49556524 -0.10754938
v -0.02298754 0.48838798 -0.10946710
v -0.02324419 0.49073383 -0.10506266
v 0.00000000 0.49999500 -0.11022365
v 0.00000000 0.49999500 -0.11022365
v -0.00769952 0.49605420 -0.11488421
v -0.00799167 0.49878424 -0.10943276
v -0.01581191 0.48843455 -0.11581249
v 0.00000000 0.49248013 -0.11877763
v 0.00000000 0.49248013 -0.11877763
v -0.00799802 0.49127518 -0.11799512
v -0.02325775 0.48472659 -0.11239447
v 0.19866919 0.10255767 -0.28195333
v 0.18500096 0.06719701 -0.29154571
v 0.16859747 0.10070194 -0.30293211
v 0.18226685 0.13636063 -0.29868047
v 0.18469245 0.10151921 -0.29438168
v 0.18190246 0.01069283 -0.30910001
v 0.18190246 0.01069283 -0.30910001
v 0.15998708 0.03644656 -0.30687291
v 0.20389933 0.03186254 -0.27526445
v 0.18429255 0.03501518 -0.29387002
v 0.11340243 0.02870467 -0.31772786
v 0.11340243 0.02870467 -0.31772786
v 0.14642306 0.06536166 -0.30901561
v 0.12218220 0.00714379 -0.32949786
v 0.12218220 0.00714379 -0.32949786
v 0.13458727 0.03227176 -0.31398148
v 0.15229525 0.13542811 -0.31180152
v 0.13932496 0.10000226 -0.31457755
v 0.13932496 0.10000226 -0.31457755
v 0.15270272 0.10017398 -0.30914891
v 0.16009128 0.16998489 -0.30873271
v 0.16960100 0.20185355 -0.30374413
v 0.19102218 0.17057631 -0.28879413
v 0.17662342 0.17010015 -0.30074226
v 0.13120412 0.16928871 -0.31935249
v 0.13120412 0.16928871 -0.31935249
v 0.12980127 0.20274707 -0.31890311
v 0.14407022 0.16984403 -0.31439360
v 0.09547034 0.25691471 -0.34428953
v 0.09547034 0.25691471 -0.34428953
v 0.13770324 0.22959689 -0.32170125
v 0.09087643 0.23618215 -0.33002408
v 0.09087643 0.23618215 -0.33002408
v 0.11126380 0.23346317 -0.32730859
v 0.18342523 0.23406157 -0.29460521
v 0.15704400 0.25260544 -0.32825858
v 0.15704400 0.25260544 -0.32825858
v 0.16303902 0.23073721 -0.31086260
v 0.19763306 -0.15735752 -0.21282230
v 0.16504493 -0.17606432 -0.17842094
v 0.13706060 -0.18235097 -0.22016371
v 0.17513733 -0.17491759 -0.25859027
v 0.17513733 -0.17491759 -0.25859027
v 0.17050500 -0.17483493 -0.21457616
v 0.15657250 -0.17636992 -0.12359786
v 0.13041713 -0.19329148 -0.15828736
v 0.18539621 -0.15410651 -0.14464533
v 0.15998999 -0.17708357 -0.14860185
v 0.07166373 -0.20960767 -0.18325525
v 0.10076452 -0.19364831 -0.19727798
v 0.10012887 -0.20958264 -0.14551382
v 0.09990010 -0.20378204 -0.17080478
v 0.10267205 -0.17250770 -0.26635661
v 0.10267205 -0.17250770 -0.26635661
v 0.06954781 -0.17690952 -0.23528776
v 0.10159459 -0.18136780 -0.22777929
v 0.15907610 -0.13614980 -0.03862663
v 0.13531548 -0.17280516 -0.05957704
v 0.15709523 -0.16469235 -0.08167935
v 0.17917417 -0.12908296 -0.06497248
v 0.15852951 -0.15276920 -0.06118885
v 0.08668300 -0.20688171 -0.05974814
v 0.10645568 -0.20228721 -0.08972458
v 0.11586761 -0.17232085 -0.02681454
v 0.11098149 -0.19051255 -0.05879682
v 0.12969242 -0.19299578 -0.10901598
v 0.07681587 -0.22041605 -0.12780933
v 0.10257600 -0.20886433 -0.11855859
v 0.17943495 -0.14666270 -0.09987408
v 0.15602533 -0.17239943 -0.10188628
v 0.15650847 0.41893913 -0.29383277
v 0.15650847 0.41893913 -0.29383277
v 0.12465087 0.42484800 -0.25793425
v 0.15315268 0.41359839 -0.23147269
v 0.17958280 0.39894584 -0.26108165
v 0.15541704 0.41576088 -0.25923931
v 0.06106432 0.42652327 -0.25432874
v 0.09593020 0.43087678 -0.22855348
v 0.08715916 0.42510179 -0.29211441
v 0.08715916 0.42510179 -0.29211441
v 0.09123209 0.42730736 -0.25674561
v 0.10012246 0.43639506 -0.18107181
v 0.12527663 0.42525605 -0.20557344
v 0.07372610 0.43947086 -0.20306169
v 0.09893033 0.43383092 -0.20419329
v 0.17107720 0.39413422 -0.21017783
v 0.14742310 0.41202964 -0.18490026
v 0.15029458 0.41237890 -0.20765269
v 0.21886098 -0.13025723 -0.26150425
v 0.21886098 -0.13025723 -0.26150425
v 0.22172140 -0.09160725 -0.22449975
v 0.20865681 -0.12617638 -0.17960201
v 0.21415065 -0.12845709 -0.21670547
v 0.21863338 -0.00821135 -0.24423401
v 0.22250840 -0.04934351 -0.20138991
v 0.22071728 -0.05105138 -0.27505082
v 0.22071728 -0.05105138 -0.27505082
v 0.22201129 -0.05028185 -0.23448039
v 0.22062939 -0.04498534 -0.15033649
v 0.21514487 -0.08698849 -0.15991490
v 0.22421511 -0.00699710 -0.18810063
v 0.22170918 -0.04745111 -0.17374262
v 0.19944221 -0.11974292 -0.12496928
v 0.20341037 -0.12330757 -0.14931608
v 0.20455128 0.13840438 -0.26937246
v 0.21419139 0.10500189 -0.24220016
v 0.21172563 0.06788912 -0.25743132
v 0.20821034 0.10374980 -0.26410157
v 0.21897798 0.10731573 -0.19174922
v 0.22124292 0.06979782 -0.21017609
v 0.21336947 0.14138588 -0.22250258
v 0.21748839 0.10622197 -0.21762518
v 0.22092044 0.03121991 -0.22529490
v 0.22492119 0.03320195 -0.17626194
v 0.22377271 0.03207210 -0.20028975
v 0.21520249 0.03087356 -0.25134666
v 0.20905613 0.11320131 -0.08956648
v 0.21899719 0.07507860 -0.11167599
v 0.21850706 0.10921802 -0.14027960
v 0.21161037 0.14600249 -0.11685898
v 0.21523276 0.11076465 -0.11479952
v 0.22123942 0.00296608 -0.10046444
v 0.22468602 0.03616191 -0.13028965
v 0.21498479 0.04373500 -0.08276229
v 0.22147576 0.03909568 -0.10704529
v 0.22331169 0.07169604 -0.16065126
v 0.22493923 -0.00365761 -0.14304631
v 0.22553006 0.03438128 -0.15314570
v 0.21546036 0.14377364 -0.16942055
v 0.21953679 0.10819179 -0.16594834
v 0.19703233 -0.10925249 -0.08895237
v 0.20836984 -0.06803552 -0.08159961
v 0.19268115 -0.08793969 -0.05312429
v 0.19579770 -0.10042445 -0.07226818
v 0.21131467 -0.08008132 -0.11661572
v 0.19778149 -0.11537496 -0.10568382
v 0.21943900 -0.03865795 -0.11092671
v 0.22028362 -0.04232691 -0.12997008
v 0.21131467 -0.02500893 -0.06994474
v 0.21686089 -0.03315771 -0.09149043
v 0.18902326 0.37115943 -0.23638443
v 0.19844333 0.34146665 -0.26719949
v 0.19607478 0.37574752 -0.29806345
v 0.19607478 0.37574752 -0.29806345
v 0.19320039 0.37330096 -0.26388154
v 0.18145017 0.36832112 -0.19073811
v 0.19299199 0.34008999 -0.21568796
v 0.18471515 0.36945563 -0.21289564
v 0.20059593 0.27428449 -0.22102230
v 0.19830654 0.30700242 -0.24285793
v 0.19714759 0.30853858 -0.19513586
v 0.19769127 0.30778418 -0.21843604
v 0.19554566 0.30616479 -0.30457886
v 0.19554566 0.30616479 -0.30457886
v 0.19483724 0.27016906 -0.27284583
v 0.19748404 0.30608213 -0.27059312
v 0.17712985 0.36607888 -0.09608981
v 0.19101519 0.34018196 -0.12032438
v 0.18030635 0.36765055 -0.14318892
v 0.16472303 0.39092745 -0.11737315
v 0.17990529 0.36709639 -0.11940106
v 0.20365194 0.27978822 -0.12020615
v 0.19922917 0.31018475 -0.14574258
v 0.19505902 0.31127618 -0.09539578
v 0.19871168 0.31085532 -0.12048038
v 0.19096455 0.33986705 -0.16933498
v 0.20308847 0.27742723 -0.17170121
v 0.19818372 0.30937563 -0.17076578
v 0.16546171 0.39242984 -0.16429344
v 0.18040065 0.36788921 -0.16723536
v 0.21199921 0.17946435 -0.14468317
v 0.20815795 0.21456364 -0.11924668
v 0.20425034 0.18211813 -0.09266225
v 0.20955732 0.18064135 -0.11829734
v 0.21133213 0.17704981 -0.19823902
v 0.20960621 0.21205364 -0.17232405
v 0.21233683 0.17834730 -0.17145265
v 0.20762766 0.24642357 -0.14606041
v 0.20493314 0.24337396 -0.19820118
v 0.20670970 0.24503352 -0.17231357
v 0.20212161 0.24882530 -0.09404403
v 0.20649549 0.24765121 -0.11983891
v 0.19721918 0.20442293 -0.27172995
v 0.20653507 0.17348446 -0.24945193
v 0.20064250 0.17180220 -0.27126136
v 0.20073098 0.23907750 -0.24805490
v 0.19501653 0.23674679 -0.27274164
v 0.20649665 0.20850110 -0.22474772
v 0.20348837 0.24133779 -0.22332799
v 0.20974824 0.17533087 -0.22467496
v 0.15717847 -0.02249253 0.04386975
v 0.14583572 0.00585968 0.06490616
v 0.13381250 -0.01875313 0.08097787
v 0.14733113 -0.04189208 0.05530156
v 0.14616228 -0.01810526 0.06358946
v 0.14416918 0.05550209 0.05400931
v 0.13058885 0.03432423 0.08156637
v 0.15939975 0.02358163 0.03756739
v 0.14513313 0.03038344 0.06131288
v 0.09669915 0.03820682 0.10941623
v 0.11701783 0.00847563 0.09974934
v 0.11249028 0.06340697 0.09109646
v 0.11477443 0.03655017 0.09778301
v 0.12133525 -0.05256157 0.08532672
v 0.10124824 -0.02226551 0.10906406
v 0.11917974 -0.02139760 0.09644535
v 0.13908281 0.16467966 0.01668698
v 0.12368401 0.13946961 0.04105240
v 0.14182274 0.10787221 0.03357304
v 0.15661150 0.13120558 0.00422486
v 0.14048974 0.13560216 0.02383688
v 0.08696125 0.14540642 0.06647899
v 0.10799591 0.11585975 0.06756227
v 0.10407840 0.17096456 0.04615565
v 0.10592946 0.14275555 0.05541740
v 0.12709568 0.08601039 0.06405747
v 0.09168264 0.09235467 0.09203597
v 0.11020671 0.08962696 0.08023919
v 0.15880252 0.07509665 0.02136238
v 0.14305737 0.08125175 0.04419689
v 0.12341159 0.37903579 -0.01912242
v 0.10979866 0.36759583 0.00225679
v 0.12672314 0.34080714 0.00214736
v 0.13729111 0.35832477 -0.01854044
v 0.12417530 0.36195240 -0.00693190
v 0.07716862 0.37716784 0.01730459
v 0.09544531 0.34906069 0.02326584
v 0.09313497 0.39310624 -0.00560758
v 0.09412104 0.37269267 0.01038520
v 0.09845475 0.29404494 0.03866057
v 0.11351768 0.31907745 0.02200036
v 0.07942250 0.32617321 0.04143833
v 0.09694421 0.32268587 0.03277673
v 0.14500507 0.31326230 -0.00715613
v 0.13202779 0.28781883 0.01272697
v 0.12943921 0.31578918 0.00879491
v 0.15390766 0.19229668 -0.00376209
v 0.13602796 0.22669280 0.01342025
v 0.12051857 0.19833885 0.02916482
v 0.13762698 0.19534512 0.01382190
v 0.11735021 0.26069892 0.02836851
v 0.15051578 0.25521556 -0.00355545
v 0.13419319 0.25781870 0.01366240
v 0.08141095 0.26632314 0.05063663
v 0.10113066 0.23233216 0.04105706
v 0.09981395 0.26361406 0.04066123
v 0.08355307 0.20359402 0.05257676
v 0.10251605 0.20113583 0.04212928
v 0.19665339 0.15047416 -0.06693161
v 0.18681187 0.12141936 -0.04042269
v 0.20223221 0.08356384 -0.06125866
v 0.19932114 0.11689763 -0.06463753
v 0.17389804 0.09628091 -0.01106701
v 0.17068952 0.15737550 -0.02172806
v 0.17231357 0.12633343 -0.01733200
v 0.17533349 0.03942981 0.00384359
v 0.19059550 0.05880899 -0.03012044
v 0.17503837 0.06728956 -0.00373939
v 0.20444126 0.01826010 -0.05123049
v 0.20430098 0.05063169 -0.05679097
v 0.17985930 0.33914932 -0.07233570
v 0.17479796 0.31142694 -0.04762248
v 0.19099889 0.28148037 -0.06965707
v 0.18670069 0.31133614 -0.07090421
v 0.15629833 0.38676604 -0.07384136
v 0.16001153 0.36218757 -0.05245348
v 0.16991242 0.36444901 -0.07347394
v 0.15561844 0.33749035 -0.02972572
v 0.13980228 0.37737390 -0.03648434
v 0.14918685 0.35927475 -0.03392829
v 0.16406933 0.28351888 -0.02385295
v 0.16051214 0.31193861 -0.02616748
v 0.13936454 -0.13106104 -0.00362996
v 0.12400707 -0.11617353 0.03585195
v 0.10579791 -0.16001799 0.01564212
v 0.12082591 -0.14649273 0.00518299
v 0.17363493 -0.09480553 -0.02063471
v 0.15441758 -0.09004438 0.01451809
v 0.15748116 -0.11435442 -0.01220454
v 0.13767937 -0.07516714 0.05084619
v 0.16100110 -0.05351999 0.02744181
v 0.15055827 -0.06588112 0.03798242
v 0.11076902 -0.09555265 0.07487167
v 0.12356061 -0.08450835 0.06384733
v 0.16815216 0.22149642 -0.02362313
v 0.18109800 0.25144881 -0.04536895
v 0.16649086 0.25313107 -0.02338139
v 0.18346830 0.18657874 -0.04499157
v 0.16942695 0.18933730 -0.02344856
v 0.19447809 0.21746540 -0.06871312
v 0.19531514 0.18413509 -0.06814491
v 0.19331564 0.25005236 -0.06907194
v 0.18884572 -0.00017492 -0.01706872
v 0.19555555 -0.04340146 -0.03708046
v 0.20156687 -0.01339144 -0.04457316
v 0.17194918 -0.01218708 0.01688780
v 0.17438060 0.01277209 0.01087590
v 0.17764908 -0.05217541 -0.00311131
v 0.16781047 -0.03495348 0.02141012
v 0.18628565 -0.07084711 -0.02901388
v 0.10321398 -0.14032349 0.05610660
v 0.09723002 -0.18210532 0.04295819
v 0.08675227 -0.19955019 0.00630062
v 0.09821435 -0.17100531 0.02915608
v 0.09294055 -0.08426858 0.10293574
v 0.09745820 -0.12465995 0.08765219
v 0.10187225 -0.10994815 0.08180445
v 0.10430017 -0.14611792 0.10598011
v 0.10430017 -0.14611792 0.10598011
v 0.10312667 -0.16498293 0.07548695
v 0.08715217 -0.11336098 0.11197745
v 0.09811656 -0.13665331 0.09542261
v 0.09316931 -0.22462170 0.03480825
v 0.11346297 -0.21133591 0.06573391
v 0.11346297 -0.21133591 0.06573391
v 0.10199973 -0.19596797 0.05428056
v 0.12700779 -0.18836520 0.10103112
v 0.15380172 -0.24346360 0.09654780
v 0.13568569 -0.26622011 0.05961199
v 0.13255808 -0.22694951 0.07992835
v 0.10085591 -0.12450093 0.13578115
v 0.10085591 -0.12450093 0.13578115
v 0.13127514 -0.15981234 0.13756470
v 0.11646193 -0.15324360 0.12018968
v 0.15554918 -0.17840668 0.17985814
v 0.16078689 -0.21353100 0.13759788
v 0.12487731 -0.12908261 0.17424730
v 0.12487731 -0.12908261 0.17424730
v 0.14541312 -0.16760604 0.15761620
v 0.17849312 -0.30747043 0.09325779
v 0.18315048 -0.28090177 0.13691392
v 0.17170994 -0.26153307 0.11527736
v 0.16286905 -0.32424356 0.05744484
v 0.13984943 -0.33627434 0.02950010
v 0.11215034 -0.29026073 0.02991863
v 0.13896173 -0.30340099 0.04281441
v 0.19254960 -0.36994168 0.09374035
v 0.17893609 -0.38046192 0.05808282
v 0.18144551 -0.34719973 0.07414347
v 0.15100300 -0.42654190 0.03572272
v 0.15467195 -0.38375194 0.03021725
v 0.17799775 -0.42928882 0.06410753
v 0.16933265 -0.40699566 0.04522604
v 0.11377148 -0.34775505 0.01168036
v 0.12425505 -0.38136301 0.01221764
v 0.13580968 -0.36262414 0.01963239
v 0.19182489 -0.34984128 0.13785517
v 0.18685785 -0.40831935 0.14216210
v 0.19020026 -0.42259004 0.09988555
v 0.19403919 -0.39014162 0.11706615
v 0.14900291 -0.43870773 0.18692189
v 0.16838791 -0.45110407 0.14573094
v 0.17186128 -0.39246884 0.19112055
v 0.17195093 -0.42499643 0.16706888
v 0.14357136 -0.48336332 0.11897834
v 0.17256620 -0.46132104 0.10905882
v 0.14002231 -0.47615870 0.14507550
v 0.15967217 -0.47006473 0.12957192
v 0.15863080 -0.46543473 0.07634263
v 0.17887556 -0.44756318 0.08631104
v 0.16817486 -0.15905433 -0.45095651
v 0.13601690 -0.13359928 -0.48128611
v 0.16782619 -0.09362760 -0.48195377
v 0.19502992 -0.12587241 -0.45164979
v 0.16794843 -0.12982840 -0.47345341
v 0.07948654 -0.12692612 -0.45609701
v 0.10058407 -0.09623731 -0.48431941
v 0.10911004 -0.15828818 -0.45294670
v 0.10456386 -0.13101389 -0.47537782
v 0.10638757 -0.03159536 -0.46319976
v 0.13239335 -0.05626569 -0.48498708
v 0.07953252 -0.06477700 -0.46250649
v 0.10256029 -0.06068893 -0.47998686
v 0.19037139 -0.05981805 -0.45548930
v 0.16074730 -0.02845611 -0.45863903
v 0.16366303 -0.05760998 -0.47681618
v 0.16777031 0.37739311 -0.45861458
v 0.14473381 0.34975281 -0.48485785
v 0.11577680 0.38528111 -0.48416865
v 0.14325412 0.40715516 -0.45789860
v 0.14367963 0.38149864 -0.47751935
v 0.14021557 0.29196976 -0.46399724
v 0.11549274 0.31697840 -0.48719381
v 0.16507520 0.31941972 -0.46157164
v 0.14228434 0.31800697 -0.48018012
v 0.06744120 0.32485069 -0.46679189
v 0.08653515 0.35250671 -0.48650402
v 0.09195739 0.29508864 -0.46750786
v 0.08908823 0.32094249 -0.48255042
v 0.09065582 0.40867618 -0.45894580
v 0.06579619 0.38122680 -0.46137140
v 0.08837923 0.38366055 -0.47869519
v 0.17690516 0.27877246 -0.35304020
v 0.18791261 0.31209286 -0.39255645
v 0.19936188 0.34423161 -0.34451422
v 0.19281213 0.30838956 -0.34775301
v 0.18611510 0.34715258 -0.43184917
v 0.16463455 0.29160945 -0.43133052
v 0.17947570 0.31660877 -0.43143006
v 0.17125125 0.40422197 -0.42342041
v 0.19286684 0.37963826 -0.38714702
v 0.18373257 0.37804331 -0.42731987
v 0.18251075 0.40621623 -0.33936732
v 0.19647177 0.37836637 -0.34160723
v 0.05641651 0.41180437 -0.34181271
v 0.04509618 0.38493185 -0.39501348
v 0.03810216 0.35239262 -0.36340851
v 0.03694635 0.38526306 -0.31444657
v 0.03694635 0.38526306 -0.31444657
v 0.04116789 0.38555004 -0.35202444
v 0.04892201 0.35337520 -0.43919291
v 0.06566347 0.40685130 -0.42639725
v 0.05233700 0.38257086 -0.43247027
v 0.06930624 0.29801426 -0.44012951
v 0.04846861 0.32017761 -0.40722064
v 0.05491941 0.32365331 -0.44046130
v 0.04072119 0.31738646 -0.33915951
v 0.04072119 0.31738646 -0.33915951
v 0.06210046 0.28687408 -0.37432749
v 0.04503459 0.31724908 -0.37073188
v 0.12124328 0.26030077 -0.37066843
v 0.14690445 0.26938672 -0.40180073
v 0.15172421 0.26331312 -0.36209297
v 0.08926460 0.27375129 -0.40984008
v 0.08943632 0.26802287 -0.37452657
v 0.11661735 0.27383569 -0.44226988
v 0.09106096 0.28106592 -0.44205275
v 0.14241182 0.27735097 -0.43682028
v 0.12188649 0.42974402 -0.33773337
v 0.08704856 0.42654132 -0.38584894
v 0.08603280 0.42623979 -0.33800463
v 0.15301472 0.42496733 -0.38460733
v 0.15584721 0.42320590 -0.33813211
v 0.11841952 0.42669208 -0.42877279
v 0.14759132 0.42063071 -0.42572842
v 0.08940081 0.42182866 -0.42708005
v 0.22552541 -0.09335518 -0.31942700
v 0.21510645 -0.05467313 -0.37652957
v 0.20289638 -0.01823681 -0.33324191
v 0.21912699 -0.05243857 -0.32513679
v 0.20632144 -0.16174036 -0.31216824
v 0.22029759 -0.13135931 -0.36889769
v 0.22175807 -0.13168447 -0.31487674
v 0.21434914 -0.09279724 -0.42109318
v 0.19834496 -0.15708964 -0.41115271
v 0.21193402 -0.12790235 -0.41564359
v 0.18950640 -0.02936884 -0.42135338
v 0.20651993 -0.05798602 -0.42102042
v 0.07394963 -0.15345479 -0.32395455
v 0.10634974 -0.17461897 -0.37037505
v 0.14175114 -0.18109480 -0.31379288
v 0.10427631 -0.17263460 -0.31705611
v 0.14082270 -0.17893930 -0.41811459
v 0.08225965 -0.15313970 -0.41657669
v 0.10883297 -0.17133012 -0.41680836
v 0.17721541 -0.17908307 -0.36655708
v 0.17265061 -0.17414747 -0.41410278
v 0.17770903 -0.17783680 -0.31198547
v 0.14618207 0.00410291 -0.35576383
v 0.10974628 -0.00879636 -0.39921680
v 0.08621733 -0.02335170 -0.36147886
v 0.11419408 -0.00378334 -0.36101668
v 0.17101084 -0.00522869 -0.38884034
v 0.17716535 -0.00005210 -0.34497815
v 0.13566590 -0.00844186 -0.43462694
v 0.16436737 -0.01284601 -0.42802072
v 0.08454205 -0.03464963 -0.43285271
v 0.10796389 -0.01618259 -0.43477712
v 0.05551467 -0.12312735 -0.29922240
v 0.05551467 -0.12312735 -0.29922240
v 0.05809016 -0.09009368 -0.34978162
v 0.06153466 -0.12625030 -0.38262762
v 0.05943620 -0.12455308 -0.33666580
v 0.06594463 -0.05759630 -0.39681798
v 0.06549467 -0.05615882 -0.32617816
v 0.06549467 -0.05615882 -0.32617816
v 0.06726657 -0.05424075 -0.35789373
v 0.06213946 -0.09458427 -0.43164777
v 0.06868048 -0.06242730 -0.43323631
v 0.06668040 -0.12618976 -0.42380866
v 0.17966895 -0.32501426 0.18914026
v 0.16610318 -0.32108277 0.24006969
v 0.15785544 -0.37843564 0.24292546
v 0.16961788 -0.35424834 0.21542020
v 0.17376125 -0.24816404 0.18574197
v 0.18499165 -0.30131417 0.16225319
v 0.13698784 -0.14832244 0.21950885
v 0.13698784 -0.14832244 0.21950885
v 0.15787291 -0.20840389 0.22680602
v 0.15835663 -0.19399582 0.20380329
v 0.16175026 -0.22178514 0.26104672
v 0.16175026 -0.22178514 0.26104672
v 0.16448728 -0.26178453 0.24881861
v 0.14378266 -0.17705039 0.25397424
v 0.14378266 -0.17705039 0.25397424
v 0.15813543 -0.21566206 0.24622362
v 0.15541995 -0.33658635 0.28726496
v 0.16185503 -0.29695892 0.28658624
v 0.16185503 -0.29695892 0.28658624
v 0.16219847 -0.30371823 0.26517146
v 0.14689979 -0.19813162 0.33397011
v 0.19002679 -0.19124774 0.31251517
v 0.15581519 -0.18603506 0.29212722
v 0.11212705 -0.18383764 0.31383479
v 0.11212705 -0.18383764 0.31383479
v 0.15024860 -0.18983092 0.31259783
v 0.25050494 -0.20049028 0.32006381
v 0.22138379 -0.19934413 0.29695048
v 0.22625070 -0.19496676 0.33294504
v 0.22398634 -0.19427465 0.31402805
v 0.20634181 -0.22853689 0.27986185
v 0.18880089 -0.20185122 0.27898929
v 0.23376034 -0.22224791 0.29354288
v 0.21411979 -0.21071074 0.28466648
v 0.13916896 -0.17581751 0.27389186
v 0.13916896 -0.17581751 0.27389186
v 0.16850026 -0.20519770 0.26813900
v 0.16261525 -0.19038507 0.27636636
v 0.18531588 -0.24456202 0.27721505
v 0.17139211 -0.26548551 0.28139626
v 0.17132168 -0.23279027 0.27026656
v 0.22154095 -0.25355018 0.29462907
v 0.20022222 -0.27762107 0.29782246
v 0.20219903 -0.25298555 0.28522413
v 0.20086952 -0.30455412 0.33348115
v 0.18196707 -0.29638613 0.30864947
v 0.21879927 -0.29155298 0.32252492
v 0.19894336 -0.29600952 0.31472598
v 0.16640994 -0.31382868 0.32225948
v 0.16902472 -0.29560845 0.30017413
v 0.24423168 -0.26307155 0.32031353
v 0.25856583 -0.26386553 0.35098307
v 0.22919669 -0.29241390 0.34828854
v 0.24038169 -0.28008974 0.33616811
v 0.26036567 -0.22518342 0.31871276
v 0.24291090 -0.24174584 0.30576518
v 0.26042854 -0.20268362 0.34574303
v 0.27448909 -0.22656940 0.34934446
v 0.26796087 -0.21147329 0.33355158
v 0.25170465 -0.26098240 0.37139198
v 0.26345078 -0.23101196 0.37022138
v 0.26822573 -0.24512607 0.36229729
v 0.02720617 -0.03102956 0.12622952
v 0.05387537 -0.01126154 0.12323463
v 0.02691827 0.01821469 0.12324918
v 0.02729983 -0.00720956 0.12531155
v 0.07738167 0.01189778 0.11853245
v 0.07875717 -0.04508197 0.11635483
v 0.07900223 -0.01758370 0.11790670
v 0.07312771 0.06797935 0.10951169
v 0.05160239 0.04271982 0.11872745
v 0.07537053 0.04044033 0.11592116
v 0.02531494 0.07095095 0.11258866
v 0.02620782 0.04451268 0.11926706
v 0.02199320 0.17762259 0.07196700
v 0.04280318 0.20702898 0.06569665
v 0.02121843 0.23949428 0.06797091
v 0.02152991 0.20793356 0.06874277
v 0.06266334 0.23693306 0.05917309
v 0.06480197 0.17541120 0.06442652
v 0.06356327 0.20557082 0.06037046
v 0.06134373 0.29961095 0.05558213
v 0.04174527 0.27031109 0.06392824
v 0.06196774 0.26858459 0.05839133
v 0.02082633 0.30280900 0.06417505
v 0.02100259 0.27141649 0.06724911
v 0.04095589 0.33134107 0.05329449
v 0.02039261 0.36065432 0.04453567
v 0.02063354 0.33278293 0.05634759
v 0.05987452 0.35641898 0.03718437
v 0.06065569 0.32909825 0.04830126
v 0.05790732 0.40204958 0.00598047
v 0.03983210 0.38385846 0.02696856
v 0.05896819 0.38094506 0.02286594
v 0.01964013 0.40735540 0.01204243
v 0.02007199 0.38573980 0.02951058
v 0.01894377 -0.07078296 -0.31536105
v 0.01894377 -0.07078296 -0.31536105
v 0.03608159 -0.08056516 -0.30728037
v 0.01688239 -0.10910592 -0.29673394
v 0.01816970 -0.08976259 -0.30761916
v 0.04682308 -0.09606554 -0.30036681
v 0.05936285 -0.04142931 -0.31773833
v 0.05936285 -0.04142931 -0.31773833
v 0.05347797 -0.06714875 -0.31138707
v 0.04548461 -0.15022450 -0.26301072
v 0.03055946 -0.12626346 -0.28110463
v 0.04489873 -0.12400213 -0.28359542
v 0.01431202 -0.14962121 -0.26699983
v 0.01546784 -0.12899734 -0.28307212
v 0.01009933 0.40822621 -0.26155257
v 0.01892864 0.38486607 -0.28312392
v 0.00943824 0.35998258 -0.29412731
v 0.00937776 0.38550754 -0.27892002
v 0.02757354 0.35494511 -0.30939048
v 0.03358549 0.40966632 -0.27294537
v 0.02882569 0.38490973 -0.29322273
v 0.03734148 0.29482786 -0.32779290
v 0.03734148 0.29482786 -0.32779290
v 0.02050513 0.33014020 -0.31127182
v 0.03163215 0.32310847 -0.32066628
v 0.01109308 0.31073716 -0.31733960
v 0.01109308 0.31073716 -0.31733960
v 0.01007767 0.33420732 -0.30699398
v 0.04818601 0.09592525 0.10174593
v 0.02348221 0.12273781 0.09089622
v 0.02438609 0.09679840 0.10243746
v 0.06856348 0.12064692 0.08602756
v 0.07081329 0.09444905 0.09874173
v 0.04495892 0.14869818 0.07806273
v 0.06651450 0.14736867 0.07378373
v 0.02266425 0.14945142 0.08004535
v 0.02611661 -0.08915040 0.14121969
v 0.02611661 -0.08915040 0.14121969
v 0.04934845 -0.08777170 0.12963479
v 0.02570390 -0.07027910 0.12846186
v 0.02539579 -0.08295147 0.13277520
v 0.07135289 -0.08519714 0.11816457
v 0.07309336 -0.10421600 0.13198996
v 0.07309336 -0.10421600 0.13198996
v 0.07041513 -0.09748766 0.12304138
v 0.05190613 -0.05785767 0.12349308
v 0.07517028 -0.06767410 0.11618835
v 0.02649078 -0.05251215 0.12677960
v 0.03680507 -0.08018988 0.22600622
v 0.06781607 -0.08738134 0.19431859
v 0.03149716 -0.08246810 0.17447141
v 0.03455958 -0.07854016 0.19821806
v 0.08931583 -0.10355561 0.16464386
v 0.10538288 -0.10779925 0.21049100
v 0.09846698 -0.10328494 0.18640440
v 0.05555221 -0.09326274 0.15236278
v 0.08012568 -0.10505230 0.14618148
v 0.02841665 -0.08749707 0.15529538
v 0.04032542 -0.43778802 0.23118048
v 0.07575180 -0.41841699 0.26751615
v 0.03646752 -0.40519291 0.30953484
v 0.03869421 -0.42118835 0.26880375
v 0.13507391 -0.40279001 0.26589326
v 0.10129946 -0.39889287 0.30498749
v 0.11594619 -0.42825676 0.22730255
v 0.10953497 -0.41277414 0.26522385
v 0.08762484 -0.36788863 0.36998796
v 0.06589398 -0.38683298 0.34535535
v 0.11636414 -0.37984257 0.33590850
v 0.09407506 -0.38396382 0.34095994
v 0.03124663 -0.37120891 0.38065489
v 0.03390012 -0.38885053 0.34845735
v 0.04231602 -0.49760258 0.13535273
v 0.08049356 -0.48632445 0.15556547
v 0.04143432 -0.47344147 0.17744884
v 0.04170523 -0.48806608 0.15622557
v 0.11634551 -0.46741269 0.17248529
v 0.11271381 -0.49065641 0.13450403
v 0.11344783 -0.48196687 0.15279469
v 0.08080731 -0.45351163 0.20052433
v 0.11769714 -0.44798927 0.19685537
v 0.04110660 -0.45594421 0.20158142
v 0.01783540 0.45417522 -0.17705010
v 0.03325114 0.44622144 -0.20044691
v 0.01399757 0.43844637 -0.22135177
v 0.01617404 0.44768716 -0.19947481
v 0.04672896 0.43626409 -0.22480302
v 0.05569523 0.44858185 -0.17921958
v 0.05213420 0.44354205 -0.20172753
v 0.02476981 0.42551741 -0.24441912
v 0.04004963 0.42587889 -0.24934075
v 0.01180592 0.42558261 -0.24220366
v 0.02884117 -0.17222073 -0.24470609
v 0.01387528 -0.19202717 -0.22791084
v 0.01380094 -0.17116189 -0.24888438
v 0.04751328 -0.19472926 -0.21690105
v 0.04636014 -0.17399845 -0.24055166
v 0.05111244 -0.22351746 -0.16586510
v 0.03032773 -0.21172534 -0.19937469
v 0.04893173 -0.21182080 -0.19274169
v 0.01554339 -0.22536271 -0.17413379
v 0.01447583 -0.21062459 -0.20326601
v 0.03491134 -0.23255510 -0.13785167
v 0.01873602 -0.24027604 -0.10337499
v 0.01701860 -0.23464891 -0.13970100
v 0.05884246 -0.22725627 -0.09924926
v 0.05455234 -0.22806190 -0.13406455
v 0.06733351 -0.21999112 -0.03104091
v 0.04155603 -0.23610881 -0.06708811
v 0.06357433 -0.22290219 -0.06333092
v 0.02223501 -0.24772397 -0.03867157
v 0.02052999 -0.24403697 -0.06856266
v 0.04678379 -0.24175457 -0.01395537
v 0.02496766 -0.26079264 -0.00293668
v 0.02368559 -0.25313049 -0.01710912
v 0.07038836 -0.23249457 0.00956036
v 0.06870726 -0.22351397 -0.00711090
v 0.08060765 -0.26492087 0.02337935
v 0.08060765 -0.26492087 0.02337935
v 0.05147666 -0.26111628 0.01006970
v 0.07506958 -0.24595556 0.02007479
v 0.02737091 -0.28503640 0.00699215
v 0.02737091 -0.28503640 0.00699215
v 0.02616742 -0.27124885 0.00478426
v 0.05704494 -0.29688208 0.00957375
v 0.03020776 -0.32352874 0.00024565
v 0.02866415 -0.30269141 0.00462534
v 0.08784487 -0.31800930 0.01041430
v 0.08485929 -0.29041324 0.01842163
v 0.09339749 -0.36737580 0.00261012
v 0.06259931 -0.34454711 -0.00081494
v 0.08958534 -0.34328745 0.00456946
v 0.03468828 -0.37200172 -0.00431159
v 0.03216232 -0.34686095 -0.00358746
v 0.07308288 -0.39596667 0.00223991
v 0.04132785 -0.42416695 0.01063957
v 0.03794633 -0.39826420 0.00063390
v 0.11347635 -0.41526319 0.01535281
v 0.10259929 -0.39140477 0.00626046
v 0.12765450 -0.45999328 0.04828845
v 0.08585934 -0.44552409 0.02644060
v 0.12231550 -0.43884045 0.02972130
v 0.04602747 -0.46896340 0.04339942
v 0.04422443 -0.44822735 0.02509770
v 0.08966858 -0.48255071 0.06643650
v 0.04513727 -0.49539236 0.08834780
v 0.04612858 -0.48489307 0.06493643
v 0.12443608 -0.48770926 0.09269257
v 0.12803228 -0.47658072 0.06997798
v 0.08404203 -0.49784066 0.11298681
v 0.11785314 -0.49248595 0.11433553
v 0.04366323 -0.49983667 0.11227374
v 0.03532655 -0.11001703 0.29071040
v 0.07376045 -0.10413643 0.24966498
v 0.03743508 -0.09189394 0.25730558
v 0.02348861 -0.15247867 0.35500303
v 0.05748012 -0.14697517 0.31919590
v 0.02935667 -0.13092384 0.32481663
v 0.09963467 -0.15511400 0.28951651
v 0.07340013 -0.18459262 0.34177196
v 0.08313745 -0.16708291 0.31578481
v 0.11155136 -0.13842149 0.25717170
v 0.12206636 -0.15765229 0.26865939
v 0.10786727 -0.12065763 0.23593098
v 0.15048027 -0.36977404 0.28741980
v 0.13831444 -0.38413670 0.30387627
v 0.14739690 -0.38699480 0.27349138
v 0.14350384 -0.34227169 0.32833134
v 0.14025224 -0.36613069 0.32236135
v 0.14830148 -0.35551324 0.30708246
v 0.12392616 -0.36001576 0.35302681
v 0.13068140 -0.37406933 0.33083959
v 0.12469919 -0.25384764 0.47047481
v 0.11700968 -0.25699329 0.48599702
v 0.12540702 -0.27327629 0.48328619
v 0.13180776 -0.26763403 0.46817611
v 0.12629472 -0.26264953 0.47929533
v 0.09305173 -0.25012512 0.48387120
v 0.10329315 -0.26220597 0.49199728
v 0.10466166 -0.24571225 0.47878309
v 0.10523328 -0.25302630 0.48778580
v 0.09657691 -0.28102750 0.48364826
v 0.11169048 -0.27848897 0.48928645
v 0.08946834 -0.26724053 0.48594696
v 0.10076626 -0.27235192 0.49047742
v 0.12623476 -0.28756212 0.47179268
v 0.11462483 -0.29197500 0.47688021
v 0.12086317 -0.28333901 0.48273378
v 0.12223808 -0.26683539 0.38036850
v 0.11588624 -0.27443001 0.38705912
v 0.11143552 -0.29225208 0.38785310
v 0.12096795 -0.28699458 0.37920023
v 0.12096795 -0.28699458 0.37920023
v 0.11742879 -0.27917119 0.38342509
v 0.11830136 -0.27008000 0.40108883
v 0.11198793 -0.28632633 0.39621085
v 0.11768550 -0.25731170 0.38828851
v 0.11596598 -0.27151661 0.39204187
v 0.09652277 -0.30579515 0.40513208
v 0.10374194 -0.30014124 0.39579291
v 0.10909666 -0.29778782 0.40939594
v 0.10539917 -0.29855154 0.40062082
v 0.10533398 -0.30937622 0.39068559
v 0.10533398 -0.30937622 0.39068559
v 0.09415015 -0.31014342 0.39856777
v 0.10382111 -0.30345163 0.39308849
v 0.11206302 -0.24320283 0.38971814
v 0.09808512 -0.23318028 0.39176072
v 0.08813825 -0.23605642 0.40351967
v 0.10555518 -0.24369586 0.40507328
v 0.10144091 -0.23901522 0.39624811
v 0.08943225 -0.22202438 0.38657540
v 0.08943225 -0.22202438 0.38657540
v 0.07999995 -0.22728887 0.39625975
v 0.10837194 -0.22980295 0.38328248
v 0.09446972 -0.22754557 0.38901904
v 0.05605730 -0.23627063 0.40987326
v 0.07118467 -0.23367215 0.40565072
v 0.05999734 -0.22588776 0.40270997
v 0.05999734 -0.22588776 0.40270997
v 0.06680904 -0.23029948 0.40361746
v 0.07877347 -0.23746044 0.41919205
v 0.06306732 -0.23931209 0.41590146
v 0.07466095 -0.23604594 0.41033428
v 0.08343141 -0.30693839 0.40525373
v 0.06936212 -0.30350344 0.40826725
v 0.08059136 -0.31475770 0.40353655
v 0.08059136 -0.31475770 0.40353655
v 0.08198490 -0.30970103 0.40372573
v 0.08947591 -0.30505938 0.41825720
v 0.07433148 -0.29992412 0.41374013
v 0.08567947 -0.30566011 0.40960375
v 0.05597254 -0.27875499 0.41982887
v 0.06112603 -0.29116647 0.41296943
v 0.06788068 -0.28994057 0.42598862
v 0.06394221 -0.29036318 0.41724727
v 0.05440013 -0.29622839 0.41277559
v 0.05440013 -0.29622839 0.41277559
v 0.05006210 -0.28019219 0.41446892
v 0.05831741 -0.29292906 0.41189837
v 0.04892760 -0.26712993 0.41690208
v 0.04545708 -0.25552524 0.41570180
v 0.04133932 -0.26818818 0.41672571
v 0.04133932 -0.26818818 0.41672571
v 0.04580878 -0.26750771 0.41582928
v 0.05587074 -0.26656762 0.42993524
v 0.05169495 -0.25569696 0.42112461
v 0.05188512 -0.26687672 0.42118923
v 0.05235842 -0.24573844 0.41511912
v 0.05939079 -0.24624719 0.42810978
v 0.05541740 -0.24618549 0.41943013
v 0.04375479 -0.24365104 0.41413188
v 0.04375479 -0.24365104 0.41413188
v 0.04890664 -0.24489615 0.41380882
v 0.13498950 -0.26748268 0.37591371
v 0.13498950 -0.26748268 0.37591371
v 0.13159762 -0.25082772 0.37927299
v 0.12112045 -0.25136965 0.38184644
v 0.12629879 -0.25786993 0.37924854
v 0.15431571 -0.23879635 0.37977243
v 0.15431571 -0.23879635 0.37977243
v 0.13006612 -0.23734111 0.37953901
v 0.15375748 -0.25261184 0.37975147
v 0.15375748 -0.25261184 0.37975147
v 0.14011894 -0.24426050 0.37964961
v 0.11751960 -0.23911708 0.38252109
v 0.12559271 -0.22731332 0.37792194
v 0.12559271 -0.22731332 0.37792194
v 0.11986080 -0.23279493 0.38043602
v 0.11749865 -0.24690089 0.38512714
v 0.13671833 -0.28891317 0.36926383
v 0.13671833 -0.28891317 0.36926383
v 0.16174036 -0.29661839 0.36035716
v 0.16240221 -0.27316861 0.37418604
v 0.14914727 -0.28128653 0.37042046
v 0.18509876 -0.30479919 0.34903479
v 0.15031845 -0.31836554 0.34059729
v 0.15031845 -0.31836554 0.34059729
v 0.16573820 -0.31081574 0.34331219
v 0.21849600 -0.28592934 0.36655650
v 0.20851012 -0.29965810 0.35163560
v 0.23440181 -0.24811689 0.37848658
v 0.20022106 -0.26762879 0.37730725
v 0.22745913 -0.26797746 0.37561218
v 0.18112944 -0.24810059 0.38142151
v 0.17472287 -0.26145390 0.37882885
v 0.16145979 -0.22537144 0.37534791
v 0.14473905 -0.21578663 0.36633821
v 0.10683172 -0.22060348 0.37619952
v 0.10683172 -0.22060348 0.37619952
v 0.13578581 -0.22205116 0.37402830
v 0.20525736 -0.23203005 0.37741144
v 0.17664088 -0.23506336 0.37903666
v 0.23807950 -0.21209264 0.36540336
v 0.23832747 -0.22866320 0.37486652
v 0.19200185 -0.20333441 0.35187833
v 0.23250126 -0.20088320 0.35075023
v 0.10406675 -0.20750339 0.35490698
v 0.10406675 -0.20750339 0.35490698
v 0.14675369 -0.20729849 0.35243424
v 0.06213364 -0.21480230 0.39213035
v 0.03508073 -0.21412009 0.40106147
v 0.04103820 -0.23042463 0.40940176
v 0.04921347 -0.22039742 0.40140491
v 0.07471334 -0.20932535 0.37559763
v 0.08181027 -0.21652939 0.38298095
v 0.04491974 -0.18547217 0.37004093
v 0.07125102 -0.19867646 0.36178504
v 0.02093443 -0.19090780 0.39193419
v 0.02168557 -0.17254612 0.37664890
v 0.01506142 -0.22282418 0.41097517
v 0.01822191 -0.20734622 0.40304002
v 0.02549685 -0.33031542 0.41309517
v 0.03769452 -0.30680393 0.41653536
v 0.01570539 -0.28930318 0.42163162
v 0.01570539 -0.28930318 0.42163162
v 0.02050367 -0.30934536 0.41927762
v 0.05638007 -0.35031628 0.39637617
v 0.02876171 -0.35131690 0.40121049
v 0.10274772 -0.34966607 0.37957626
v 0.07808717 -0.33468580 0.39943276
v 0.08171189 -0.35056949 0.38891951
v 0.06137982 -0.31559942 0.40973414
v 0.09543367 -0.32388906 0.39534993
v 0.07850279 -0.32291696 0.40320533
v 0.03921758 -0.28493163 0.41717101
v 0.03921758 -0.28493163 0.41717101
v 0.04825964 -0.30164247 0.41434493
v 0.01219988 -0.25423822 0.42041911
v 0.02510678 -0.24014041 0.41558829
v 0.01296633 -0.23830273 0.41675132
v 0.02486387 -0.27048688 0.42025962
v 0.01302518 -0.27108644 0.42202861
v 0.03324095 -0.25500485 0.41761573
v 0.03432982 -0.26935121 0.41834743
v 0.03559559 -0.24199497 0.41471980
v 0.12858119 -0.33779711 0.35803168
v 0.11195650 -0.33099763 0.37999596
v 0.11747885 -0.34519615 0.36908222
v 0.13338582 -0.31355509 0.36208133
v 0.13873006 -0.32810636 0.34702015
v 0.11787643 -0.30984073 0.37870195
v 0.12687623 -0.29915342 0.37244732
v 0.10797728 -0.31880794 0.38675934
v 0.12116586 -0.28464174 0.42004773
v 0.12139637 -0.29524115 0.44103059
v 0.10631307 -0.30431837 0.42826753
v 0.11513650 -0.29695775 0.42394138
v 0.12076945 -0.25571791 0.41651848
v 0.12904513 -0.26984949 0.43557925
v 0.12352626 -0.26976916 0.41691605
v 0.13122508 -0.28153567 0.45571981
v 0.12905851 -0.25811324 0.45247695
v 0.13226529 -0.26958580 0.45313530
v 0.11763486 -0.29817084 0.45996039
v 0.12575395 -0.29181958 0.45743642
v 0.08433948 -0.29873955 0.43687500
v 0.08160304 -0.28807961 0.45698355
v 0.06615767 -0.27782888 0.44307259
v 0.07405731 -0.28932064 0.44045141
v 0.10246075 -0.30242539 0.44943084
v 0.09556930 -0.30432594 0.43269671
v 0.09919344 -0.29371605 0.46983567
v 0.10865135 -0.29832277 0.46496934
v 0.08223753 -0.27591960 0.47314024
v 0.08964937 -0.28579255 0.47193297
v 0.06186413 -0.25501940 0.44425017
v 0.07348104 -0.24611215 0.45890272
v 0.07329826 -0.23987206 0.43907184
v 0.06558605 -0.24593111 0.44252600
v 0.07000534 -0.26555419 0.46077416
v 0.06207368 -0.26602336 0.44438522
v 0.07957618 -0.25564515 0.47621429
v 0.07917570 -0.26546688 0.47533707
v 0.08895900 -0.24250955 0.46929898
v 0.08255186 -0.24766518 0.47346388
v 0.09854731 -0.24001235 0.42738856
v 0.11742356 -0.24717215 0.43936463
v 0.11144716 -0.24586592 0.42082716
v 0.09239279 -0.23877656 0.45049666
v 0.08505837 -0.23795697 0.43374856
v 0.11160840 -0.24346477 0.46209844
v 0.09965446 -0.24116199 0.46593096
v 0.12179161 -0.24926071 0.45653883
v 0.13293062 0.13442458 -0.32283809
v 0.11939395 0.16616343 -0.33195140
v 0.10689691 0.20043556 -0.32825625
v 0.12413805 0.16793126 -0.32523749
v 0.10296193 0.16295549 -0.34748350
v 0.09945713 0.19310696 -0.33939875
v 0.12029795 0.13305607 -0.33816121
v 0.11349440 0.16437406 -0.33939875
v 0.06376991 0.23600519 -0.33790043
v 0.08298319 0.22390048 -0.33476409
v 0.07685604 0.21347570 -0.34320334
v 0.08198781 0.21727971 -0.33871595
v 0.05994495 0.25782743 -0.33421343
v 0.08369801 0.23159814 -0.33218773
v 0.04400026 0.26134563 -0.33401784
v 0.02561199 0.28640200 -0.32734818
v 0.04104140 0.27553192 -0.33151250
v 0.05342244 0.23368845 -0.34196173
v 0.03197757 0.25588789 -0.33733813
v 0.04748638 0.24839571 -0.33750344
v 0.01386951 0.27598712 -0.33119060
v 0.01915408 0.24152522 -0.34432504
v 0.01608474 0.25991775 -0.33721705
v 0.01228132 0.29212868 -0.32498544
v 0.01849008 -0.03246327 -0.32235553
v 0.03826765 -0.04093278 -0.31930476
v 0.01881868 -0.05198273 -0.31959289
v 0.02000552 0.01233086 -0.33163649
v 0.03702854 -0.00458955 -0.32507741
v 0.01865377 -0.01132499 -0.32568978
v 0.07223943 0.02249136 -0.32547964
v 0.05618390 -0.00837259 -0.32205400
v 0.05711992 0.02365148 -0.32929820
v 0.05484526 0.00644527 -0.32477065
v 0.08033814 0.00130128 -0.32150741
v 0.05897751 -0.02308394 -0.32050155
v 0.09519385 0.03836806 -0.32371356
v 0.11971469 0.06593095 -0.31977742
v 0.10174186 0.03195976 -0.32064533
v 0.08055352 0.04739406 -0.33238564
v 0.10450798 0.07079146 -0.33136290
v 0.08934668 0.04426005 -0.32791165
v 0.12404200 0.10070543 -0.32763690
v 0.10381354 0.10128869 -0.34317773
v 0.11606378 0.10112571 -0.33513140
v 0.13078385 0.10025547 -0.32076291
v 0.04506358 0.21679308 -0.35099937
v 0.02752644 0.19164298 -0.36307264
v 0.02330461 0.21841596 -0.35377539
v 0.07512546 0.19033036 -0.35252155
v 0.06373091 0.21423010 -0.34738687
v 0.08834838 0.13191457 -0.35641578
v 0.05959162 0.16214870 -0.36396092
v 0.08431852 0.16229655 -0.35610902
v 0.03214451 0.13132025 -0.37123365
v 0.03080971 0.16225988 -0.36972369
v 0.05921500 0.10041206 -0.35944327
v 0.02714959 0.06891187 -0.35441744
v 0.03052099 0.09987769 -0.36510707
v 0.07540487 0.07149114 -0.34424296
v 0.08425449 0.10096679 -0.35170778
v 0.04534281 0.04181175 -0.33957338
v 0.06516636 0.04552669 -0.33628104
v 0.02324093 0.03940303 -0.34223648
v 0.09583124 0.44305192 -0.09248354
v 0.08093596 0.45031824 -0.08940681
v 0.08026946 0.44880596 -0.08047930
v 0.09468975 0.44096860 -0.08043262
v 0.08731865 0.44646185 -0.08533079
v 0.06394396 0.45766664 -0.09319981
v 0.07128479 0.45398778 -0.08518701
v 0.07783454 0.45134099 -0.10051707
v 0.07290476 0.45378754 -0.09151098
v 0.07623610 0.44635533 -0.07100241
v 0.06364127 0.45650827 -0.08083688
v 0.07228017 0.45183170 -0.07906073
v 0.10985920 0.43408064 -0.08842394
v 0.12452107 0.42655820 -0.10853377
v 0.10057592 0.44100003 -0.11042273
v 0.10821361 0.43682931 -0.10080584
v 0.14402831 0.41253199 -0.13599246
v 0.14407895 0.40849805 -0.09318689
v 0.14480948 0.41100282 -0.11390344
v 0.12216299 0.42795698 -0.15716857
v 0.14511683 0.41247727 -0.16033576
v 0.07741951 0.44641645 -0.15690721
v 0.09539525 0.44194303 -0.13354474
v 0.09939542 0.43879388 -0.15659695
v 0.06971080 0.45288413 -0.11615278
v 0.08677032 0.44675930 -0.11468974
v 0.09660077 0.43315802 -0.06529097
v 0.12028515 0.42093631 -0.07293299
v 0.10568731 0.43258815 -0.07586187
v 0.06792958 0.44126256 -0.05461707
v 0.09024660 0.42395273 -0.04320040
v 0.08350010 0.43659588 -0.05888246
v 0.10972998 0.40270386 -0.03076616
v 0.07492348 0.41477597 -0.01790257
v 0.09265066 0.40982465 -0.02445577
v 0.13131938 0.40066244 -0.05350509
v 0.12604849 0.39186870 -0.03510296
v 0.13845589 0.40562831 -0.07296024
v 0.01828536 0.43919437 -0.02666762
v 0.03440503 0.44904985 -0.04717100
v 0.01585871 0.46295499 -0.06210082
v 0.01723729 0.45155113 -0.04541691
v 0.03799709 0.42254115 -0.00924202
v 0.01906543 0.42481831 -0.00709908
v 0.05468471 0.43322263 -0.03213881
v 0.05666105 0.41910445 -0.01283722
v 0.04674060 0.45689711 -0.06625849
v 0.05143358 0.44551711 -0.05047551
v 0.01827308 0.46215403 -0.13406746
v 0.03731226 0.45635867 -0.15545662
v 0.01848141 0.45878019 -0.15455612
v 0.01593689 0.46781725 -0.10740438
v 0.03479195 0.46226928 -0.11797096
v 0.01737124 0.46494867 -0.11765849
v 0.05567893 0.45522299 -0.13512688
v 0.04715098 0.46149218 -0.10583150
v 0.05231139 0.45815036 -0.11735784
v 0.05684185 0.45225430 -0.15638390
v 0.05032399 0.46320064 -0.10038126
v 0.04594313 0.46853789 -0.09969637
v 0.05564843 0.46330483 -0.09088184
v 0.05477249 0.46275242 -0.09602985
v 0.03057617 0.48010474 -0.10825168
v 0.03878787 0.47650156 -0.10060904
v 0.03486698 0.47380645 -0.10697206
v 0.03800780 0.47451661 -0.10389463
v 0.03483334 0.48176372 -0.09432932
v 0.04589400 0.47184478 -0.09153950
v 0.03056063 0.48491868 -0.10165972
v 0.03798813 0.47875427 -0.09702739
v 0.05012253 0.46515823 -0.08095476
v 0.05464548 0.46380485 -0.08556957
v 0.03391287 0.47839919 -0.08663271
v 0.02771854 0.47182150 -0.07615467
v 0.04043864 0.46827187 -0.07789916
v 0.02483035 0.49039622 -0.09964910
v 0.02007339 0.49028562 -0.09421895
v 0.02854832 0.48603049 -0.09369419
v 0.01216857 0.48495943 -0.08621325
v 0.00887477 0.49826035 -0.10251378
v 0.01034905 0.49327178 -0.09500036
v 0.01408710 0.47447004 -0.07547321
v 0.01219354 0.47564005 -0.10850565
v 0.02781586 0.46889413 -0.10492669
v 0.01413082 0.47141112 -0.10537979
v 0.00888670 0.48566377 -0.11789238
v 0.02010278 0.47799755 -0.11232107
v 0.01036535 0.48042489 -0.11370285
v 0.03398697 0.47044367 -0.10594576
v 0.02485625 0.48023280 -0.11287260
v 0.02858429 0.47537811 -0.10992923
v 0.04060937 0.46570249 -0.10330368
v 0.02298754 0.48838798 -0.10946710
v 0.01580068 0.49556524 -0.10754938
v 0.02324419 0.49073383 -0.10506266
v 0.01581191 0.48843455 -0.11581249
v 0.02325775 0.48472659 -0.11239447
v 0.00769952 0.49605420 -0.11488421
v 0.00799802 0.49127518 -0.11799512
v 0.00799167 0.49878424 -0.10943276
f 890 886 887
f 268 887 886
f 273 889 888
f 890 888 889
f 269 893 891
f 895 891 893
f 887 268 895
f 894 895 268
f 898 901 272
f 897 272 901
f 899 901 269
f 893 269 901
f 902 273 905
f 888 905 273
f 272 903 898
f 905 898 903
f 907 909 275
f 906 275 909
f 908 268 909
f 886 909 268
f 277 912 910
f 914 910 912
f 275 913 907
f 914 907 913
f 915 279 920
f 917 920 279
f 919 920 277
f 912 277 920
f 923 894 908
f 268 908 894
f 279 922 917
f 923 917 922
f 929 925 926
f 282 926 925
f 928 929 285
f 927 285 929
f 931 934 283
f 930 283 934
f 932 934 282
f 926 282 934
f 284 936 935
f 938 935 936
f 283 937 931
f 938 931 937
f 285 927 939
f 941 939 927
f 940 941 284
f 936 284 941
f 943 946 287
f 942 287 946
f 945 946 289
f 944 289 946
f 284 947 940
f 949 940 947
f 287 948 943
f 949 943 948
f 951 952 288
f 950 288 952
f 935 952 284
f 947 284 952
f 289 944 953
f 955 953 944
f 288 954 951
f 955 951 954
f 957 961 291
f 956 291 961
f 295 960 958
f 961 958 960
f 292 963 962
f 965 962 963
f 291 964 957
f 965 957 964
f 293 967 966
f 969 966 967
f 968 969 292
f 963 292 969
f 958 973 295
f 970 295 973
f 972 973 293
f 967 293 973
f 285 974 928
f 978 928 974
f 299 976 975
f 978 975 976
f 980 981 297
f 979 297 981
f 939 981 285
f 974 285 981
f 298 983 982
f 985 982 983
f 297 984 980
f 985 980 984
f 975 989 299
f 987 299 989
f 988 989 298
f 983 298 989
f 990 993 273
f 889 273 993
f 992 993 303
f 991 303 993
f 298 994 988
f 995 988 994
f 995 990 902
f 273 902 990
f 997 998 302
f 996 302 998
f 982 998 298
f 994 298 998
f 303 991 999
f 1001 999 991
f 302 1000 997
f 1001 997 1000
f 305 1003 1002
f 1006 1002 1003
f 1004 307 1006
f 1005 1006 307
f 1007 1009 302
f 1000 302 1009
f 1008 1009 305
f 1003 305 1009
f 1012 1010 1011
f 306 1011 1010
f 302 996 1007
f 1012 1007 996
f 1015 1013 1004
f 307 1004 1013
f 1011 306 1015
f 1014 1015 306
f 309 1017 1016
f 1019 1016 1017
f 287 942 1018
f 1019 1018 942
f 306 1020 1014
f 1022 1014 1020
f 1017 309 1022
f 1021 1022 309
f 984 297 1024
f 1023 1024 297
f 1010 1024 306
f 1020 306 1024
f 948 287 1025
f 1018 1025 287
f 297 979 1023
f 1025 1023 979
f 312 1028 1026
f 1030 1026 1028
f 291 956 1029
f 1030 1029 956
f 1032 1035 313
f 1031 313 1035
f 1033 1035 312
f 1028 312 1035
f 314 1037 1036
f 1039 1036 1037
f 313 1038 1032
f 1039 1032 1038
f 1029 1041 291
f 964 291 1041
f 1040 1041 314
f 1037 314 1041
f 1043 1046 316
f 1042 316 1046
f 1044 318 1046
f 1045 1046 318
f 314 1047 1040
f 1049 1040 1047
f 316 1048 1043
f 1049 1043 1048
f 1051 1052 317
f 1050 317 1052
f 1036 1052 314
f 1047 314 1052
f 1055 1053 1044
f 318 1044 1053
f 317 1054 1051
f 1055 1051 1054
f 1059 1056 1057
f 320 1057 1056
f 1059 1058 1002
f 305 1002 1058
f 1060 1062 317
f 1054 317 1062
f 1061 1062 320
f 1057 320 1062
f 321 1064 1063
f 1065 1063 1064
f 317 1050 1060
f 1065 1060 1050
f 1067 1008 1058
f 305 1058 1008
f 1066 1067 321
f 1064 321 1067
f 303 1068 992
f 1070 992 1068
f 275 906 1069
f 1070 1069 906
f 321 1071 1066
f 1072 1066 1071
f 999 1072 303
f 1068 303 1072
f 1073 1074 313
f 1038 313 1074
f 1063 1074 321
f 1071 321 1074
f 1075 913 1069
f 275 1069 913
f 313 1031 1073
f 1075 1073 1031
f 1077 1080 324
f 1076 324 1080
f 1079 1080 327
f 1078 327 1080
f 325 1082 1081
f 1084 1081 1082
f 1084 1077 1083
f 324 1083 1077
f 1085 326 1088
f 1086 1088 326
f 1087 1088 325
f 1082 325 1088
f 327 1078 1089
f 1091 1089 1078
f 326 1090 1086
f 1091 1086 1090
f 1093 1096 329
f 1092 329 1096
f 1096 1094 1095
f 331 1095 1094
f 326 1097 1090
f 1099 1090 1097
f 329 1098 1093
f 1099 1093 1098
f 1101 1102 330
f 1100 330 1102
f 1085 1102 326
f 1097 326 1102
f 1105 1103 1094
f 331 1094 1103
f 330 1104 1101
f 1105 1101 1104
f 333 1107 1106
f 1110 1106 1107
f 336 1109 1108
f 1110 1108 1109
f 1112 1114 334
f 1111 334 1114
f 1113 1114 333
f 1107 333 1114
f 1118 1115 1116
f 335 1116 1115
f 334 1117 1112
f 1118 1112 1117
f 1119 336 1121
f 1108 1121 336
f 1120 1121 335
f 1116 335 1121
f 1122 1125 331
f 1095 331 1125
f 1124 1125 339
f 1123 339 1125
f 338 1127 1126
f 1128 1126 1127
f 331 1103 1122
f 1128 1122 1103
f 1129 1131 334
f 1117 334 1131
f 1130 1131 338
f 1127 338 1131
f 339 1123 1132
f 1133 1132 1123
f 334 1111 1129
f 1133 1129 1111
f 307 1134 1005
f 1137 1005 1134
f 342 1136 1135
f 1137 1135 1136
f 1139 1140 341
f 1138 341 1140
f 1013 1140 307
f 1134 307 1140
f 1143 1098 1141
f 329 1141 1098
f 341 1142 1139
f 1143 1139 1142
f 1135 1145 342
f 1144 342 1145
f 1141 329 1145
f 1092 1145 329
f 1147 1149 344
f 1146 344 1149
f 1053 1149 318
f 1148 318 1149
f 1152 1113 1150
f 333 1150 1113
f 344 1151 1147
f 1152 1147 1151
f 345 1154 1153
f 1155 1153 1154
f 333 1106 1150
f 1155 1150 1106
f 318 1148 1045
f 1157 1045 1148
f 1157 1154 1156
f 345 1156 1154
f 1158 347 1161
f 1159 1161 347
f 953 1161 289
f 1160 289 1161
f 1083 324 1164
f 1162 1164 324
f 347 1163 1159
f 1164 1159 1163
f 1166 1167 348
f 1165 348 1167
f 324 1076 1162
f 1167 1162 1076
f 289 1160 945
f 1169 945 1160
f 1169 1166 1168
f 348 1168 1166
f 1170 1172 344
f 1151 344 1172
f 1132 1172 339
f 1171 339 1172
f 320 1173 1061
f 1174 1061 1173
f 344 1146 1170
f 1174 1170 1146
f 1175 1176 342
f 1136 342 1176
f 1056 1176 320
f 1173 320 1176
f 339 1171 1124
f 1177 1124 1171
f 342 1144 1175
f 1177 1175 1144
f 309 1178 1021
f 1180 1021 1178
f 341 1138 1179
f 1180 1179 1138
f 1181 1182 348
f 1168 348 1182
f 1016 1182 309
f 1178 309 1182
f 327 1183 1079
f 1184 1079 1183
f 348 1165 1181
f 1184 1181 1165
f 1179 1185 341
f 1142 341 1185
f 1089 1185 327
f 1183 327 1185
f 1186 352 1189
f 1187 1189 352
f 1189 1188 1158
f 347 1158 1188
f 1190 353 1194
f 1192 1194 353
f 1193 1194 352
f 1187 352 1194
f 1199 1195 1196
f 355 1196 1195
f 353 1198 1192
f 1199 1192 1198
f 1188 1201 347
f 1163 347 1201
f 1196 355 1201
f 1200 1201 355
f 357 1203 1202
f 1205 1202 1203
f 1205 1204 1191
f 354 1191 1204
f 1207 1209 358
f 1206 358 1209
f 1208 1209 357
f 1203 357 1209
f 1214 1211 1212
f 359 1212 1211
f 358 1213 1207
f 1214 1207 1213
f 1204 1217 354
f 1197 354 1217
f 1212 359 1217
f 1215 1217 359
f 1219 1221 362
f 1218 362 1221
f 1202 1221 357
f 1220 357 1221
f 363 1223 1222
f 1225 1222 1223
f 362 1224 1219
f 1225 1219 1224
f 1227 1229 364
f 1226 364 1229
f 1228 1229 363
f 1223 363 1229
f 357 1220 1208
f 1231 1208 1220
f 364 1230 1227
f 1231 1227 1230
f 1232 1235 364
f 1230 364 1235
f 1234 1235 368
f 1233 368 1235
f 366 1237 1236
f 1238 1236 1237
f 364 1226 1232
f 1238 1232 1226
f 367 1240 1239
f 1242 1239 1240
f 1241 1242 366
f 1237 366 1242
f 368 1233 1243
f 1245 1243 1233
f 1244 1245 367
f 1240 367 1245
f 1247 1250 370
f 1246 370 1250
f 1248 373 1250
f 1249 1250 373
f 1252 1254 371
f 1251 371 1254
f 370 1253 1247
f 1254 1247 1253
f 372 1256 1255
f 1258 1255 1256
f 371 1257 1252
f 1258 1252 1257
f 373 1248 1259
f 1261 1259 1248
f 1261 1256 1260
f 372 1260 1256
f 1263 1266 375
f 1262 375 1266
f 1266 1264 1265
f 378 1265 1264
f 1268 1270 376
f 1267 376 1270
f 375 1269 1263
f 1270 1263 1269
f 377 1272 1271
f 1274 1271 1272
f 376 1273 1268
f 1274 1268 1273
f 378 1264 1275
f 1277 1275 1264
f 1272 377 1277
f 1276 1277 377
f 311 1278 1034
f 1281 1034 1278
f 381 1280 1279
f 1281 1279 1280
f 1283 1284 380
f 1282 380 1284
f 1027 1284 311
f 1278 311 1284
f 378 1285 1265
f 1287 1265 1285
f 380 1286 1283
f 1287 1283 1286
f 1279 1289 381
f 1288 381 1289
f 378 1275 1285
f 1289 1285 1275
f 1292 1295 383
f 1291 383 1295
f 1294 1295 386
f 1293 386 1295
f 1300 1296 1297
f 385 1297 1296
f 383 1299 1292
f 1300 1292 1299
f 1301 1303 376
f 1273 376 1303
f 385 1302 1297
f 1303 1297 1302
f 386 1293 1304
f 1305 1304 1293
f 376 1267 1301
f 1305 1301 1267
f 1306 1308 381
f 1280 381 1308
f 911 1308 276
f 1307 276 1308
f 377 1309 1276
f 1310 1276 1309
f 381 1288 1306
f 1310 1306 1288
f 385 1311 1302
f 1312 1302 1311
f 1309 377 1312
f 1271 1312 377
f 276 1307 918
f 1313 918 1307
f 385 1296 1311
f 1313 1311 1296
f 1316 1294 1314
f 386 1314 1294
f 1316 1315 971
f 294 971 1315
f 1317 1318 375
f 1269 375 1318
f 1314 386 1318
f 1304 1318 386
f 380 1319 1286
f 1320 1286 1319
f 375 1262 1317
f 1320 1317 1262
f 1315 1321 294
f 959 294 1321
f 1319 380 1321
f 1282 1321 380
f 390 1323 1322
f 1325 1322 1323
f 300 986 1324
f 1325 1324 986
f 1326 1328 370
f 1253 370 1328
f 1323 390 1328
f 1327 1328 390
f 391 1330 1329
f 1331 1329 1330
f 370 1246 1326
f 1331 1326 1246
f 1324 1333 300
f 977 300 1333
f 1330 391 1333
f 1332 1333 391
f 281 1334 933
f 1337 933 1334
f 1337 1335 1336
f 393 1336 1335
f 1338 1339 391
f 1332 391 1339
f 924 1339 281
f 1334 281 1339
f 373 1340 1249
f 1341 1249 1340
f 391 1329 1338
f 1341 1338 1329
f 1335 1343 393
f 1342 393 1343
f 1340 373 1343
f 1259 1343 373
f 395 1345 1344
f 1347 1344 1345
f 271 896 1346
f 1347 1346 896
f 1348 1350 371
f 1257 371 1350
f 1349 1350 395
f 1345 395 1350
f 390 1351 1327
f 1352 1327 1351
f 371 1251 1348
f 1352 1348 1251
f 1346 1353 271
f 904 271 1353
f 1322 1353 390
f 1351 390 1353
f 1354 1358 393
f 1336 393 1358
f 1356 1358 397
f 1355 397 1358
f 372 1359 1260
f 1360 1260 1359
f 393 1342 1354
f 1360 1354 1342
f 395 1361 1349
f 1362 1349 1361
f 372 1255 1359
f 1362 1359 1255
f 397 1355 1364
f 1365 1364 1355
f 1344 1365 395
f 1361 395 1365
f 1367 1369 400
f 1366 400 1369
f 1243 1369 368
f 1368 368 1369
f 1371 401 1374
f 1372 1374 401
f 1367 400 1374
f 1373 1374 400
f 1380 1375 1377
f 404 1377 1375
f 401 1379 1372
f 1380 1372 1379
f 1381 1384 358
f 1213 358 1384
f 1377 404 1384
f 1382 1384 404
f 368 1368 1234
f 1385 1234 1368
f 358 1206 1381
f 1385 1381 1206
f 1388 1391 406
f 1386 406 1391
f 1390 1391 410
f 1389 410 1391
f 408 1393 1392
f 1396 1392 1393
f 406 1394 1388
f 1396 1388 1394
f 409 1398 1397
f 1400 1397 1398
f 1400 1393 1399
f 408 1399 1393
f 1389 1403 410
f 1401 410 1403
f 1402 1403 409
f 1398 409 1403
f 1404 1406 402
f 1378 402 1406
f 1392 1406 408
f 1405 408 1406
f 412 1408 1407
f 1409 1407 1408
f 1409 1404 1370
f 402 1370 1404
f 1411 1413 413
f 1410 413 1413
f 1412 1413 412
f 1408 412 1413
f 408 1405 1399
f 1415 1399 1405
f 413 1414 1411
f 1415 1411 1414
f 1417 1419 415
f 1416 415 1419
f 1418 413 1419
f 1410 1419 413
f 416 1421 1420
f 1423 1420 1421
f 415 1422 1417
f 1423 1417 1422
f 409 1424 1402
f 1426 1402 1424
f 1421 416 1426
f 1425 1426 416
f 413 1418 1414
f 1427 1414 1418
f 1427 1424 1397
f 409 1397 1424
f 418 1430 1428
f 1433 1428 1430
f 421 1432 1431
f 1433 1431 1432
f 1435 1438 420
f 1434 420 1438
f 1436 1438 418
f 1430 418 1438
f 325 1439 1087
f 1441 1087 1439
f 420 1440 1435
f 1441 1435 1440
f 1431 1443 421
f 1442 421 1443
f 1081 1443 325
f 1439 325 1443
f 1449 1445 1446
f 423 1446 1445
f 426 1448 1447
f 1449 1447 1448
f 1451 1454 425
f 1450 425 1454
f 1446 423 1454
f 1453 1454 423
f 338 1455 1130
f 1457 1130 1455
f 1457 1451 1456
f 425 1456 1451
f 1447 1459 426
f 1458 426 1459
f 1126 1459 338
f 1455 338 1459
f 1464 1461 1462
f 429 1462 1461
f 425 1450 1463
f 1464 1463 1450
f 1466 1469 430
f 1465 430 1469
f 1462 429 1469
f 1468 1469 429
f 1472 1120 1470
f 335 1470 1120
f 430 1471 1466
f 1472 1466 1471
f 1456 425 1473
f 1463 1473 425
f 1115 1473 335
f 1470 335 1473
f 433 1476 1475
f 1480 1475 1476
f 435 1478 1477
f 1480 1477 1478
f 1482 1485 434
f 1481 434 1485
f 1476 433 1485
f 1483 1485 433
f 1488 1357 1486
f 398 1486 1357
f 1488 1482 1487
f 434 1487 1482
f 1477 1491 435
f 1490 435 1491
f 1486 398 1491
f 1363 1491 398
f 1494 1497 438
f 1493 438 1497
f 1496 1497 442
f 1495 442 1497
f 440 1500 1498
f 1503 1498 1500
f 1503 1494 1501
f 438 1501 1494
f 1504 1507 384
f 1298 384 1507
f 1500 440 1507
f 1505 1507 440
f 442 1495 1508
f 1509 1508 1495
f 384 1290 1504
f 1509 1504 1290
f 1514 1511 1512
f 445 1512 1511
f 420 1434 1513
f 1514 1513 1434
f 1515 1518 426
f 1448 426 1518
f 1512 445 1518
f 1516 1518 445
f 330 1519 1104
f 1520 1104 1519
f 1520 1515 1458
f 426 1458 1515
f 1513 1521 420
f 1440 420 1521
f 1100 1521 330
f 1519 330 1521
f 448 1524 1523
f 1528 1523 1524
f 450 1526 1525
f 1528 1525 1526
f 1529 1532 421
f 1432 421 1532
f 1530 1532 448
f 1524 448 1532
f 355 1533 1200
f 1534 1200 1533
f 421 1442 1529
f 1534 1529 1442
f 1536 450 1537
f 1525 1537 450
f 1195 1537 355
f 1533 355 1537
f 1542 1538 1539
f 452 1539 1538
f 453 1541 1540
f 1542 1540 1541
f 1543 1545 449
f 1527 449 1545
f 1539 452 1545
f 1544 1545 452
f 360 1546 1216
f 1547 1216 1546
f 1547 1543 1535
f 449 1535 1543
f 453 1540 1548
f 1549 1548 1540
f 1210 1549 360
f 1546 360 1549
f 1554 1550 1551
f 455 1551 1550
f 458 1553 1552
f 1554 1552 1553
f 1556 1558 456
f 1555 456 1558
f 1551 455 1558
f 1557 1558 455
f 457 1560 1559
f 1562 1559 1560
f 456 1561 1556
f 1562 1556 1561
f 1552 1565 458
f 1563 458 1565
f 1564 1565 457
f 1560 457 1565
f 1566 460 1570
f 1567 1570 460
f 1570 1568 1569
f 461 1569 1568
f 1571 1573 458
f 1553 458 1573
f 460 1572 1567
f 1573 1567 1572
f 1575 1244 1574
f 367 1574 1244
f 458 1563 1571
f 1575 1571 1563
f 1568 1577 461
f 1576 461 1577
f 367 1239 1574
f 1577 1574 1239
f 1583 1579 1580
f 463 1580 1579
f 465 1582 1581
f 1583 1581 1582
f 1587 1496 1584
f 442 1584 1496
f 1580 463 1587
f 1585 1587 463
f 293 1588 972
f 1589 972 1588
f 1584 442 1589
f 1508 1589 442
f 1581 1591 465
f 1590 465 1591
f 966 1591 293
f 1588 293 1591
f 1594 1596 468
f 1592 468 1596
f 1595 434 1596
f 1481 1596 434
f 469 1598 1597
f 1601 1597 1598
f 1601 1594 1600
f 468 1600 1594
f 1602 1604 283
f 937 283 1604
f 1603 1604 469
f 1598 469 1604
f 1605 1487 1595
f 434 1595 1487
f 283 930 1602
f 1605 1602 930
f 1608 1610 472
f 1607 472 1610
f 1609 469 1610
f 1597 1610 469
f 473 1612 1611
f 1615 1611 1612
f 1615 1608 1614
f 472 1614 1608
f 1616 1618 288
f 954 288 1618
f 1617 1618 473
f 1612 473 1618
f 469 1609 1603
f 1619 1603 1609
f 288 950 1616
f 1619 1616 950
f 1622 1624 476
f 1621 476 1624
f 1611 1624 473
f 1623 473 1624
f 1627 1630 477
f 1626 477 1630
f 1628 1630 476
f 1622 476 1630
f 352 1631 1193
f 1634 1193 1631
f 1634 1627 1633
f 477 1633 1627
f 473 1623 1617
f 1635 1617 1623
f 1635 1631 1186
f 352 1186 1631
f 480 1637 1636
f 1639 1636 1637
f 478 1625 1638
f 1639 1638 1625
f 481 1641 1640
f 1643 1640 1641
f 1642 1643 480
f 1637 480 1643
f 1644 1646 362
f 1224 362 1646
f 1645 1646 481
f 1641 481 1646
f 1638 1647 478
f 1632 478 1647
f 362 1218 1644
f 1647 1644 1218
f 1649 1651 483
f 1648 483 1651
f 1640 1651 481
f 1650 481 1651
f 484 1653 1652
f 1655 1652 1653
f 1655 1649 1654
f 483 1654 1649
f 1656 1658 363
f 1228 363 1658
f 1657 1658 484
f 1653 484 1658
f 481 1650 1645
f 1659 1645 1650
f 363 1222 1656
f 1659 1656 1222
f 1663 1660 1661
f 486 1661 1660
f 1662 484 1663
f 1652 1663 484
f 1664 1666 461
f 1569 461 1666
f 1661 486 1666
f 1665 1666 486
f 366 1667 1241
f 1668 1241 1667
f 461 1576 1664
f 1668 1664 1576
f 1657 484 1669
f 1662 1669 484
f 1236 1669 366
f 1667 366 1669
f 1673 1541 1670
f 453 1670 1541
f 1672 1673 489
f 1671 489 1673
f 1675 1383 1674
f 403 1674 1383
f 1670 453 1675
f 1548 1675 453
f 1676 1677 407
f 1395 407 1677
f 1376 1677 403
f 1674 403 1677
f 488 1679 1678
f 1680 1678 1679
f 407 1387 1676
f 1680 1676 1387
f 489 1671 1681
f 1683 1681 1671
f 1683 1679 1682
f 488 1682 1679
f 1564 457 1686
f 1684 1686 457
f 1366 1686 400
f 1685 400 1686
f 1688 1689 491
f 1687 491 1689
f 1559 1689 457
f 1684 457 1689
f 400 1685 1373
f 1691 1373 1685
f 491 1690 1688
f 1691 1688 1690
f 493 1693 1692
f 1696 1692 1693
f 496 1695 1694
f 1696 1694 1695
f 1698 1700 494
f 1697 494 1700
f 1699 1700 493
f 1693 493 1700
f 495 1702 1701
f 1704 1701 1702
f 494 1703 1698
f 1704 1698 1703
f 1694 1707 496
f 1705 496 1707
f 1702 495 1707
f 1706 1707 495
f 1713 1709 1710
f 499 1710 1709
f 502 1712 1711
f 1713 1711 1712
f 1715 1718 500
f 1714 500 1718
f 1710 499 1718
f 1717 1718 499
f 1720 1722 501
f 1719 501 1722
f 1722 1715 1721
f 500 1721 1715
f 1711 1725 502
f 1723 502 1725
f 501 1724 1720
f 1725 1720 1724
f 1726 504 1730
f 1727 1730 504
f 1729 1730 508
f 1728 508 1730
f 1734 1731 1732
f 505 1732 1731
f 1727 504 1734
f 1733 1734 504
f 1737 1739 506
f 1735 506 1739
f 1732 505 1739
f 1738 1739 505
f 508 1728 1740
f 1743 1740 1728
f 1743 1737 1742
f 506 1742 1737
f 510 1746 1745
f 1748 1745 1746
f 1714 1748 500
f 1747 500 1748
f 1750 1753 512
f 1749 512 1753
f 510 1752 1746
f 1753 1746 1752
f 1757 1754 1755
f 513 1755 1754
f 512 1756 1750
f 1757 1750 1756
f 1747 1759 500
f 1721 500 1759
f 1755 513 1759
f 1758 1759 513
f 515 1762 1761
f 1764 1761 1762
f 1764 1763 1749
f 512 1749 1763
f 505 1765 1738
f 1768 1738 1765
f 1768 1762 1767
f 515 1767 1762
f 1770 1771 517
f 1769 517 1771
f 1731 1771 505
f 1765 505 1771
f 1763 1773 512
f 1756 512 1773
f 1773 1770 1772
f 517 1772 1770
f 1774 1778 502
f 1712 502 1778
f 521 1777 1775
f 1778 1775 1777
f 508 1779 1729
f 1780 1729 1779
f 502 1723 1774
f 1780 1774 1723
f 519 1783 1782
f 1784 1782 1783
f 1740 1784 508
f 1779 508 1784
f 1775 1789 521
f 1786 521 1789
f 1787 1789 519
f 1783 519 1789
f 1790 1794 522
f 1776 522 1794
f 1791 526 1794
f 1793 1794 526
f 524 1796 1795
f 1797 1795 1796
f 522 1785 1790
f 1797 1790 1785
f 1798 1800 415
f 1422 415 1800
f 1799 1800 524
f 1796 524 1800
f 412 1801 1412
f 1802 1412 1801
f 415 1416 1798
f 1802 1798 1416
f 1791 1805 526
f 1803 526 1805
f 1407 1805 412
f 1801 412 1805
f 1807 528 1810
f 1808 1810 528
f 1781 1810 520
f 1809 520 1810
f 1814 1390 1811
f 410 1811 1390
f 1814 1808 1812
f 528 1812 1808
f 416 1815 1425
f 1816 1425 1815
f 1816 1811 1401
f 410 1401 1811
f 1818 1799 1817
f 524 1817 1799
f 416 1420 1815
f 1818 1815 1420
f 520 1809 1788
f 1819 1788 1809
f 524 1795 1817
f 1819 1817 1795
f 531 1821 1820
f 1823 1820 1821
f 507 1736 1822
f 1823 1822 1736
f 532 1825 1824
f 1827 1824 1825
f 1827 1821 1826
f 531 1826 1821
f 1828 1830 488
f 1682 488 1830
f 1829 1830 532
f 1825 532 1830
f 1832 1813 1831
f 529 1831 1813
f 488 1678 1828
f 1832 1828 1678
f 1741 507 1833
f 1822 1833 507
f 1831 529 1833
f 1806 1833 529
f 1836 1839 535
f 1834 535 1839
f 1837 537 1839
f 1838 1839 537
f 1840 1843 511
f 1751 511 1843
f 1843 1836 1841
f 535 1841 1836
f 536 1845 1844
f 1846 1844 1845
f 1840 511 1846
f 1744 1846 511
f 1847 1849 456
f 1561 456 1849
f 1848 1849 536
f 1845 536 1849
f 537 1837 1850
f 1851 1850 1837
f 456 1555 1847
f 1851 1847 1555
f 531 1852 1826
f 1855 1826 1852
f 1854 1855 539
f 1853 539 1855
f 1766 516 1857
f 1856 1857 516
f 1820 1857 531
f 1852 531 1857
f 1858 1859 534
f 1842 534 1859
f 1856 516 1859
f 1760 1859 516
f 1861 1860 1853
f 539 1853 1860
f 534 1835 1858
f 1861 1858 1835
f 536 1862 1848
f 1864 1848 1862
f 491 1687 1863
f 1864 1863 1687
f 498 1865 1716
f 1866 1716 1865
f 1844 1866 536
f 1862 536 1866
f 1867 1868 525
f 1792 525 1868
f 1708 1868 498
f 1865 498 1868
f 1863 1869 491
f 1690 491 1869
f 1804 1869 525
f 1867 525 1869
f 1873 1870 1871
f 542 1871 1870
f 501 1719 1872
f 1873 1872 1719
f 493 1874 1699
f 1876 1699 1874
f 542 1875 1871
f 1876 1871 1875
f 543 1878 1877
f 1879 1877 1878
f 493 1692 1874
f 1879 1874 1692
f 1872 1881 501
f 1724 501 1881
f 1880 1881 543
f 1878 543 1881
f 1882 545 1885
f 1883 1885 545
f 1754 1885 513
f 1884 513 1885
f 494 1886 1703
f 1888 1703 1886
f 545 1887 1883
f 1888 1883 1887
f 542 1889 1875
f 1890 1875 1889
f 494 1697 1886
f 1890 1886 1697
f 513 1884 1758
f 1891 1758 1884
f 1870 1891 542
f 1889 542 1891
f 1895 1892 1893
f 547 1893 1892
f 517 1769 1894
f 1895 1894 1769
f 495 1896 1706
f 1898 1706 1896
f 547 1897 1893
f 1898 1893 1897
f 1899 1900 545
f 1887 545 1900
f 1896 495 1900
f 1701 1900 495
f 1772 517 1901
f 1894 1901 517
f 1901 1899 1882
f 545 1882 1899
f 1880 543 1904
f 1902 1904 543
f 1726 1904 504
f 1903 504 1904
f 496 1905 1695
f 1906 1695 1905
f 543 1877 1902
f 1906 1902 1877
f 547 1907 1897
f 1908 1897 1907
f 496 1705 1905
f 1908 1905 1705
f 504 1903 1733
f 1909 1733 1903
f 1909 1907 1892
f 547 1892 1907
f 1910 1913 278
f 921 278 1913
f 1912 1913 552
f 1911 552 1913
f 1915 1916 550
f 1914 550 1916
f 1916 1910 916
f 278 916 1910
f 1918 1920 551
f 1917 551 1920
f 1920 1915 1919
f 550 1919 1915
f 552 1911 1921
f 1923 1921 1911
f 1923 1918 1922
f 551 1922 1918
f 441 1924 1506
f 1926 1506 1924
f 550 1914 1925
f 1926 1925 1914
f 1928 1929 554
f 1927 554 1929
f 1499 1929 441
f 1924 441 1929
f 555 1931 1930
f 1933 1930 1931
f 554 1932 1928
f 1933 1928 1932
f 1919 550 1935
f 1925 1935 550
f 1934 1935 555
f 1931 555 1935
f 1936 1939 436
f 1479 436 1939
f 1938 1939 559
f 1937 559 1939
f 557 1941 1940
f 1942 1940 1941
f 436 1489 1936
f 1942 1936 1489
f 1944 1946 558
f 1943 558 1946
f 1945 1946 557
f 1941 557 1946
f 559 1937 1947
f 1949 1947 1937
f 558 1948 1944
f 1949 1944 1948
f 1952 900 1950
f 270 1950 900
f 1951 557 1952
f 1940 1952 557
f 1954 1912 1953
f 552 1953 1912
f 1950 270 1954
f 892 1954 270
f 1957 1955 1956
f 561 1956 1955
f 552 1921 1953
f 1957 1953 1921
f 1959 1945 1951
f 557 1951 1945
f 1956 561 1959
f 1958 1959 561
f 563 1961 1960
f 1963 1960 1961
f 1930 1963 555
f 1962 555 1963
f 564 1965 1964
f 1967 1964 1965
f 1966 1967 563
f 1961 563 1967
f 1968 1970 551
f 1922 551 1970
f 1969 1970 564
f 1965 564 1970
f 555 1962 1934
f 1971 1934 1962
f 551 1917 1968
f 1971 1968 1917
f 1975 1972 1973
f 566 1973 1972
f 564 1964 1974
f 1975 1974 1964
f 1976 1978 558
f 1948 558 1978
f 1973 566 1978
f 1977 1978 566
f 561 1979 1958
f 1980 1958 1979
f 558 1943 1976
f 1980 1976 1943
f 1974 1981 564
f 1969 564 1981
f 1955 1981 561
f 1979 561 1981
f 1983 1986 568
f 1982 568 1986
f 1985 1986 570
f 1984 570 1986
f 569 1988 1987
f 1990 1987 1988
f 568 1989 1983
f 1990 1983 1989
f 570 1984 1991
f 1993 1991 1984
f 1992 1993 569
f 1988 569 1993
f 570 1994 1985
f 1997 1985 1994
f 1995 573 1997
f 1996 1997 573
f 1999 2000 572
f 1998 572 2000
f 1991 2000 570
f 1994 570 2000
f 292 2001 968
f 2003 968 2001
f 572 2002 1999
f 2003 1999 2002
f 2004 2005 316
f 1048 316 2005
f 962 2005 292
f 2001 292 2005
f 2007 2006 1995
f 573 1995 2006
f 316 1042 2004
f 2007 2004 1042
f 573 2008 1996
f 2010 1996 2008
f 568 1982 2009
f 2010 2009 1982
f 2011 2012 345
f 1156 345 2012
f 2006 2012 573
f 2008 573 2012
f 2013 2014 336
f 1109 336 2014
f 345 1153 2011
f 2014 2011 1153
f 2015 575 2017
f 2016 2017 575
f 2013 336 2017
f 1119 2017 336
f 2009 2019 568
f 1989 568 2019
f 2018 2019 575
f 2016 575 2019
f 2021 2025 577
f 2020 577 2025
f 2022 578 2025
f 2023 2025 578
f 575 2026 2018
f 2028 2018 2026
f 577 2027 2021
f 2028 2021 2027
f 1471 430 2030
f 2029 2030 430
f 2015 2030 575
f 2026 575 2030
f 2033 2032 2022
f 578 2022 2032
f 430 1465 2029
f 2033 2029 1465
f 465 2034 1582
f 2038 1582 2034
f 582 2036 2035
f 2038 2035 2036
f 2039 2040 572
f 2002 572 2040
f 1590 2040 465
f 2034 465 2040
f 581 2042 2041
f 2043 2041 2042
f 572 1998 2039
f 2043 2039 1998
f 2035 2047 582
f 2044 582 2047
f 2046 2047 581
f 2042 581 2047
f 569 2048 1992
f 2051 1992 2048
f 587 2050 2049
f 2051 2049 2050
f 2054 2052 2053
f 585 2053 2052
f 1987 2054 569
f 2048 569 2054
f 2056 2058 586
f 2055 586 2058
f 2053 585 2058
f 2057 2058 585
f 2059 587 2061
f 2049 2061 587
f 2056 586 2061
f 2060 2061 586
f 2062 2064 577
f 2027 577 2064
f 2052 2064 585
f 2063 585 2064
f 589 2067 2065
f 2068 2065 2067
f 577 2020 2062
f 2068 2062 2020
f 2070 2073 591
f 2069 591 2073
f 2072 2073 589
f 2067 589 2073
f 585 2063 2057
f 2075 2057 2063
f 591 2074 2070
f 2075 2070 2074
f 2080 2046 2076
f 581 2076 2046
f 594 2078 2077
f 2080 2077 2078
f 2081 2082 587
f 2050 587 2082
f 2076 581 2082
f 2041 2082 581
f 593 2084 2083
f 2085 2083 2084
f 2085 2081 2059
f 587 2059 2081
f 2077 2089 594
f 2087 594 2089
f 2088 2089 593
f 2084 593 2089
f 2090 2092 591
f 2074 591 2092
f 2091 586 2092
f 2055 2092 586
f 2096 2093 2095
f 598 2095 2093
f 591 2069 2090
f 2096 2090 2069
f 593 2097 2088
f 2100 2088 2097
f 598 2098 2095
f 2100 2095 2098
f 2091 2101 586
f 2060 586 2101
f 2097 593 2101
f 2083 2101 593
f 600 2103 2102
f 2106 2102 2103
f 2106 2104 2105
f 605 2105 2104
f 602 2109 2108
f 2111 2108 2109
f 2110 2111 600
f 2103 600 2111
f 2112 604 2117
f 2114 2117 604
f 2115 2117 602
f 2109 602 2117
f 2104 2121 605
f 2118 605 2121
f 604 2119 2114
f 2121 2114 2119
f 2122 2125 605
f 2105 605 2125
f 2123 611 2125
f 2124 2125 611
f 607 2128 2126
f 2129 2126 2128
f 2129 2122 2118
f 605 2118 2122
f 2132 2135 610
f 2130 610 2135
f 2133 2135 607
f 2128 607 2135
f 611 2123 2136
f 2139 2136 2123
f 610 2138 2132
f 2139 2132 2138
f 2141 2145 613
f 2140 613 2145
f 2145 2142 2143
f 616 2143 2142
f 2147 2149 614
f 2146 614 2149
f 613 2148 2141
f 2149 2141 2148
f 615 2151 2150
f 2153 2150 2151
f 614 2152 2147
f 2153 2147 2152
f 2142 2157 616
f 2155 616 2157
f 2156 2157 615
f 2151 615 2157
f 2159 2162 619
f 2158 619 2162
f 2161 2162 621
f 2160 621 2162
f 620 2164 2163
f 2166 2163 2164
f 619 2165 2159
f 2166 2159 2165
f 2167 2169 614
f 2152 614 2169
f 2168 2169 620
f 2164 620 2169
f 621 2160 2170
f 2171 2170 2160
f 614 2146 2167
f 2171 2167 2146
f 623 2174 2173
f 2177 2173 2174
f 2176 2177 627
f 2175 627 2177
f 2179 2182 625
f 2178 625 2182
f 2180 2182 623
f 2174 623 2182
f 2184 2186 626
f 2183 626 2186
f 625 2185 2179
f 2186 2179 2185
f 627 2175 2187
f 2189 2187 2175
f 626 2188 2184
f 2189 2184 2188
f 629 2192 2191
f 2194 2191 2192
f 613 2140 2193
f 2194 2193 2140
f 2196 2199 631
f 2195 631 2199
f 2198 2199 629
f 2192 629 2199
f 632 2201 2200
f 2203 2200 2201
f 631 2202 2196
f 2203 2196 2202
f 2193 2205 613
f 2148 613 2205
f 2204 2205 632
f 2201 632 2205
f 2207 2209 634
f 2206 634 2209
f 2208 600 2209
f 2102 2209 600
f 635 2211 2210
f 2213 2210 2211
f 634 2212 2207
f 2213 2207 2212
f 2214 2216 631
f 2202 631 2216
f 2215 2216 635
f 2211 635 2216
f 2217 2110 2208
f 600 2208 2110
f 631 2195 2214
f 2217 2214 2195
f 2219 2222 637
f 2218 637 2222
f 639 2221 2220
f 2222 2220 2221
f 2224 2226 638
f 2223 638 2226
f 2226 2219 2225
f 637 2225 2219
f 635 2227 2215
f 2229 2215 2227
f 2229 2224 2228
f 638 2228 2224
f 2230 639 2231
f 2220 2231 639
f 2210 2231 635
f 2227 635 2231
f 621 2232 2161
f 2235 2161 2232
f 641 2234 2233
f 2235 2233 2234
f 632 2236 2204
f 2237 2204 2236
f 2170 2237 621
f 2232 621 2237
f 2228 638 2239
f 2238 2239 638
f 2200 2239 632
f 2236 632 2239
f 2233 2241 641
f 2240 641 2241
f 638 2223 2238
f 2241 2238 2223
f 627 2242 2176
f 2246 2176 2242
f 645 2245 2243
f 2246 2243 2245
f 2248 2249 643
f 2247 643 2249
f 2187 2249 627
f 2242 627 2249
f 644 2251 2250
f 2253 2250 2251
f 643 2252 2248
f 2253 2248 2252
f 2243 2257 645
f 2254 645 2257
f 2256 2257 644
f 2251 644 2257
f 2259 2262 648
f 2258 648 2262
f 2261 2262 650
f 2260 650 2262
f 649 2264 2263
f 2266 2263 2264
f 2266 2259 2265
f 648 2265 2259
f 2267 2269 643
f 2252 643 2269
f 2268 2269 649
f 2264 649 2269
f 650 2260 2270
f 2271 2270 2260
f 643 2247 2267
f 2271 2267 2247
f 2275 2221 2272
f 639 2272 2221
f 2275 2273 2274
f 653 2274 2273
f 2276 652 2278
f 2277 2278 652
f 2278 2272 2230
f 639 2230 2272
f 649 2279 2268
f 2281 2268 2279
f 652 2280 2277
f 2281 2277 2280
f 2273 2283 653
f 2282 653 2283
f 2263 2283 649
f 2279 649 2283
f 611 2284 2124
f 2286 2124 2284
f 634 2206 2285
f 2286 2285 2206
f 644 2287 2256
f 2288 2256 2287
f 2136 2288 611
f 2284 611 2288
f 2289 2290 652
f 2280 652 2290
f 2250 2290 644
f 2287 644 2290
f 2212 634 2291
f 2285 2291 634
f 652 2276 2289
f 2291 2289 2276
f 2293 2296 656
f 2292 656 2296
f 2295 2296 659
f 2294 659 2296
f 657 2298 2297
f 2300 2297 2298
f 656 2299 2293
f 2300 2293 2299
f 2302 2304 658
f 2301 658 2304
f 2303 2304 657
f 2298 657 2304
f 2307 2305 2294
f 659 2294 2305
f 658 2306 2302
f 2307 2302 2306
f 2312 2308 2309
f 661 2309 2308
f 2311 2312 663
f 2310 663 2312
f 662 2314 2313
f 2316 2313 2314
f 2316 2309 2315
f 661 2315 2309
f 2317 2319 657
f 2303 657 2319
f 2318 2319 662
f 2314 662 2319
f 663 2310 2320
f 2321 2320 2310
f 657 2297 2317
f 2321 2317 2297
f 665 2323 2322
f 2326 2322 2323
f 668 2325 2324
f 2326 2324 2325
f 2327 666 2330
f 2328 2330 666
f 2329 2330 665
f 2323 665 2330
f 667 2332 2331
f 2334 2331 2332
f 2334 2328 2333
f 666 2333 2328
f 2335 668 2337
f 2324 2337 668
f 2336 2337 667
f 2332 667 2337
f 2339 2341 670
f 2338 670 2341
f 2308 2341 661
f 2340 661 2341
f 667 2342 2336
f 2344 2336 2342
f 670 2343 2339
f 2344 2339 2343
f 2346 2347 671
f 2345 671 2347
f 2331 2347 667
f 2342 667 2347
f 661 2340 2315
f 2349 2315 2340
f 671 2348 2346
f 2349 2346 2348
f 673 2351 2350
f 2353 2350 2351
f 637 2218 2352
f 2353 2352 2218
f 2354 2356 663
f 2311 663 2356
f 2355 2356 673
f 2351 673 2356
f 674 2358 2357
f 2359 2357 2358
f 2359 2354 2320
f 663 2320 2354
f 2352 2361 637
f 2225 637 2361
f 2360 2361 674
f 2358 674 2361
f 2265 648 2365
f 2362 2365 648
f 2364 2365 677
f 2363 677 2365
f 2368 2366 2367
f 676 2367 2366
f 648 2258 2362
f 2368 2362 2258
f 668 2369 2325
f 2371 2325 2369
f 676 2370 2367
f 2371 2367 2370
f 677 2363 2372
f 2373 2372 2363
f 2335 2373 668
f 2369 668 2373
f 2374 2377 619
f 2165 619 2377
f 2376 2377 680
f 2375 680 2377
f 2380 2378 2379
f 679 2379 2378
f 619 2158 2374
f 2380 2374 2158
f 659 2381 2295
f 2383 2295 2381
f 2379 679 2383
f 2382 2383 679
f 680 2375 2384
f 2385 2384 2375
f 2305 2385 659
f 2381 659 2385
f 2386 2388 670
f 2343 670 2388
f 2372 2388 677
f 2387 677 2388
f 673 2389 2355
f 2390 2355 2389
f 670 2338 2386
f 2390 2386 2338
f 2391 2392 653
f 2274 653 2392
f 2350 2392 673
f 2389 673 2392
f 677 2387 2364
f 2393 2364 2387
f 653 2282 2391
f 2393 2391 2282
f 674 2394 2360
f 2396 2360 2394
f 641 2240 2395
f 2396 2395 2240
f 2397 2398 656
f 2299 656 2398
f 2357 2398 674
f 2394 674 2398
f 679 2399 2382
f 2400 2382 2399
f 656 2292 2397
f 2400 2397 2292
f 2395 2401 641
f 2234 641 2401
f 2378 2401 679
f 2399 679 2401
f 2405 2376 2402
f 680 2402 2376
f 2404 2405 687
f 2403 687 2405
f 2407 2408 684
f 2406 684 2408
f 2402 680 2408
f 2384 2408 680
f 685 2411 2410
f 2413 2410 2411
f 2413 2407 2412
f 684 2412 2407
f 2414 687 2417
f 2403 2417 687
f 2415 2417 685
f 2411 685 2417
f 2421 2416 2418
f 686 2418 2416
f 692 2420 2419
f 2421 2419 2420
f 2424 2425 690
f 2423 690 2425
f 2418 686 2425
f 2409 2425 686
f 691 2427 2426
f 2430 2426 2427
f 2430 2424 2429
f 690 2429 2424
f 2419 2433 692
f 2431 692 2433
f 2432 2433 691
f 2427 691 2433
f 2434 2437 692
f 2420 692 2437
f 2436 2437 696
f 2435 696 2437
f 694 2439 2438
f 2440 2438 2439
f 692 2431 2434
f 2440 2434 2431
f 2442 2444 695
f 2441 695 2444
f 2443 2444 694
f 2439 694 2444
f 696 2435 2445
f 2447 2445 2435
f 695 2446 2442
f 2447 2442 2446
f 2449 2451 698
f 2448 698 2451
f 2438 2451 694
f 2450 694 2451
f 2453 2455 699
f 2452 699 2455
f 698 2454 2449
f 2455 2449 2454
f 2457 2459 700
f 2456 700 2459
f 699 2458 2453
f 2459 2453 2458
f 694 2450 2443
f 2461 2443 2450
f 700 2460 2457
f 2461 2457 2460
f 2463 2466 702
f 2462 702 2466
f 2464 705 2466
f 2465 2466 705
f 2468 2470 703
f 2467 703 2470
f 702 2469 2463
f 2470 2463 2469
f 704 2472 2471
f 2474 2471 2472
f 703 2473 2468
f 2474 2468 2473
f 705 2464 2475
f 2477 2475 2464
f 2472 704 2477
f 2476 2477 704
f 2479 2482 707
f 2478 707 2482
f 2480 710 2482
f 2481 2482 710
f 2484 2486 708
f 2483 708 2486
f 707 2485 2479
f 2486 2479 2485
f 709 2488 2487
f 2490 2487 2488
f 708 2489 2484
f 2490 2484 2489
f 710 2480 2491
f 2493 2491 2480
f 2488 709 2493
f 2492 2493 709
f 712 2495 2494
f 2497 2494 2495
f 646 2255 2496
f 2497 2496 2255
f 707 2498 2485
f 2500 2485 2498
f 2495 712 2500
f 2499 2500 712
f 713 2502 2501
f 2503 2501 2502
f 707 2478 2498
f 2503 2498 2478
f 2496 2505 646
f 2244 646 2505
f 2502 713 2505
f 2504 2505 713
f 2507 2511 715
f 2506 715 2511
f 2510 2511 717
f 2508 717 2511
f 709 2512 2492
f 2514 2492 2512
f 715 2513 2507
f 2514 2507 2513
f 716 2516 2515
f 2517 2515 2516
f 2512 709 2517
f 2487 2517 709
f 717 2508 2519
f 2521 2519 2508
f 2521 2516 2520
f 716 2520 2516
f 2522 2524 609
f 2137 609 2524
f 2494 2524 712
f 2523 712 2524
f 716 2525 2520
f 2526 2520 2525
f 609 2131 2522
f 2526 2522 2131
f 2527 2528 708
f 2489 708 2528
f 716 2515 2525
f 2528 2525 2515
f 712 2523 2499
f 2529 2499 2523
f 708 2483 2527
f 2529 2527 2483
f 2532 2181 2530
f 624 2530 2181
f 2532 2531 2506
f 715 2506 2531
f 2533 2534 713
f 2504 713 2534
f 2530 624 2534
f 2172 2534 624
f 710 2535 2481
f 2536 2481 2535
f 713 2501 2533
f 2536 2533 2501
f 2531 2537 715
f 2513 715 2537
f 2537 2535 2491
f 710 2491 2535
f 630 2538 2197
f 2541 2197 2538
f 723 2540 2539
f 2541 2539 2540
f 2543 2544 722
f 2542 722 2544
f 2190 2544 630
f 2538 630 2544
f 705 2545 2465
f 2547 2465 2545
f 722 2546 2543
f 2547 2543 2546
f 2539 2549 723
f 2548 723 2549
f 2545 705 2549
f 2475 2549 705
f 2553 2550 2551
f 725 2551 2550
f 617 2154 2552
f 2553 2552 2154
f 2554 2556 702
f 2469 702 2556
f 2551 725 2556
f 2555 2556 725
f 722 2557 2546
f 2558 2546 2557
f 702 2462 2554
f 2558 2554 2462
f 2144 617 2559
f 2552 2559 617
f 2557 722 2559
f 2542 2559 722
f 601 2560 2116
f 2563 2116 2560
f 727 2562 2561
f 2563 2561 2562
f 2564 2565 723
f 2540 723 2565
f 2107 2565 601
f 2560 601 2565
f 704 2566 2476
f 2567 2476 2566
f 723 2548 2564
f 2567 2564 2548
f 2561 2569 727
f 2568 727 2569
f 2471 2569 704
f 2566 704 2569
f 2572 2574 730
f 2570 730 2574
f 2550 2574 725
f 2573 725 2574
f 2575 2578 727
f 2562 727 2578
f 730 2576 2572
f 2578 2572 2576
f 703 2579 2473
f 2580 2473 2579
f 727 2568 2575
f 2580 2575 2568
f 725 2573 2555
f 2581 2555 2573
f 703 2467 2579
f 2581 2579 2467
f 2582 2585 698
f 2454 698 2585
f 2584 2585 736
f 2583 736 2585
f 691 2586 2432
f 2587 2432 2586
f 698 2448 2582
f 2587 2582 2448
f 2590 2591 732
f 2589 732 2591
f 2586 691 2591
f 2426 2591 691
f 734 2594 2593
f 2597 2593 2594
f 2597 2590 2595
f 732 2595 2590
f 2583 2601 736
f 2598 736 2601
f 2600 2601 734
f 2594 734 2601
f 2602 738 2607
f 2603 2607 738
f 2605 2607 742
f 2604 742 2607
f 2609 2611 739
f 2608 739 2611
f 2603 738 2611
f 2610 2611 738
f 2613 2615 740
f 2612 740 2615
f 739 2614 2609
f 2615 2609 2614
f 742 2604 2617
f 2619 2617 2604
f 740 2618 2613
f 2619 2613 2618
f 2620 2622 740
f 2618 740 2622
f 2621 735 2622
f 2592 2622 735
f 744 2624 2623
f 2625 2623 2624
f 740 2612 2620
f 2625 2620 2612
f 2627 2629 745
f 2626 745 2629
f 2628 2629 744
f 2624 744 2629
f 2631 2599 2621
f 735 2621 2599
f 745 2630 2627
f 2631 2627 2630
f 2632 2635 744
f 2628 744 2635
f 2634 2635 748
f 2633 748 2635
f 2636 2637 739
f 2614 739 2637
f 744 2623 2632
f 2637 2632 2623
f 2639 2640 747
f 2638 747 2640
f 739 2608 2636
f 2640 2636 2608
f 748 2633 2641
f 2643 2641 2633
f 747 2642 2639
f 2643 2639 2642
f 750 2645 2644
f 2647 2644 2645
f 419 1429 2646
f 2647 2646 1429
f 2648 2650 658
f 2306 658 2650
f 2649 2650 750
f 2645 750 2650
f 751 2652 2651
f 2653 2651 2652
f 658 2301 2648
f 2653 2648 2301
f 2646 2655 419
f 1437 419 2655
f 2654 2655 751
f 2652 751 2655
f 753 2657 2656
f 2659 2656 2657
f 2659 2658 1444
f 424 1444 2658
f 2660 2662 671
f 2348 671 2662
f 2661 2662 753
f 2657 753 2662
f 2665 2663 2664
f 754 2664 2663
f 671 2345 2660
f 2665 2660 2345
f 2658 2667 424
f 1452 424 2667
f 2664 754 2667
f 2666 2667 754
f 754 2668 2666
f 2670 2666 2668
f 2670 2669 1460
f 428 1460 2669
f 2333 666 2672
f 2671 2672 666
f 2663 2672 754
f 2668 754 2672
f 756 2674 2673
f 2675 2673 2674
f 2675 2671 2327
f 666 2327 2671
f 2669 2677 428
f 1467 428 2677
f 2674 756 2677
f 2676 2677 756
f 758 2680 2679
f 2682 2679 2680
f 432 1474 2681
f 2682 2681 1474
f 2683 2686 729
f 2577 729 2686
f 2684 2686 758
f 2680 758 2686
f 2689 2687 2688
f 760 2688 2687
f 2689 2683 2571
f 729 2571 2683
f 2681 2691 432
f 1484 432 2691
f 2688 760 2691
f 2690 2691 760
f 2692 762 2695
f 2693 2695 762
f 2694 439 2695
f 1492 2695 439
f 718 2696 2509
f 2698 2509 2696
f 762 2697 2693
f 2698 2693 2697
f 2701 2702 764
f 2699 764 2702
f 2696 718 2702
f 2518 2702 718
f 2705 1502 2694
f 439 2694 1502
f 764 2703 2701
f 2705 2701 2703
f 751 2706 2654
f 2708 2654 2706
f 2708 2707 1510
f 444 1510 2707
f 2318 662 2710
f 2709 2710 662
f 2651 2710 751
f 2706 751 2710
f 2712 2661 2711
f 753 2711 2661
f 662 2313 2709
f 2712 2709 2313
f 2707 2713 444
f 1517 444 2713
f 2711 753 2713
f 2656 2713 753
f 768 2716 2714
f 2718 2714 2716
f 447 1522 2717
f 2718 2717 1522
f 2412 684 2722
f 2719 2722 684
f 2720 2722 768
f 2716 768 2722
f 750 2723 2649
f 2724 2649 2723
f 684 2406 2719
f 2724 2719 2406
f 1531 447 2725
f 2717 2725 447
f 2644 2725 750
f 2723 750 2725
f 770 2727 2726
f 2729 2726 2727
f 2729 2728 1538
f 452 1538 2728
f 2428 689 2732
f 2730 2732 689
f 770 2731 2727
f 2732 2727 2731
f 2734 2721 2733
f 767 2733 2721
f 689 2422 2730
f 2734 2730 2422
f 2728 2735 452
f 1544 452 2735
f 2733 767 2735
f 2715 2735 767
f 772 2737 2736
f 2739 2736 2737
f 2739 2738 1550
f 455 1550 2738
f 2740 773 2743
f 2741 2743 773
f 2742 2743 772
f 2737 772 2743
f 774 2745 2744
f 2747 2744 2745
f 773 2746 2741
f 2747 2741 2746
f 2738 2749 455
f 1557 455 2749
f 2748 2749 774
f 2745 774 2749
f 2753 2750 2751
f 776 2751 2750
f 1566 2753 460
f 2752 460 2753
f 699 2754 2458
f 2756 2458 2754
f 2751 776 2756
f 2755 2756 776
f 772 2757 2742
f 2758 2742 2757
f 2452 2758 699
f 2754 699 2758
f 460 2752 1572
f 2759 1572 2752
f 2757 772 2759
f 2736 2759 772
f 778 2761 2760
f 2763 2760 2761
f 2763 2762 1578
f 464 1578 2762
f 2764 2766 625
f 2185 625 2766
f 2765 2766 778
f 2761 778 2766
f 2767 2768 762
f 2697 762 2768
f 625 2178 2764
f 2768 2764 2178
f 2762 2769 464
f 1586 464 2769
f 2769 2767 2692
f 762 2692 2767
f 2770 2772 760
f 2690 760 2772
f 2771 467 2772
f 1593 2772 467
f 615 2773 2156
f 2774 2156 2773
f 2774 2770 2687
f 760 2687 2770
f 2776 2777 780
f 2775 780 2777
f 2150 2777 615
f 2773 615 2777
f 2779 1599 2771
f 467 2771 1599
f 780 2778 2776
f 2779 2776 2778
f 2780 2782 780
f 2778 780 2782
f 2781 471 2782
f 1606 2782 471
f 620 2783 2168
f 2784 2168 2783
f 780 2775 2780
f 2784 2780 2775
f 2786 2787 782
f 2785 782 2787
f 2163 2787 620
f 2783 620 2787
f 2789 1613 2781
f 471 2781 1613
f 782 2788 2786
f 2789 2786 2788
f 2790 2792 782
f 2788 782 2792
f 2791 475 2792
f 1620 2792 475
f 2794 2404 2793
f 687 2793 2404
f 782 2785 2790
f 2794 2790 2785
f 2798 2796 2797
f 785 2797 2796
f 687 2414 2793
f 2798 2793 2414
f 1629 475 2801
f 2791 2801 475
f 2797 785 2801
f 2800 2801 785
f 784 2802 2799
f 2804 2799 2802
f 480 1636 2803
f 2804 2803 1636
f 696 2805 2436
f 2806 2436 2805
f 2795 2806 784
f 2802 784 2806
f 2808 2809 787
f 2807 787 2809
f 2445 2809 696
f 2805 696 2809
f 1642 480 2811
f 2803 2811 480
f 787 2810 2808
f 2811 2808 2810
f 2812 2814 787
f 2810 787 2814
f 2813 483 2814
f 1648 2814 483
f 695 2815 2446
f 2816 2446 2815
f 787 2807 2812
f 2816 2812 2807
f 2818 2819 789
f 2817 789 2819
f 2441 2819 695
f 2815 695 2819
f 2821 1654 2813
f 483 2813 1654
f 789 2820 2818
f 2821 2818 2820
f 2822 2824 789
f 2820 789 2824
f 2824 2823 1660
f 486 1660 2823
f 2825 2826 700
f 2460 700 2826
f 2817 2826 789
f 2822 789 2826
f 776 2827 2755
f 2828 2755 2827
f 700 2456 2825
f 2828 2825 2456
f 2823 2829 486
f 1665 486 2829
f 2827 776 2829
f 2750 2829 776
f 2832 1672 2830
f 489 2830 1672
f 2832 2831 2726
f 770 2726 2831
f 2834 2835 792
f 2833 792 2835
f 489 1681 2830
f 2835 2830 1681
f 741 2836 2606
f 2838 2606 2836
f 792 2837 2834
f 2838 2834 2837
f 2839 2840 733
f 2596 733 2840
f 2616 2840 741
f 2836 741 2840
f 2831 2841 770
f 2731 770 2841
f 2841 2839 2588
f 733 2588 2839
f 2584 736 2844
f 2842 2844 736
f 2740 2844 773
f 2843 773 2844
f 794 2846 2845
f 2847 2845 2846
f 736 2598 2842
f 2847 2842 2598
f 2746 773 2849
f 2843 2849 773
f 2848 2849 794
f 2846 794 2849
f 796 2851 2850
f 2854 2850 2851
f 799 2853 2852
f 2854 2852 2853
f 2856 2858 797
f 2855 797 2858
f 2857 2858 796
f 2851 796 2858
f 798 2860 2859
f 2862 2859 2860
f 797 2861 2856
f 2862 2856 2861
f 2852 2865 799
f 2863 799 2865
f 2864 2865 798
f 2860 798 2865
f 801 2867 2866
f 2871 2866 2867
f 2871 2868 2869
f 805 2869 2868
f 802 2873 2872
f 2875 2872 2873
f 2867 801 2875
f 2874 2875 801
f 2879 2876 2877
f 803 2877 2876
f 2873 802 2879
f 2878 2879 802
f 2868 2883 805
f 2880 805 2883
f 2877 803 2883
f 2882 2883 803
f 2885 2888 807
f 2884 807 2888
f 2887 2888 811
f 2886 811 2888
f 2893 2889 2891
f 808 2891 2889
f 807 2892 2885
f 2893 2885 2892
f 2895 2898 810
f 2894 810 2898
f 2891 808 2898
f 2897 2898 808
f 2886 2901 811
f 2899 811 2901
f 2901 2895 2900
f 810 2900 2895
f 2882 803 2906
f 2902 2906 803
f 816 2904 2903
f 2906 2903 2904
f 2908 2909 813
f 2907 813 2909
f 2902 803 2909
f 2876 2909 803
f 814 2911 2910
f 2913 2910 2911
f 2913 2908 2912
f 813 2912 2908
f 816 2903 2914
f 2917 2914 2903
f 2911 814 2917
f 2916 2917 814
f 2922 2916 2918
f 814 2918 2916
f 820 2920 2919
f 2922 2919 2920
f 2925 2923 2924
f 818 2924 2923
f 2918 814 2925
f 2910 2925 814
f 2900 810 2928
f 2926 2928 810
f 2928 2924 2927
f 818 2927 2924
f 2931 2930 2919
f 820 2919 2930
f 810 2894 2926
f 2931 2926 2894
f 823 2934 2932
f 2936 2932 2934
f 2866 2936 801
f 2935 801 2936
f 2939 2942 824
f 2938 824 2942
f 2940 2942 823
f 2934 823 2942
f 2892 807 2946
f 2943 2946 807
f 824 2944 2939
f 2946 2939 2944
f 801 2935 2874
f 2947 2874 2935
f 807 2884 2943
f 2947 2943 2884
f 2950 2952 827
f 2948 827 2952
f 2951 822 2952
f 2933 2952 822
f 2953 2956 745
f 2630 745 2956
f 2955 2956 827
f 2950 827 2956
f 748 2957 2634
f 2958 2634 2957
f 745 2626 2953
f 2958 2953 2626
f 2960 2961 829
f 2959 829 2961
f 2641 2961 748
f 2957 748 2961
f 822 2951 2941
f 2963 2941 2951
f 829 2962 2960
f 2963 2960 2962
f 2945 825 2968
f 2964 2968 825
f 2967 2968 831
f 2965 831 2968
f 829 2969 2962
f 2970 2962 2969
f 825 2937 2964
f 2970 2964 2937
f 747 2971 2642
f 2972 2642 2971
f 2972 2969 2959
f 829 2959 2969
f 2974 2610 2973
f 738 2973 2610
f 747 2638 2971
f 2974 2971 2638
f 2977 2976 2965
f 831 2965 2976
f 2977 2973 2602
f 738 2602 2973
f 809 2978 2896
f 2981 2896 2978
f 834 2980 2979
f 2981 2979 2980
f 2982 2983 832
f 2966 832 2983
f 2890 2983 809
f 2978 809 2983
f 792 2984 2837
f 2985 2837 2984
f 2985 2982 2975
f 832 2975 2982
f 2986 2987 532
f 1829 532 2987
f 2833 2987 792
f 2984 792 2987
f 2979 2989 834
f 2988 834 2989
f 532 1824 2986
f 2989 2986 1824
f 2990 2994 537
f 1838 537 2994
f 2992 2994 837
f 2991 837 2994
f 774 2995 2748
f 2996 2748 2995
f 537 1850 2990
f 2996 2990 1850
f 2998 2999 836
f 2997 836 2999
f 2744 2999 774
f 2995 774 2999
f 3000 3002 815
f 2905 815 3002
f 836 3001 2998
f 3002 2998 3001
f 3005 3003 2991
f 837 2991 3003
f 3000 815 3005
f 2915 3005 815
f 1854 539 3008
f 3006 3008 539
f 834 2988 3007
f 3008 3007 2988
f 838 3009 2993
f 3010 2993 3009
f 3010 3006 1860
f 539 1860 3006
f 3011 3012 819
f 2921 819 3012
f 3009 838 3012
f 3004 3012 838
f 3007 3013 834
f 2980 834 3013
f 2929 3013 819
f 3011 819 3013
f 794 3014 2848
f 3016 2848 3014
f 836 2997 3015
f 3016 3015 2997
f 2954 828 3018
f 3017 3018 828
f 2845 3018 794
f 3014 794 3018
f 3019 3020 804
f 2870 804 3020
f 2949 3020 828
f 3017 828 3020
f 3015 3021 836
f 3001 836 3021
f 804 2881 3019
f 3021 3019 2881
f 802 3022 2878
f 3025 2878 3022
f 3025 3023 3024
f 843 3024 3023
f 3026 842 3028
f 3027 3028 842
f 2872 3028 802
f 3022 802 3028
f 799 3029 2853
f 3031 2853 3029
f 842 3030 3027
f 3031 3027 3030
f 843 3023 3032
f 3033 3032 3023
f 799 2863 3029
f 3033 3029 2863
f 3034 3037 813
f 2912 813 3037
f 3036 3037 845
f 3035 845 3037
f 3024 843 3039
f 3038 3039 843
f 813 2907 3034
f 3039 3034 2907
f 798 3040 2864
f 3041 2864 3040
f 843 3032 3038
f 3041 3038 3032
f 845 3035 3042
f 3043 3042 3035
f 798 2859 3040
f 3043 3040 2859
f 818 3044 2927
f 3047 2927 3044
f 3047 3045 3046
f 847 3046 3045
f 3049 3036 3048
f 845 3048 3036
f 2923 3049 818
f 3044 818 3049
f 3050 3051 797
f 2861 797 3051
f 3048 845 3051
f 3042 3051 845
f 847 3045 3052
f 3053 3052 3045
f 797 2855 3050
f 3053 3050 2855
f 3054 3056 811
f 2887 811 3056
f 3026 3056 842
f 3055 842 3056
f 3058 3046 3057
f 847 3057 3046
f 811 2899 3054
f 3058 3054 2899
f 796 3059 2857
f 3060 2857 3059
f 847 3052 3057
f 3060 3057 3052
f 842 3055 3030
f 3061 3030 3055
f 796 2850 3059
f 3061 3059 2850
f 3062 850 3065
f 3063 3065 850
f 3064 608 3065
f 2127 3065 608
f 3069 3066 3067
f 851 3067 3066
f 850 3068 3063
f 3069 3063 3068
f 3073 3070 3071
f 852 3071 3070
f 3067 851 3073
f 3072 3073 851
f 3075 2134 3064
f 608 3064 2134
f 3071 852 3075
f 3074 3075 852
f 852 3076 3074
f 3078 3074 3076
f 763 2700 3077
f 3078 3077 2700
f 3080 3081 854
f 3079 854 3081
f 3070 3081 852
f 3076 852 3081
f 554 3082 1932
f 3084 1932 3082
f 854 3083 3080
f 3084 3080 3083
f 3077 3085 763
f 2704 763 3085
f 1927 3085 554
f 3082 554 3085
f 3086 3088 559
f 1938 559 3088
f 2678 3088 759
f 3087 759 3088
f 856 3090 3089
f 3091 3089 3090
f 559 1947 3086
f 3091 3086 1947
f 3092 857 3095
f 3093 3095 857
f 3094 3095 856
f 3090 856 3095
f 759 3087 2685
f 3097 2685 3087
f 857 3096 3093
f 3097 3093 3096
f 3098 3100 857
f 3096 857 3100
f 3100 3099 2113
f 603 2113 3099
f 3102 3103 859
f 3101 859 3103
f 3103 3098 3092
f 857 3092 3098
f 850 3104 3068
f 3106 3068 3104
f 3106 3102 3105
f 859 3105 3102
f 3099 3107 603
f 2120 603 3107
f 3107 3104 3062
f 850 3062 3104
f 3108 3110 854
f 3083 854 3110
f 563 1960 3109
f 3110 3109 1960
f 851 3111 3072
f 3112 3072 3111
f 854 3079 3108
f 3112 3108 3079
f 3114 3115 861
f 3113 861 3115
f 3066 3115 851
f 3111 851 3115
f 3117 1966 3109
f 563 3109 1966
f 861 3116 3114
f 3117 3114 3116
f 861 3118 3116
f 3120 3116 3118
f 1972 3120 566
f 3119 566 3120
f 3121 3122 859
f 3105 859 3122
f 3113 3122 861
f 3118 861 3122
f 856 3123 3094
f 3124 3094 3123
f 859 3101 3121
f 3124 3121 3101
f 3119 3125 566
f 1977 566 3125
f 3089 3125 856
f 3123 856 3125
f 3127 3130 864
f 3126 864 3130
f 3129 3130 866
f 3128 866 3130
f 3131 865 3134
f 3132 3134 865
f 864 3133 3127
f 3134 3127 3133
f 866 3128 3135
f 3137 3135 3128
f 865 3136 3132
f 3137 3132 3136
f 3139 3141 868
f 3138 868 3141
f 864 3126 3140
f 3141 3140 3126
f 650 3142 2261
f 3144 2261 3142
f 3144 3139 3143
f 868 3143 3139
f 3145 3146 626
f 2188 626 3146
f 2270 3146 650
f 3142 650 3146
f 869 3148 3147
f 3149 3147 3148
f 626 2183 3145
f 3149 3145 2183
f 3140 3151 864
f 3133 864 3151
f 3150 3151 869
f 3148 869 3151
f 866 3152 3129
f 3154 3129 3152
f 868 3138 3153
f 3154 3153 3138
f 3156 3157 871
f 3155 871 3157
f 3135 3157 866
f 3152 866 3157
f 3158 3160 665
f 2329 665 3160
f 3159 3160 871
f 3156 871 3160
f 676 3161 2370
f 3162 2370 3161
f 3158 665 3162
f 2322 3162 665
f 3153 3163 868
f 3143 868 3163
f 2366 3163 676
f 3161 676 3163
f 3164 3167 579
f 2024 579 3167
f 3166 3167 873
f 3165 873 3167
f 756 3168 2676
f 3169 2676 3168
f 3169 3164 2031
f 579 2031 3164
f 3159 871 3171
f 3170 3171 871
f 2673 3171 756
f 3168 756 3171
f 873 3165 3172
f 3173 3172 3165
f 871 3155 3170
f 3173 3170 3155
f 583 3174 2037
f 3176 2037 3174
f 778 2760 3175
f 3176 3175 2760
f 3178 3179 875
f 3177 875 3179
f 2045 3179 583
f 3174 583 3179
f 869 3180 3150
f 3182 3150 3180
f 875 3181 3178
f 3182 3178 3181
f 3175 3183 778
f 2765 778 3183
f 3147 3183 869
f 3180 869 3183
f 877 3185 3184
f 3187 3184 3185
f 865 3131 3186
f 3187 3186 3131
f 3189 3191 878
f 3188 878 3191
f 3190 3191 877
f 3185 877 3191
f 3193 3195 879
f 3192 879 3195
f 3189 878 3195
f 3194 3195 878
f 3136 865 3197
f 3186 3197 865
f 3197 3193 3196
f 879 3196 3193
f 3196 879 3200
f 3198 3200 879
f 3172 3200 873
f 3199 873 3200
f 881 3202 3201
f 3203 3201 3202
f 879 3192 3198
f 3203 3198 3192
f 3204 3206 590
f 2071 590 3206
f 3205 3206 881
f 3202 881 3206
f 873 3199 3166
f 3207 3166 3199
f 590 2066 3204
f 3207 3204 2066
f 595 3208 2079
f 3210 2079 3208
f 3210 3209 3177
f 875 3177 3209
f 3212 3213 883
f 3211 883 3213
f 2086 3213 595
f 3208 595 3213
f 3216 3190 3214
f 877 3214 3190
f 883 3215 3212
f 3216 3212 3215
f 3209 3217 875
f 3181 875 3217
f 3214 877 3217
f 3184 3217 877
f 3218 3220 878
f 3194 878 3220
f 3201 3220 881
f 3219 881 3220
f 3221 3222 883
f 3215 883 3222
f 3218 878 3222
f 3188 3222 878
f 597 3223 2099
f 3224 2099 3223
f 883 3211 3221
f 3224 3221 3211
f 881 3219 3205
f 3225 3205 3219
f 3225 3223 2094
f 597 2094 3223
f 889 8 890
f 886 890 8
f 274 888 887
f 890 887 888
f 895 894 891
f 22 891 894
f 893 274 895
f 887 895 274
f 901 899 897
f 13 897 899
f 274 893 898
f 901 898 893
f 25 902 903
f 905 903 902
f 898 905 274
f 888 274 905
f 909 886 906
f 8 906 886
f 280 908 907
f 909 907 908
f 28 910 913
f 914 913 910
f 907 914 280
f 912 280 914
f 920 919 915
f 18 915 919
f 280 912 917
f 920 917 912
f 922 22 923
f 894 923 22
f 917 923 280
f 908 280 923
f 2 925 928
f 929 928 925
f 927 929 286
f 926 286 929
f 17 930 932
f 934 932 930
f 286 926 931
f 934 931 926
f 935 938 15
f 937 15 938
f 931 938 286
f 936 286 938
f 35 939 940
f 941 940 939
f 286 936 927
f 941 927 936
f 9 942 945
f 946 945 942
f 290 944 943
f 946 943 944
f 940 949 35
f 948 35 949
f 943 949 290
f 947 290 949
f 15 950 935
f 952 935 950
f 290 947 951
f 952 951 947
f 953 955 34
f 954 34 955
f 951 955 290
f 944 290 955
f 3 956 960
f 961 960 956
f 296 958 957
f 961 957 958
f 962 965 38
f 964 38 965
f 957 965 296
f 963 296 965
f 966 969 29
f 968 29 969
f 296 963 967
f 969 967 963
f 31 970 972
f 973 972 970
f 973 958 967
f 296 967 958
f 928 978 2
f 976 2 978
f 975 978 301
f 974 301 978
f 35 979 939
f 981 939 979
f 301 974 980
f 981 980 974
f 982 985 23
f 984 23 985
f 980 985 301
f 983 301 985
f 25 987 988
f 989 988 987
f 301 983 975
f 989 975 983
f 993 992 889
f 8 889 992
f 304 991 990
f 993 990 991
f 25 988 902
f 995 902 988
f 990 995 304
f 994 304 995
f 23 996 982
f 998 982 996
f 304 994 997
f 998 997 994
f 999 1001 43
f 1000 43 1001
f 997 1001 304
f 991 304 1001
f 1006 1005 1002
f 7 1002 1005
f 1003 308 1006
f 1004 1006 308
f 43 1000 1008
f 1009 1008 1000
f 1009 1007 1003
f 308 1003 1007
f 996 23 1012
f 1010 1012 23
f 1007 1012 308
f 1011 308 1012
f 1014 41 1015
f 1013 1015 41
f 308 1011 1004
f 1015 1004 1011
f 1016 1019 9
f 942 9 1019
f 1018 1019 310
f 1017 310 1019
f 1022 1021 1014
f 41 1014 1021
f 1020 310 1022
f 1017 1022 310
f 23 984 1010
f 1024 1010 984
f 1024 1023 1020
f 310 1020 1023
f 35 948 979
f 1025 979 948
f 1023 1025 310
f 1018 310 1025
f 1026 1030 3
f 956 3 1030
f 1029 1030 315
f 1028 315 1030
f 28 1031 1033
f 1035 1033 1031
f 315 1028 1032
f 1035 1032 1028
f 1036 1039 26
f 1038 26 1039
f 1032 1039 315
f 1037 315 1039
f 38 964 1040
f 1041 1040 964
f 315 1037 1029
f 1041 1029 1037
f 1046 1045 1042
f 10 1042 1045
f 319 1044 1043
f 1046 1043 1044
f 1040 1049 38
f 1048 38 1049
f 1043 1049 319
f 1047 319 1049
f 26 1050 1036
f 1052 1036 1050
f 319 1047 1051
f 1052 1051 1047
f 1054 40 1055
f 1053 1055 40
f 1051 1055 319
f 1044 319 1055
f 1002 7 1059
f 1056 1059 7
f 1058 1059 322
f 1057 322 1059
f 40 1054 1061
f 1062 1061 1054
f 322 1057 1060
f 1062 1060 1057
f 1063 1065 26
f 1050 26 1065
f 1060 1065 322
f 1064 322 1065
f 1066 43 1067
f 1008 1067 43
f 322 1064 1058
f 1067 1058 1064
f 906 8 1070
f 992 1070 8
f 323 1069 1068
f 1070 1068 1069
f 43 1066 999
f 1072 999 1066
f 1068 1072 323
f 1071 323 1072
f 26 1038 1063
f 1074 1063 1038
f 323 1071 1073
f 1074 1073 1071
f 28 913 1031
f 1075 1031 913
f 1073 1075 323
f 1069 323 1075
f 1080 1079 1076
f 5 1076 1079
f 328 1078 1077
f 1080 1077 1078
f 33 1081 1083
f 1084 1083 1081
f 1082 328 1084
f 1077 1084 328
f 32 1085 1087
f 1088 1087 1085
f 1088 1086 1082
f 328 1082 1086
f 42 1089 1090
f 1091 1090 1089
f 1086 1091 328
f 1078 328 1091
f 1092 1096 11
f 1095 11 1096
f 332 1094 1093
f 1096 1093 1094
f 1090 1099 42
f 1098 42 1099
f 1093 1099 332
f 1097 332 1099
f 32 1100 1085
f 1102 1085 1100
f 332 1097 1101
f 1102 1101 1097
f 1105 1104 1103
f 44 1103 1104
f 1101 1105 332
f 1094 332 1105
f 1106 1110 6
f 1109 6 1110
f 1108 1110 337
f 1107 337 1110
f 39 1111 1113
f 1114 1113 1111
f 337 1107 1112
f 1114 1112 1107
f 1115 1118 36
f 1117 36 1118
f 1112 1118 337
f 1116 337 1118
f 37 1119 1120
f 1121 1120 1119
f 1121 1108 1116
f 337 1116 1108
f 11 1095 1124
f 1125 1124 1095
f 340 1123 1122
f 1125 1122 1123
f 1126 1128 44
f 1103 44 1128
f 1122 1128 340
f 1127 340 1128
f 36 1117 1130
f 1131 1130 1117
f 340 1127 1129
f 1131 1129 1127
f 1132 1133 39
f 1111 39 1133
f 1129 1133 340
f 1123 340 1133
f 1005 1137 7
f 1136 7 1137
f 1135 1137 343
f 1134 343 1137
f 41 1138 1013
f 1140 1013 1138
f 343 1134 1139
f 1140 1139 1134
f 1142 42 1143
f 1098 1143 42
f 1139 1143 343
f 1141 343 1143
f 11 1144 1092
f 1145 1092 1144
f 343 1141 1135
f 1145 1135 1141
f 40 1146 1053
f 1149 1053 1146
f 1149 1147 1148
f 346 1148 1147
f 1113 1152 39
f 1151 39 1152
f 1147 1152 346
f 1150 346 1152
f 1153 1155 6
f 1106 6 1155
f 346 1150 1154
f 1155 1154 1150
f 1045 1157 10
f 1156 10 1157
f 1148 346 1157
f 1154 1157 346
f 34 1158 953
f 1161 953 1158
f 1161 1159 1160
f 349 1160 1159
f 33 1083 1163
f 1164 1163 1083
f 1159 1164 349
f 1162 349 1164
f 1165 1167 5
f 1076 5 1167
f 349 1162 1166
f 1167 1166 1162
f 945 1169 9
f 1168 9 1169
f 1160 349 1169
f 1166 1169 349
f 39 1151 1132
f 1172 1132 1151
f 350 1171 1170
f 1172 1170 1171
f 1061 1174 40
f 1146 40 1174
f 1170 1174 350
f 1173 350 1174
f 7 1136 1056
f 1176 1056 1136
f 350 1173 1175
f 1176 1175 1173
f 1124 1177 11
f 1144 11 1177
f 1175 1177 350
f 1171 350 1177
f 1021 1180 41
f 1138 41 1180
f 1179 1180 351
f 1178 351 1180
f 9 1168 1016
f 1182 1016 1168
f 351 1178 1181
f 1182 1181 1178
f 1079 1184 5
f 1165 5 1184
f 1181 1184 351
f 1183 351 1184
f 42 1142 1089
f 1185 1089 1142
f 351 1183 1179
f 1185 1179 1183
f 34 1186 1158
f 1189 1158 1186
f 1187 356 1189
f 1188 1189 356
f 49 1190 1193
f 1194 1193 1190
f 1194 1192 1187
f 356 1187 1192
f 1198 45 1199
f 1195 1199 45
f 1192 1199 356
f 1196 356 1199
f 1201 1200 1163
f 33 1163 1200
f 356 1196 1188
f 1201 1188 1196
f 1202 1205 48
f 1191 48 1205
f 1204 1205 361
f 1203 361 1205
f 52 1206 1208
f 1209 1208 1206
f 361 1203 1207
f 1209 1207 1203
f 1213 50 1214
f 1211 1214 50
f 1207 1214 361
f 1212 361 1214
f 1217 1215 1197
f 47 1197 1215
f 361 1212 1204
f 1217 1204 1212
f 48 1218 1202
f 1221 1202 1218
f 365 1220 1219
f 1221 1219 1220
f 1222 1225 55
f 1224 55 1225
f 1219 1225 365
f 1223 365 1225
f 56 1226 1228
f 1229 1228 1226
f 365 1223 1227
f 1229 1227 1223
f 1208 1231 52
f 1230 52 1231
f 1227 1231 365
f 1220 365 1231
f 52 1230 1234
f 1235 1234 1230
f 369 1233 1232
f 1235 1232 1233
f 1236 1238 56
f 1226 56 1238
f 1232 1238 369
f 1237 369 1238
f 1242 1241 1239
f 57 1239 1241
f 369 1237 1240
f 1242 1240 1237
f 53 1243 1244
f 1245 1244 1243
f 1245 1233 1240
f 369 1240 1233
f 1250 1249 1246
f 58 1246 1249
f 374 1248 1247
f 1250 1247 1248
f 1251 1254 63
f 1253 63 1254
f 374 1247 1252
f 1254 1252 1247
f 1255 1258 60
f 1257 60 1258
f 374 1252 1256
f 1258 1256 1252
f 1259 1261 61
f 1260 61 1261
f 374 1256 1248
f 1261 1248 1256
f 1262 1266 59
f 1265 59 1266
f 379 1264 1263
f 1266 1263 1264
f 1270 1269 1267
f 65 1267 1269
f 379 1263 1268
f 1270 1268 1263
f 1271 1274 62
f 1273 62 1274
f 1268 1274 379
f 1272 379 1274
f 1275 1277 64
f 1276 64 1277
f 379 1272 1264
f 1277 1264 1272
f 27 1034 1280
f 1281 1280 1034
f 1278 382 1281
f 1279 1281 382
f 1284 1027 1282
f 4 1282 1027
f 382 1278 1283
f 1284 1283 1278
f 1265 1287 59
f 1286 59 1287
f 1283 1287 382
f 1285 382 1287
f 1288 1289 64
f 1275 64 1289
f 382 1285 1279
f 1289 1279 1285
f 30 1291 1294
f 1295 1294 1291
f 387 1293 1292
f 1295 1292 1293
f 20 1296 1299
f 1300 1299 1296
f 1292 1300 387
f 1297 387 1300
f 1273 1303 62
f 1302 62 1303
f 387 1297 1301
f 1303 1301 1297
f 1304 1305 65
f 1267 65 1305
f 1301 1305 387
f 1293 387 1305
f 27 1280 911
f 1308 911 1280
f 388 1307 1306
f 1308 1306 1307
f 1276 1310 64
f 1288 64 1310
f 1306 1310 388
f 1309 388 1310
f 1302 1312 62
f 1271 62 1312
f 388 1309 1311
f 1312 1311 1309
f 20 918 1296
f 1313 1296 918
f 1311 1313 388
f 1307 388 1313
f 30 1294 971
f 1316 971 1294
f 1315 1316 389
f 1314 389 1316
f 1269 1318 65
f 1304 65 1318
f 389 1314 1317
f 1318 1317 1314
f 1286 1320 59
f 1262 59 1320
f 1317 1320 389
f 1319 389 1320
f 1321 1282 959
f 4 959 1282
f 1321 1315 1319
f 389 1319 1315
f 24 1322 986
f 1325 986 1322
f 1324 1325 392
f 1323 392 1325
f 1253 1328 63
f 1327 63 1328
f 392 1323 1326
f 1328 1326 1323
f 1329 1331 58
f 1246 58 1331
f 1326 1331 392
f 1330 392 1331
f 1333 1332 977
f 1 977 1332
f 392 1330 1324
f 1333 1324 1330
f 933 1337 16
f 1336 16 1337
f 1334 394 1337
f 1335 1337 394
f 1332 1339 1
f 924 1 1339
f 1339 1338 1334
f 394 1334 1338
f 1249 1341 58
f 1329 58 1341
f 1338 1341 394
f 1340 394 1341
f 1342 1343 61
f 1259 61 1343
f 394 1340 1335
f 1343 1335 1340
f 1344 1347 14
f 896 14 1347
f 1346 1347 396
f 1345 396 1347
f 1257 1350 60
f 1349 60 1350
f 396 1345 1348
f 1350 1348 1345
f 1327 1352 63
f 1251 63 1352
f 1348 1352 396
f 1351 396 1352
f 24 904 1322
f 1353 1322 904
f 396 1351 1346
f 1353 1346 1351
f 16 1336 1356
f 1358 1356 1336
f 399 1355 1354
f 1358 1354 1355
f 1260 1360 61
f 1342 61 1360
f 1354 1360 399
f 1359 399 1360
f 1349 1362 60
f 1255 60 1362
f 399 1359 1361
f 1362 1361 1359
f 14 1364 1344
f 1365 1344 1364
f 1361 1365 399
f 1355 399 1365
f 53 1366 1243
f 1369 1243 1366
f 405 1368 1367
f 1369 1367 1368
f 66 1371 1373
f 1374 1373 1371
f 405 1367 1372
f 1374 1372 1367
f 1379 72 1380
f 1375 1380 72
f 405 1372 1377
f 1380 1377 1372
f 1384 1382 1213
f 50 1213 1382
f 405 1377 1381
f 1384 1381 1377
f 1234 1385 52
f 1206 52 1385
f 1381 1385 405
f 1368 405 1385
f 68 1386 1390
f 1391 1390 1386
f 1391 1388 1389
f 411 1389 1388
f 1392 1396 70
f 1394 70 1396
f 1388 1396 411
f 1393 411 1396
f 1397 1400 76
f 1399 76 1400
f 1398 411 1400
f 1393 1400 411
f 1403 1402 1401
f 75 1401 1402
f 411 1398 1389
f 1403 1389 1398
f 1406 1392 1378
f 70 1378 1392
f 414 1405 1404
f 1406 1404 1405
f 67 1407 1370
f 1409 1370 1407
f 1408 414 1409
f 1404 1409 414
f 1413 1412 1410
f 73 1410 1412
f 414 1408 1411
f 1413 1411 1408
f 1399 1415 76
f 1414 76 1415
f 1411 1415 414
f 1405 414 1415
f 1419 1410 1416
f 73 1416 1410
f 417 1418 1417
f 1419 1417 1418
f 1420 1423 74
f 1422 74 1423
f 1417 1423 417
f 1421 417 1423
f 1402 1426 75
f 1425 75 1426
f 417 1421 1424
f 1426 1424 1421
f 1414 1427 76
f 1397 76 1427
f 1424 1427 417
f 1418 417 1427
f 1428 1433 97
f 1432 97 1433
f 1431 1433 422
f 1430 422 1433
f 108 1434 1436
f 1438 1436 1434
f 422 1430 1435
f 1438 1435 1430
f 1087 1441 32
f 1440 32 1441
f 1435 1441 422
f 1439 422 1441
f 33 1442 1081
f 1443 1081 1442
f 422 1439 1431
f 1443 1431 1439
f 1448 110 1449
f 1445 1449 110
f 1447 1449 427
f 1446 427 1449
f 1454 1453 1450
f 116 1450 1453
f 427 1446 1451
f 1454 1451 1446
f 1130 1457 36
f 1456 36 1457
f 1455 427 1457
f 1451 1457 427
f 44 1458 1126
f 1459 1126 1458
f 427 1455 1447
f 1459 1447 1455
f 1450 116 1464
f 1461 1464 116
f 1463 1464 431
f 1462 431 1464
f 1469 1468 1465
f 118 1465 1468
f 431 1462 1466
f 1469 1466 1462
f 1471 37 1472
f 1120 1472 37
f 1466 1472 431
f 1470 431 1472
f 36 1456 1115
f 1473 1115 1456
f 1473 1463 1470
f 431 1470 1463
f 1475 1480 91
f 1478 91 1480
f 1477 1480 437
f 1476 437 1480
f 1485 1483 1481
f 94 1481 1483
f 437 1476 1482
f 1485 1482 1476
f 1487 17 1488
f 1357 1488 17
f 1482 1488 437
f 1486 437 1488
f 1491 1363 1490
f 13 1490 1363
f 437 1486 1477
f 1491 1477 1486
f 113 1493 1496
f 1497 1496 1493
f 1497 1494 1495
f 443 1495 1494
f 1498 1503 104
f 1501 104 1503
f 1500 443 1503
f 1494 1503 443
f 1507 1505 1298
f 18 1298 1505
f 443 1500 1504
f 1507 1504 1500
f 1508 1509 31
f 1290 31 1509
f 1495 443 1509
f 1504 1509 443
f 1511 1514 108
f 1434 108 1514
f 1513 1514 446
f 1512 446 1514
f 1518 1516 1448
f 110 1448 1516
f 446 1512 1515
f 1518 1515 1512
f 1104 1520 44
f 1458 44 1520
f 1519 446 1520
f 1515 1520 446
f 32 1440 1100
f 1521 1100 1440
f 446 1519 1513
f 1521 1513 1519
f 1526 100 1528
f 1523 1528 100
f 1524 451 1528
f 1525 1528 451
f 97 1432 1530
f 1532 1530 1432
f 451 1524 1529
f 1532 1529 1524
f 1200 1534 33
f 1442 33 1534
f 1529 1534 451
f 1533 451 1534
f 45 1536 1195
f 1537 1195 1536
f 451 1533 1525
f 1537 1525 1533
f 1541 101 1542
f 1538 1542 101
f 1540 1542 454
f 1539 454 1542
f 1545 1544 1527
f 98 1527 1544
f 454 1539 1543
f 1545 1543 1539
f 1216 1547 46
f 1535 46 1547
f 1546 454 1547
f 1543 1547 454
f 51 1548 1210
f 1549 1210 1548
f 1549 1540 1546
f 454 1546 1540
f 79 1550 1553
f 1554 1553 1550
f 1552 1554 459
f 1551 459 1554
f 88 1555 1557
f 1558 1557 1555
f 459 1551 1556
f 1558 1556 1551
f 1559 1562 54
f 1561 54 1562
f 1556 1562 459
f 1560 459 1562
f 53 1563 1564
f 1565 1564 1563
f 459 1560 1552
f 1565 1552 1560
f 1569 80 1570
f 1566 1570 80
f 462 1568 1567
f 1570 1567 1568
f 1573 1572 1553
f 79 1553 1572
f 1571 462 1573
f 1567 1573 462
f 53 1244 1563
f 1575 1563 1244
f 1575 1574 1571
f 462 1571 1574
f 1576 1577 57
f 1239 57 1577
f 1574 1577 462
f 1568 462 1577
f 1582 114 1583
f 1579 1583 114
f 1581 1583 466
f 1580 466 1583
f 1585 113 1587
f 1496 1587 113
f 466 1580 1584
f 1587 1584 1580
f 31 972 1508
f 1589 1508 972
f 1588 466 1589
f 1584 1589 466
f 29 1590 966
f 1591 966 1590
f 1591 1581 1588
f 466 1588 1581
f 94 1592 1481
f 1596 1481 1592
f 470 1595 1594
f 1596 1594 1595
f 1597 1601 78
f 1600 78 1601
f 1598 470 1601
f 1594 1601 470
f 15 937 1603
f 1604 1603 937
f 470 1598 1602
f 1604 1602 1598
f 930 17 1605
f 1487 1605 17
f 1602 1605 470
f 1595 470 1605
f 1610 1597 1607
f 78 1607 1597
f 474 1609 1608
f 1610 1608 1609
f 1611 1615 82
f 1614 82 1615
f 1612 474 1615
f 1608 1615 474
f 34 954 1617
f 1618 1617 954
f 474 1612 1616
f 1618 1616 1612
f 1603 1619 15
f 950 15 1619
f 1616 1619 474
f 1609 474 1619
f 1621 1624 82
f 1611 82 1624
f 479 1623 1622
f 1624 1622 1623
f 1630 1628 1626
f 84 1626 1628
f 479 1622 1627
f 1630 1627 1622
f 49 1193 1633
f 1634 1633 1193
f 1631 479 1634
f 1627 1634 479
f 1617 1635 34
f 1186 34 1635
f 1631 1635 479
f 1623 479 1635
f 1636 1639 83
f 1625 83 1639
f 1638 1639 482
f 1637 482 1639
f 1640 1643 86
f 1642 86 1643
f 482 1637 1641
f 1643 1641 1637
f 1646 1645 1224
f 55 1224 1645
f 1644 482 1646
f 1641 1646 482
f 48 1632 1218
f 1647 1218 1632
f 1647 1638 1644
f 482 1644 1638
f 1651 1640 1648
f 86 1648 1640
f 485 1650 1649
f 1651 1649 1650
f 1652 1655 87
f 1654 87 1655
f 1649 1655 485
f 1653 485 1655
f 56 1228 1657
f 1658 1657 1228
f 485 1653 1656
f 1658 1656 1653
f 1645 1659 55
f 1222 55 1659
f 1656 1659 485
f 1650 485 1659
f 1663 1652 1660
f 87 1660 1652
f 1662 1663 487
f 1661 487 1663
f 1666 1665 1569
f 80 1569 1665
f 487 1661 1664
f 1666 1664 1661
f 1241 1668 57
f 1576 57 1668
f 1664 1668 487
f 1667 487 1668
f 56 1657 1236
f 1669 1236 1657
f 1669 1662 1667
f 487 1667 1662
f 1673 1672 1541
f 101 1541 1672
f 490 1671 1670
f 1673 1670 1671
f 1548 51 1675
f 1383 1675 51
f 490 1670 1674
f 1675 1674 1670
f 71 1395 1376
f 1677 1376 1395
f 490 1674 1676
f 1677 1676 1674
f 1678 1680 69
f 1387 69 1680
f 490 1676 1679
f 1680 1679 1676
f 1681 1683 102
f 1682 102 1683
f 490 1679 1671
f 1683 1671 1679
f 53 1564 1366
f 1686 1366 1564
f 1686 1684 1685
f 492 1685 1684
f 54 1687 1559
f 1689 1559 1687
f 1689 1688 1684
f 492 1684 1688
f 1373 1691 66
f 1690 66 1691
f 1688 1691 492
f 1685 492 1691
f 1696 1695 1692
f 123 1692 1695
f 1694 1696 497
f 1693 497 1696
f 1700 1699 1697
f 121 1697 1699
f 497 1693 1698
f 1700 1698 1693
f 1701 1704 122
f 1703 122 1704
f 1698 1704 497
f 1702 497 1704
f 1707 1706 1705
f 120 1705 1706
f 497 1702 1694
f 1707 1694 1702
f 1709 1713 134
f 1712 134 1713
f 1711 1713 503
f 1710 503 1713
f 1718 1717 1714
f 129 1714 1717
f 503 1710 1715
f 1718 1715 1710
f 1722 1721 1719
f 127 1719 1721
f 1720 503 1722
f 1715 1722 503
f 137 1723 1724
f 1725 1724 1723
f 1725 1711 1720
f 503 1720 1711
f 137 1726 1729
f 1730 1729 1726
f 1730 1727 1728
f 509 1728 1727
f 1734 1733 1731
f 124 1731 1733
f 1727 1734 509
f 1732 509 1734
f 1739 1738 1735
f 126 1735 1738
f 509 1732 1737
f 1739 1737 1732
f 1740 1743 138
f 1742 138 1743
f 1728 509 1743
f 1737 1743 509
f 129 1745 1714
f 1748 1714 1745
f 1746 514 1748
f 1747 1748 514
f 1752 131 1753
f 1749 1753 131
f 1746 1753 514
f 1750 514 1753
f 1756 133 1757
f 1754 1757 133
f 1750 1757 514
f 1755 514 1757
f 1759 1758 1721
f 127 1721 1758
f 514 1755 1747
f 1759 1747 1755
f 1761 1764 131
f 1749 131 1764
f 1762 518 1764
f 1763 1764 518
f 1738 1768 126
f 1767 126 1768
f 1765 518 1768
f 1762 1768 518
f 1731 124 1771
f 1769 1771 124
f 518 1765 1770
f 1771 1770 1765
f 1773 1772 1756
f 133 1756 1772
f 1763 518 1773
f 1770 1773 518
f 134 1712 1777
f 1778 1777 1712
f 523 1775 1774
f 1778 1774 1775
f 137 1729 1723
f 1780 1723 1729
f 1774 1780 523
f 1779 523 1780
f 1782 1784 138
f 1740 138 1784
f 1783 523 1784
f 1779 1784 523
f 142 1786 1787
f 1789 1787 1786
f 523 1783 1775
f 1789 1775 1783
f 1794 1793 1776
f 135 1776 1793
f 527 1791 1790
f 1794 1790 1791
f 1795 1797 141
f 1785 141 1797
f 527 1790 1796
f 1797 1796 1790
f 74 1422 1799
f 1800 1799 1422
f 527 1796 1798
f 1800 1798 1796
f 1412 1802 73
f 1416 73 1802
f 1798 1802 527
f 1801 527 1802
f 67 1803 1407
f 1805 1407 1803
f 527 1801 1791
f 1805 1791 1801
f 139 1807 1781
f 1810 1781 1807
f 1810 1808 1809
f 530 1809 1808
f 1812 68 1814
f 1390 1814 68
f 1811 530 1814
f 1808 1814 530
f 1425 1816 75
f 1401 75 1816
f 530 1811 1815
f 1816 1815 1811
f 1799 1818 74
f 1420 74 1818
f 530 1815 1817
f 1818 1817 1815
f 1795 141 1819
f 1788 1819 141
f 1817 1819 530
f 1809 530 1819
f 1820 1823 125
f 1736 125 1823
f 533 1822 1821
f 1823 1821 1822
f 1824 1827 103
f 1826 103 1827
f 533 1821 1825
f 1827 1825 1821
f 102 1682 1829
f 1830 1829 1682
f 533 1825 1828
f 1830 1828 1825
f 1832 1678 1813
f 69 1813 1678
f 533 1828 1831
f 1832 1831 1828
f 140 1741 1806
f 1833 1806 1741
f 1833 1822 1831
f 533 1831 1822
f 1839 1838 1834
f 90 1834 1838
f 538 1837 1836
f 1839 1836 1837
f 1843 1841 1751
f 130 1751 1841
f 538 1836 1840
f 1843 1840 1836
f 1844 1846 128
f 1744 128 1846
f 538 1840 1845
f 1846 1845 1840
f 54 1561 1848
f 1849 1848 1561
f 538 1845 1847
f 1849 1847 1845
f 1850 1851 88
f 1555 88 1851
f 1847 1851 538
f 1837 538 1851
f 103 1826 1854
f 1855 1854 1826
f 1855 1852 1853
f 540 1853 1852
f 125 1766 1820
f 1857 1820 1766
f 540 1852 1856
f 1857 1856 1852
f 1859 1760 1842
f 132 1842 1760
f 540 1856 1858
f 1859 1858 1856
f 89 1860 1835
f 1861 1835 1860
f 1853 540 1861
f 1858 1861 540
f 1848 1864 54
f 1687 54 1864
f 1863 1864 541
f 1862 541 1864
f 1866 1844 1716
f 128 1716 1844
f 541 1862 1865
f 1866 1865 1862
f 136 1792 1708
f 1868 1708 1792
f 541 1865 1867
f 1868 1867 1865
f 66 1690 1804
f 1869 1804 1690
f 541 1867 1863
f 1869 1863 1867
f 1719 127 1873
f 1870 1873 127
f 1872 1873 544
f 1871 544 1873
f 1699 1876 121
f 1875 121 1876
f 1871 1876 544
f 1874 544 1876
f 1877 1879 123
f 1692 123 1879
f 1878 544 1879
f 1874 1879 544
f 137 1724 1880
f 1881 1880 1724
f 544 1878 1872
f 1881 1872 1878
f 133 1882 1754
f 1885 1754 1882
f 1885 1883 1884
f 546 1884 1883
f 1703 1888 122
f 1887 122 1888
f 1883 1888 546
f 1886 546 1888
f 1875 1890 121
f 1697 121 1890
f 1886 1890 546
f 1889 546 1890
f 1758 1891 127
f 1870 127 1891
f 1891 1884 1889
f 546 1889 1884
f 124 1892 1769
f 1895 1769 1892
f 1894 1895 548
f 1893 548 1895
f 1897 120 1898
f 1706 1898 120
f 1893 1898 548
f 1896 548 1898
f 1887 1900 122
f 1701 122 1900
f 1899 548 1900
f 1896 1900 548
f 133 1772 1882
f 1901 1882 1772
f 1901 1894 1899
f 548 1899 1894
f 137 1880 1726
f 1904 1726 1880
f 549 1903 1902
f 1904 1902 1903
f 1695 1906 123
f 1877 123 1906
f 1902 1906 549
f 1905 549 1906
f 1897 1908 120
f 1705 120 1908
f 1907 549 1908
f 1905 1908 549
f 1733 1909 124
f 1892 124 1909
f 1903 549 1909
f 1907 1909 549
f 21 921 1912
f 1913 1912 921
f 1913 1910 1911
f 553 1911 1910
f 1916 916 1914
f 19 1914 916
f 553 1910 1915
f 1916 1915 1910
f 1917 1920 144
f 1919 144 1920
f 1918 553 1920
f 1915 1920 553
f 1921 1923 145
f 1922 145 1923
f 1911 553 1923
f 1918 1923 553
f 1914 19 1926
f 1506 1926 19
f 1925 1926 556
f 1924 556 1926
f 1929 1499 1927
f 105 1927 1499
f 556 1924 1928
f 1929 1928 1924
f 1930 1933 147
f 1932 147 1933
f 1928 1933 556
f 1931 556 1933
f 144 1919 1934
f 1935 1934 1919
f 556 1931 1925
f 1935 1925 1931
f 92 1479 1938
f 1939 1938 1479
f 560 1937 1936
f 1939 1936 1937
f 1940 1942 12
f 1489 12 1942
f 1936 1942 560
f 1941 560 1942
f 143 1943 1945
f 1946 1945 1943
f 560 1941 1944
f 1946 1944 1941
f 1947 1949 146
f 1948 146 1949
f 1944 1949 560
f 1937 560 1949
f 12 900 1940
f 1952 1940 900
f 1950 562 1952
f 1951 1952 562
f 892 21 1954
f 1912 1954 21
f 1954 1953 1950
f 562 1950 1953
f 1921 145 1957
f 1955 1957 145
f 1953 1957 562
f 1956 562 1957
f 1958 143 1959
f 1945 1959 143
f 562 1956 1951
f 1959 1951 1956
f 1963 1930 1960
f 147 1960 1930
f 565 1962 1961
f 1963 1961 1962
f 107 1964 1966
f 1967 1966 1964
f 1961 1967 565
f 1965 565 1967
f 145 1922 1969
f 1970 1969 1922
f 565 1965 1968
f 1970 1968 1965
f 1917 144 1971
f 1934 1971 144
f 1968 1971 565
f 1962 565 1971
f 107 1972 1964
f 1975 1964 1972
f 1974 1975 567
f 1973 567 1975
f 1978 1977 1948
f 146 1948 1977
f 567 1973 1976
f 1978 1976 1973
f 1958 1980 143
f 1943 143 1980
f 1976 1980 567
f 1979 567 1980
f 145 1969 1955
f 1981 1955 1969
f 567 1979 1974
f 1981 1974 1979
f 1986 1985 1982
f 148 1982 1985
f 1986 1983 1984
f 571 1984 1983
f 1987 1990 149
f 1989 149 1990
f 1983 1990 571
f 1988 571 1990
f 1991 1993 150
f 1992 150 1993
f 1988 1993 571
f 1984 571 1993
f 1997 1996 1985
f 148 1985 1996
f 574 1995 1994
f 1997 1994 1995
f 150 1998 1991
f 2000 1991 1998
f 574 1994 1999
f 2000 1999 1994
f 968 2003 29
f 2002 29 2003
f 1999 2003 574
f 2001 574 2003
f 38 1048 962
f 2005 962 1048
f 574 2001 2004
f 2005 2004 2001
f 1042 10 2007
f 2006 2007 10
f 574 2004 1995
f 2007 1995 2004
f 1996 2010 148
f 1982 148 2010
f 576 2009 2008
f 2010 2008 2009
f 10 1156 2006
f 2012 2006 1156
f 576 2008 2011
f 2012 2011 2008
f 2014 1153 1109
f 6 1109 1153
f 576 2011 2013
f 2014 2013 2011
f 37 2015 1119
f 2017 1119 2015
f 576 2013 2016
f 2017 2016 2013
f 149 1989 2018
f 2019 2018 1989
f 576 2016 2009
f 2019 2009 2016
f 2025 2023 2020
f 151 2020 2023
f 580 2022 2021
f 2025 2021 2022
f 2018 2028 149
f 2027 149 2028
f 2021 2028 580
f 2026 580 2028
f 2015 37 2030
f 1471 2030 37
f 2030 2029 2026
f 580 2026 2029
f 1465 118 2033
f 2032 2033 118
f 2029 2033 580
f 2022 580 2033
f 2036 114 2038
f 1582 2038 114
f 2035 2038 584
f 2034 584 2038
f 29 2002 1590
f 2040 1590 2002
f 584 2034 2039
f 2040 2039 2034
f 2041 2043 150
f 1998 150 2043
f 2039 2043 584
f 2042 584 2043
f 2047 2046 2044
f 154 2044 2046
f 584 2042 2035
f 2047 2035 2042
f 1992 2051 150
f 2050 150 2051
f 2048 588 2051
f 2049 2051 588
f 149 2052 1987
f 2054 1987 2052
f 2054 2053 2048
f 588 2048 2053
f 2058 2057 2055
f 155 2055 2057
f 588 2053 2056
f 2058 2056 2053
f 2061 2060 2059
f 156 2059 2060
f 2061 2049 2056
f 588 2056 2049
f 149 2027 2052
f 2064 2052 2027
f 592 2063 2062
f 2064 2062 2063
f 2065 2068 151
f 2020 151 2068
f 2062 2068 592
f 2067 592 2068
f 157 2069 2072
f 2073 2072 2069
f 592 2067 2070
f 2073 2070 2067
f 2057 2075 155
f 2074 155 2075
f 2070 2075 592
f 2063 592 2075
f 2078 154 2080
f 2046 2080 154
f 2077 2080 596
f 2076 596 2080
f 2082 2041 2050
f 150 2050 2041
f 596 2076 2081
f 2082 2081 2076
f 2083 2085 156
f 2059 156 2085
f 2084 596 2085
f 2081 2085 596
f 160 2087 2088
f 2089 2088 2087
f 2089 2077 2084
f 596 2084 2077
f 2092 2055 2074
f 155 2074 2055
f 599 2091 2090
f 2092 2090 2091
f 2093 2096 157
f 2069 157 2096
f 2090 2096 599
f 2095 599 2096
f 2088 2100 160
f 2098 160 2100
f 2095 2100 599
f 2097 599 2100
f 2101 2083 2060
f 156 2060 2083
f 599 2097 2091
f 2101 2091 2097
f 2102 2106 168
f 2105 168 2106
f 606 2104 2103
f 2106 2103 2104
f 184 2108 2110
f 2111 2110 2108
f 2109 606 2111
f 2103 2111 606
f 2117 2115 2112
f 172 2112 2115
f 606 2109 2114
f 2117 2114 2109
f 2121 2119 2118
f 182 2118 2119
f 2114 2121 606
f 2104 606 2121
f 2125 2124 2105
f 168 2105 2124
f 612 2123 2122
f 2125 2122 2123
f 2126 2129 182
f 2118 182 2129
f 2128 612 2129
f 2122 2129 612
f 2135 2133 2130
f 179 2130 2133
f 612 2128 2132
f 2135 2132 2128
f 187 2136 2138
f 2139 2138 2136
f 2132 2139 612
f 2123 612 2139
f 161 2140 2143
f 2145 2143 2140
f 2142 2145 618
f 2141 618 2145
f 195 2146 2148
f 2149 2148 2146
f 618 2141 2147
f 2149 2147 2141
f 2150 2153 175
f 2152 175 2153
f 2147 2153 618
f 2151 618 2153
f 176 2155 2156
f 2157 2156 2155
f 618 2151 2142
f 2157 2142 2151
f 169 2158 2161
f 2162 2161 2158
f 622 2160 2159
f 2162 2159 2160
f 2163 2166 194
f 2165 194 2166
f 2159 2166 622
f 2164 622 2166
f 175 2152 2168
f 2169 2168 2152
f 622 2164 2167
f 2169 2167 2164
f 2170 2171 195
f 2146 195 2171
f 2167 2171 622
f 2160 622 2171
f 164 2173 2176
f 2177 2176 2173
f 628 2175 2174
f 2177 2174 2175
f 190 2178 2180
f 2182 2180 2178
f 2182 2179 2174
f 628 2174 2179
f 2186 2185 2183
f 189 2183 2185
f 628 2179 2184
f 2186 2184 2179
f 2187 2189 198
f 2188 198 2189
f 2184 2189 628
f 2175 628 2189
f 2191 2194 161
f 2140 161 2194
f 2193 2194 633
f 2192 633 2194
f 184 2195 2198
f 2199 2198 2195
f 633 2192 2196
f 2199 2196 2192
f 2200 2203 183
f 2202 183 2203
f 2196 2203 633
f 2201 633 2203
f 195 2148 2204
f 2205 2204 2148
f 633 2201 2193
f 2205 2193 2201
f 2209 2102 2206
f 168 2206 2102
f 636 2208 2207
f 2209 2207 2208
f 2210 2213 203
f 2212 203 2213
f 2207 2213 636
f 2211 636 2213
f 183 2202 2215
f 2216 2215 2202
f 636 2211 2214
f 2216 2214 2211
f 184 2110 2195
f 2217 2195 2110
f 2214 2217 636
f 2208 636 2217
f 2222 2221 2218
f 167 2218 2221
f 2220 2222 640
f 2219 640 2222
f 2223 2226 201
f 2225 201 2226
f 640 2219 2224
f 2226 2224 2219
f 2215 2229 183
f 2228 183 2229
f 2227 640 2229
f 2224 2229 640
f 203 2230 2210
f 2231 2210 2230
f 2231 2220 2227
f 640 2227 2220
f 2161 2235 169
f 2234 169 2235
f 2232 642 2235
f 2233 2235 642
f 195 2204 2170
f 2237 2170 2204
f 2236 642 2237
f 2232 2237 642
f 183 2228 2200
f 2239 2200 2228
f 2239 2238 2236
f 642 2236 2238
f 2241 2223 2240
f 201 2240 2223
f 2238 2241 642
f 2233 642 2241
f 2176 2246 164
f 2245 164 2246
f 2243 2246 647
f 2242 647 2246
f 198 2247 2187
f 2249 2187 2247
f 647 2242 2248
f 2249 2248 2242
f 2250 2253 186
f 2252 186 2253
f 2248 2253 647
f 2251 647 2253
f 187 2254 2256
f 2257 2256 2254
f 647 2251 2243
f 2257 2243 2251
f 2262 2261 2258
f 170 2258 2261
f 651 2260 2259
f 2262 2259 2260
f 2263 2266 200
f 2265 200 2266
f 2264 651 2266
f 2259 2266 651
f 186 2252 2268
f 2269 2268 2252
f 651 2264 2267
f 2269 2267 2264
f 2270 2271 198
f 2247 198 2271
f 2267 2271 651
f 2260 651 2271
f 2221 2275 167
f 2274 167 2275
f 2272 654 2275
f 2273 2275 654
f 2276 2278 203
f 2230 203 2278
f 654 2272 2277
f 2278 2277 2272
f 2268 2281 186
f 2280 186 2281
f 2277 2281 654
f 2279 654 2281
f 200 2282 2263
f 2283 2263 2282
f 654 2279 2273
f 2283 2273 2279
f 2124 2286 168
f 2206 168 2286
f 655 2285 2284
f 2286 2284 2285
f 187 2256 2136
f 2288 2136 2256
f 2287 655 2288
f 2284 2288 655
f 186 2280 2250
f 2290 2250 2280
f 655 2287 2289
f 2290 2289 2287
f 203 2212 2276
f 2291 2276 2212
f 2289 2291 655
f 2285 655 2291
f 2296 2295 2292
f 165 2292 2295
f 660 2294 2293
f 2296 2293 2294
f 202 2297 2299
f 2300 2299 2297
f 2298 660 2300
f 2293 2300 660
f 192 2301 2303
f 2304 2303 2301
f 2304 2302 2298
f 660 2298 2302
f 193 2305 2306
f 2307 2306 2305
f 2302 2307 660
f 2294 660 2307
f 2311 171 2312
f 2308 2312 171
f 664 2310 2309
f 2312 2309 2310
f 2316 2315 2313
f 204 2313 2315
f 2309 2316 664
f 2314 664 2316
f 192 2303 2318
f 2319 2318 2303
f 664 2314 2317
f 2319 2317 2314
f 2320 2321 202
f 2297 202 2321
f 2317 2321 664
f 2310 664 2321
f 2322 2326 166
f 2325 166 2326
f 2324 2326 669
f 2323 669 2326
f 197 2327 2329
f 2330 2329 2327
f 2330 2328 2323
f 669 2323 2328
f 2331 2334 196
f 2333 196 2334
f 2328 2334 669
f 2332 669 2334
f 199 2335 2336
f 2337 2336 2335
f 669 2332 2324
f 2337 2324 2332
f 171 2338 2308
f 2341 2308 2338
f 672 2340 2339
f 2341 2339 2340
f 2336 2344 199
f 2343 199 2344
f 2339 2344 672
f 2342 672 2344
f 196 2345 2331
f 2347 2331 2345
f 672 2342 2346
f 2347 2346 2342
f 2315 2349 204
f 2348 204 2349
f 2346 2349 672
f 2340 672 2349
f 2350 2353 167
f 2218 167 2353
f 2352 2353 675
f 2351 675 2353
f 171 2311 2355
f 2356 2355 2311
f 675 2351 2354
f 2356 2354 2351
f 2357 2359 202
f 2320 202 2359
f 2354 2359 675
f 2358 675 2359
f 201 2225 2360
f 2361 2360 2225
f 675 2358 2352
f 2361 2352 2358
f 200 2265 2364
f 2365 2364 2265
f 2365 2362 2363
f 678 2363 2362
f 2366 2368 170
f 2258 170 2368
f 2362 2368 678
f 2367 678 2368
f 2325 2371 166
f 2370 166 2371
f 678 2367 2369
f 2371 2369 2367
f 2372 2373 199
f 2335 199 2373
f 2363 678 2373
f 2369 2373 678
f 194 2165 2376
f 2377 2376 2165
f 2377 2374 2375
f 681 2375 2374
f 2378 2380 169
f 2158 169 2380
f 2374 2380 681
f 2379 681 2380
f 2383 2382 2295
f 165 2295 2382
f 681 2379 2381
f 2383 2381 2379
f 193 2384 2305
f 2385 2305 2384
f 2375 681 2385
f 2381 2385 681
f 199 2343 2372
f 2388 2372 2343
f 682 2387 2386
f 2388 2386 2387
f 2355 2390 171
f 2338 171 2390
f 2386 2390 682
f 2389 682 2390
f 167 2274 2350
f 2392 2350 2274
f 682 2389 2391
f 2392 2391 2389
f 2364 2393 200
f 2282 200 2393
f 2391 2393 682
f 2387 682 2393
f 2360 2396 201
f 2240 201 2396
f 2395 2396 683
f 2394 683 2396
f 202 2299 2357
f 2398 2357 2299
f 683 2394 2397
f 2398 2397 2394
f 2382 2400 165
f 2292 165 2400
f 2397 2400 683
f 2399 683 2400
f 169 2234 2378
f 2401 2378 2234
f 683 2399 2395
f 2401 2395 2399
f 194 2376 2404
f 2405 2404 2376
f 2403 2405 688
f 2402 688 2405
f 2408 2384 2406
f 193 2406 2384
f 688 2402 2407
f 2408 2407 2402
f 2410 2413 207
f 2412 207 2413
f 2411 688 2413
f 2407 2413 688
f 209 2414 2415
f 2417 2415 2414
f 2417 2403 2411
f 688 2411 2403
f 2416 2421 208
f 2420 208 2421
f 2419 2421 693
f 2418 693 2421
f 2425 2409 2423
f 205 2423 2409
f 693 2418 2424
f 2425 2424 2418
f 2426 2430 210
f 2429 210 2430
f 2427 693 2430
f 2424 2430 693
f 212 2431 2432
f 2433 2432 2431
f 693 2427 2419
f 2433 2419 2427
f 208 2420 2436
f 2437 2436 2420
f 697 2435 2434
f 2437 2434 2435
f 2438 2440 212
f 2431 212 2440
f 2434 2440 697
f 2439 697 2440
f 216 2441 2443
f 2444 2443 2441
f 697 2439 2442
f 2444 2442 2439
f 2445 2447 215
f 2446 215 2447
f 2442 2447 697
f 2435 697 2447
f 212 2448 2438
f 2451 2438 2448
f 701 2450 2449
f 2451 2449 2450
f 213 2452 2454
f 2455 2454 2452
f 2449 2455 701
f 2453 701 2455
f 2459 2458 2456
f 217 2456 2458
f 701 2453 2457
f 2459 2457 2453
f 2443 2461 216
f 2460 216 2461
f 2457 2461 701
f 2450 701 2461
f 2466 2465 2462
f 218 2462 2465
f 706 2464 2463
f 2466 2463 2464
f 2467 2470 221
f 2469 221 2470
f 706 2463 2468
f 2470 2468 2463
f 2471 2474 220
f 2473 220 2474
f 706 2468 2472
f 2474 2472 2468
f 2475 2477 223
f 2476 223 2477
f 706 2472 2464
f 2477 2464 2472
f 2482 2481 2478
f 219 2478 2481
f 711 2480 2479
f 2482 2479 2480
f 2483 2486 224
f 2485 224 2486
f 711 2479 2484
f 2486 2484 2479
f 2487 2490 222
f 2489 222 2490
f 2484 2490 711
f 2488 711 2490
f 2491 2493 225
f 2492 225 2493
f 711 2488 2480
f 2493 2480 2488
f 188 2494 2255
f 2497 2255 2494
f 2496 2497 714
f 2495 714 2497
f 2485 2500 224
f 2499 224 2500
f 714 2495 2498
f 2500 2498 2495
f 2501 2503 219
f 2478 219 2503
f 2498 2503 714
f 2502 714 2503
f 2505 2504 2244
f 163 2244 2504
f 714 2502 2496
f 2505 2496 2502
f 191 2506 2510
f 2511 2510 2506
f 719 2508 2507
f 2511 2507 2508
f 2492 2514 225
f 2513 225 2514
f 2507 2514 719
f 2512 719 2514
f 2515 2517 222
f 2487 222 2517
f 719 2512 2516
f 2517 2516 2512
f 178 2519 2520
f 2521 2520 2519
f 2516 2521 719
f 2508 719 2521
f 188 2137 2494
f 2524 2494 2137
f 720 2523 2522
f 2524 2522 2523
f 178 2520 2131
f 2526 2131 2520
f 2522 2526 720
f 2525 720 2526
f 2489 2528 222
f 2515 222 2528
f 720 2525 2527
f 2528 2527 2525
f 2499 2529 224
f 2483 224 2529
f 2527 2529 720
f 2523 720 2529
f 191 2181 2506
f 2532 2506 2181
f 2530 721 2532
f 2531 2532 721
f 2534 2172 2504
f 163 2504 2172
f 2534 2533 2530
f 721 2530 2533
f 2481 2536 219
f 2501 219 2536
f 2533 2536 721
f 2535 721 2536
f 2513 2537 225
f 2491 225 2537
f 721 2535 2531
f 2537 2531 2535
f 185 2197 2540
f 2541 2540 2197
f 2539 2541 724
f 2538 724 2541
f 2544 2190 2542
f 162 2542 2190
f 724 2538 2543
f 2544 2543 2538
f 2465 2547 218
f 2546 218 2547
f 2543 2547 724
f 2545 724 2547
f 2548 2549 223
f 2475 223 2549
f 724 2545 2539
f 2549 2539 2545
f 2550 2553 177
f 2154 177 2553
f 2552 2553 726
f 2551 726 2553
f 2469 2556 221
f 2555 221 2556
f 726 2551 2554
f 2556 2554 2551
f 2546 2558 218
f 2462 218 2558
f 2554 2558 726
f 2557 726 2558
f 2542 162 2559
f 2144 2559 162
f 2559 2552 2557
f 726 2557 2552
f 2116 2563 174
f 2562 174 2563
f 2561 2563 728
f 2560 728 2563
f 185 2540 2107
f 2565 2107 2540
f 728 2560 2564
f 2565 2564 2560
f 2476 2567 223
f 2548 223 2567
f 2564 2567 728
f 2566 728 2567
f 2569 2471 2568
f 220 2568 2471
f 728 2566 2561
f 2569 2561 2566
f 177 2570 2550
f 2574 2550 2570
f 731 2573 2572
f 2574 2572 2573
f 174 2562 2576
f 2578 2576 2562
f 2572 2578 731
f 2575 731 2578
f 2473 2580 220
f 2568 220 2580
f 731 2575 2579
f 2580 2579 2575
f 2555 2581 221
f 2467 221 2581
f 2579 2581 731
f 2573 731 2581
f 213 2454 2584
f 2585 2584 2454
f 737 2583 2582
f 2585 2582 2583
f 2432 2587 212
f 2448 212 2587
f 2582 2587 737
f 2586 737 2587
f 2591 2426 2589
f 210 2589 2426
f 737 2586 2590
f 2591 2590 2586
f 2593 2597 230
f 2595 230 2597
f 737 2590 2594
f 2597 2594 2590
f 227 2598 2600
f 2601 2600 2598
f 737 2594 2583
f 2601 2583 2594
f 229 2602 2605
f 2607 2605 2602
f 2607 2603 2604
f 743 2604 2603
f 2611 2610 2608
f 235 2608 2610
f 743 2603 2609
f 2611 2609 2603
f 2612 2615 236
f 2614 236 2615
f 2609 2615 743
f 2613 743 2615
f 2618 231 2619
f 2617 2619 231
f 2604 743 2619
f 2613 2619 743
f 2622 2592 2618
f 231 2618 2592
f 746 2621 2620
f 2622 2620 2621
f 2623 2625 236
f 2612 236 2625
f 2620 2625 746
f 2624 746 2625
f 2629 2628 2626
f 233 2626 2628
f 746 2624 2627
f 2629 2627 2624
f 226 2599 2630
f 2631 2630 2599
f 2627 2631 746
f 2621 746 2631
f 2635 2634 2628
f 233 2628 2634
f 749 2633 2632
f 2635 2632 2633
f 2614 2637 236
f 2623 236 2637
f 2632 2637 749
f 2636 749 2637
f 2638 2640 235
f 2608 235 2640
f 749 2636 2639
f 2640 2639 2636
f 2642 234 2643
f 2641 2643 234
f 2639 2643 749
f 2633 749 2643
f 2644 2647 96
f 1429 96 2647
f 2646 2647 752
f 2645 752 2647
f 193 2306 2649
f 2650 2649 2306
f 752 2645 2648
f 2650 2648 2645
f 2651 2653 192
f 2301 192 2653
f 2648 2653 752
f 2652 752 2653
f 109 1437 2654
f 2655 2654 1437
f 752 2652 2646
f 2655 2646 2652
f 2656 2659 111
f 1444 111 2659
f 2657 755 2659
f 2658 2659 755
f 204 2348 2661
f 2662 2661 2348
f 755 2657 2660
f 2662 2660 2657
f 2663 2665 196
f 2345 196 2665
f 2660 2665 755
f 2664 755 2665
f 2667 2666 1452
f 117 1452 2666
f 755 2664 2658
f 2667 2658 2664
f 2666 2670 117
f 1460 117 2670
f 2668 757 2670
f 2669 2670 757
f 196 2333 2663
f 2672 2663 2333
f 2672 2671 2668
f 757 2668 2671
f 2673 2675 197
f 2327 197 2675
f 2674 757 2675
f 2671 2675 757
f 2677 2676 1467
f 119 1467 2676
f 757 2674 2669
f 2677 2669 2674
f 2679 2682 93
f 1474 93 2682
f 2681 2682 761
f 2680 761 2682
f 2686 2684 2577
f 172 2577 2684
f 761 2680 2683
f 2686 2683 2680
f 2687 2689 176
f 2571 176 2689
f 2688 761 2689
f 2683 2689 761
f 2691 2690 1484
f 95 1484 2690
f 761 2688 2681
f 2691 2681 2688
f 112 2692 1492
f 2695 1492 2692
f 2695 2693 2694
f 765 2694 2693
f 2509 2698 190
f 2697 190 2698
f 2693 2698 765
f 2696 765 2698
f 2702 2518 2699
f 179 2699 2518
f 765 2696 2701
f 2702 2701 2696
f 2703 106 2705
f 1502 2705 106
f 2701 2705 765
f 2694 765 2705
f 2654 2708 109
f 1510 109 2708
f 2707 2708 766
f 2706 766 2708
f 192 2318 2651
f 2710 2651 2318
f 766 2706 2709
f 2710 2709 2706
f 2313 204 2712
f 2661 2712 204
f 2709 2712 766
f 2711 766 2712
f 2713 2656 1517
f 111 1517 2656
f 766 2711 2707
f 2713 2707 2711
f 2714 2718 99
f 1522 99 2718
f 2717 2718 769
f 2716 769 2718
f 207 2412 2720
f 2722 2720 2412
f 769 2716 2719
f 2722 2719 2716
f 2649 2724 193
f 2406 193 2724
f 2719 2724 769
f 2723 769 2724
f 96 1531 2644
f 2725 2644 1531
f 769 2723 2717
f 2725 2717 2723
f 2726 2729 101
f 1538 101 2729
f 2727 771 2729
f 2728 2729 771
f 211 2428 2731
f 2732 2731 2428
f 2732 2730 2727
f 771 2727 2730
f 2422 206 2734
f 2721 2734 206
f 2730 2734 771
f 2733 771 2734
f 2735 2715 1544
f 98 1544 2715
f 771 2733 2728
f 2735 2728 2733
f 79 2736 1550
f 2739 1550 2736
f 2738 2739 775
f 2737 775 2739
f 213 2740 2742
f 2743 2742 2740
f 775 2737 2741
f 2743 2741 2737
f 2744 2747 214
f 2746 214 2747
f 2741 2747 775
f 2745 775 2747
f 88 1557 2748
f 2749 2748 1557
f 775 2745 2738
f 2749 2738 2745
f 2750 2753 80
f 1566 80 2753
f 777 2752 2751
f 2753 2751 2752
f 2458 2756 217
f 2755 217 2756
f 2754 777 2756
f 2751 2756 777
f 213 2742 2452
f 2758 2452 2742
f 2758 2757 2754
f 777 2754 2757
f 2759 2736 1572
f 79 1572 2736
f 2757 2759 777
f 2752 777 2759
f 2760 2763 115
f 1578 115 2763
f 2761 779 2763
f 2762 2763 779
f 189 2185 2765
f 2766 2765 2185
f 2766 2764 2761
f 779 2761 2764
f 190 2697 2178
f 2768 2178 2697
f 2764 2768 779
f 2767 779 2768
f 1586 2769 112
f 2692 112 2769
f 779 2767 2762
f 2769 2762 2767
f 95 2690 1593
f 2772 1593 2690
f 781 2771 2770
f 2772 2770 2771
f 2156 2774 176
f 2687 176 2774
f 2770 2774 781
f 2773 781 2774
f 175 2775 2150
f 2777 2150 2775
f 781 2773 2776
f 2777 2776 2773
f 2778 77 2779
f 1599 2779 77
f 2776 2779 781
f 2771 781 2779
f 2782 1606 2778
f 77 2778 1606
f 783 2781 2780
f 2782 2780 2781
f 2168 2784 175
f 2775 175 2784
f 2780 2784 783
f 2783 783 2784
f 194 2785 2163
f 2787 2163 2785
f 783 2783 2786
f 2787 2786 2783
f 2788 81 2789
f 1613 2789 81
f 2786 2789 783
f 2781 783 2789
f 2792 1620 2788
f 81 2788 1620
f 786 2791 2790
f 2792 2790 2791
f 2404 2794 194
f 2785 194 2794
f 2793 786 2794
f 2790 2794 786
f 209 2796 2414
f 2798 2414 2796
f 2793 2798 786
f 2797 786 2798
f 2801 2800 1629
f 85 1629 2800
f 786 2797 2791
f 2801 2791 2797
f 1636 83 2804
f 2799 2804 83
f 2803 2804 788
f 2802 788 2804
f 208 2436 2795
f 2806 2795 2436
f 2806 2805 2802
f 788 2802 2805
f 2809 2445 2807
f 215 2807 2445
f 2805 2809 788
f 2808 788 2809
f 2810 86 2811
f 1642 2811 86
f 788 2808 2803
f 2811 2803 2808
f 2814 1648 2810
f 86 2810 1648
f 790 2813 2812
f 2814 2812 2813
f 2446 2816 215
f 2807 215 2816
f 2812 2816 790
f 2815 790 2816
f 216 2817 2441
f 2819 2441 2817
f 790 2815 2818
f 2819 2818 2815
f 2820 87 2821
f 1654 2821 87
f 2818 2821 790
f 2813 790 2821
f 2824 1660 2820
f 87 2820 1660
f 2822 791 2824
f 2823 2824 791
f 216 2460 2817
f 2826 2817 2460
f 2826 2825 2822
f 791 2822 2825
f 2755 2828 217
f 2456 217 2828
f 2825 2828 791
f 2827 791 2828
f 2829 2750 1665
f 80 1665 2750
f 791 2827 2823
f 2829 2823 2827
f 1672 2832 101
f 2726 101 2832
f 793 2831 2830
f 2832 2830 2831
f 2835 1681 2833
f 102 2833 1681
f 793 2830 2834
f 2835 2834 2830
f 2606 2838 228
f 2837 228 2838
f 793 2834 2836
f 2838 2836 2834
f 232 2596 2616
f 2840 2616 2596
f 793 2836 2839
f 2840 2839 2836
f 2731 2841 211
f 2588 211 2841
f 793 2839 2831
f 2841 2831 2839
f 213 2584 2740
f 2844 2740 2584
f 2844 2842 2843
f 795 2843 2842
f 2845 2847 227
f 2598 227 2847
f 2842 2847 795
f 2846 795 2847
f 214 2746 2848
f 2849 2848 2746
f 2849 2843 2846
f 795 2846 2843
f 2854 2853 2850
f 240 2850 2853
f 2852 2854 800
f 2851 800 2854
f 2858 2857 2855
f 237 2855 2857
f 800 2851 2856
f 2858 2856 2851
f 2859 2862 239
f 2861 239 2862
f 2856 2862 800
f 2860 800 2862
f 2865 2864 2863
f 238 2863 2864
f 800 2860 2852
f 2865 2852 2860
f 2866 2871 253
f 2869 253 2871
f 2867 806 2871
f 2868 2871 806
f 254 2872 2874
f 2875 2874 2872
f 2875 2873 2867
f 806 2867 2873
f 2879 2878 2876
f 244 2876 2878
f 2873 2879 806
f 2877 806 2879
f 2883 2882 2880
f 245 2880 2882
f 806 2877 2868
f 2883 2868 2877
f 254 2884 2887
f 2888 2887 2884
f 2888 2885 2886
f 812 2886 2885
f 2892 255 2893
f 2889 2893 255
f 2885 2893 812
f 2891 812 2893
f 2898 2897 2894
f 242 2894 2897
f 812 2891 2895
f 2898 2895 2891
f 2901 2900 2899
f 241 2899 2900
f 2886 812 2901
f 2895 2901 812
f 245 2882 2904
f 2906 2904 2882
f 2903 2906 817
f 2902 817 2906
f 2909 2876 2907
f 244 2907 2876
f 817 2902 2908
f 2909 2908 2902
f 2910 2913 250
f 2912 250 2913
f 2911 817 2913
f 2908 2913 817
f 2914 2917 249
f 2916 249 2917
f 2903 817 2917
f 2911 2917 817
f 2920 249 2922
f 2916 2922 249
f 2919 2922 821
f 2918 821 2922
f 2925 2910 2923
f 250 2923 2910
f 2918 2925 821
f 2924 821 2925
f 2900 2928 241
f 2927 241 2928
f 821 2924 2926
f 2928 2926 2924
f 2894 242 2931
f 2930 2931 242
f 2926 2931 821
f 2919 821 2931
f 253 2932 2866
f 2936 2866 2932
f 826 2935 2934
f 2936 2934 2935
f 258 2938 2940
f 2942 2940 2938
f 826 2934 2939
f 2942 2939 2934
f 2944 255 2946
f 2892 2946 255
f 2939 2946 826
f 2943 826 2946
f 254 2874 2884
f 2947 2884 2874
f 2943 2947 826
f 2935 826 2947
f 2952 2933 2948
f 251 2948 2933
f 830 2951 2950
f 2952 2950 2951
f 226 2630 2955
f 2956 2955 2630
f 830 2950 2953
f 2956 2953 2950
f 2634 2958 233
f 2626 233 2958
f 2953 2958 830
f 2957 830 2958
f 234 2959 2641
f 2961 2641 2959
f 830 2957 2960
f 2961 2960 2957
f 2962 259 2963
f 2941 2963 259
f 830 2960 2951
f 2963 2951 2960
f 257 2945 2967
f 2968 2967 2945
f 2968 2964 2965
f 833 2965 2964
f 2962 2970 259
f 2937 259 2970
f 2969 833 2970
f 2964 2970 833
f 2642 2972 234
f 2959 234 2972
f 833 2969 2971
f 2972 2971 2969
f 2610 2974 235
f 2638 235 2974
f 833 2971 2973
f 2974 2973 2971
f 2976 2977 229
f 2602 229 2977
f 2973 2977 833
f 2965 833 2977
f 2896 2981 243
f 2980 243 2981
f 835 2979 2978
f 2981 2978 2979
f 256 2966 2890
f 2983 2890 2966
f 2983 2982 2978
f 835 2978 2982
f 2985 2975 2837
f 228 2837 2975
f 835 2982 2984
f 2985 2984 2982
f 102 1829 2833
f 2987 2833 1829
f 835 2984 2986
f 2987 2986 2984
f 2989 1824 2988
f 103 2988 1824
f 835 2986 2979
f 2989 2979 2986
f 1838 2994 90
f 2992 90 2994
f 839 2991 2990
f 2994 2990 2991
f 2748 2996 88
f 1850 88 2996
f 2990 2996 839
f 2995 839 2996
f 214 2997 2744
f 2999 2744 2997
f 839 2995 2998
f 2999 2998 2995
f 3001 246 3002
f 2905 3002 246
f 839 2998 3000
f 3002 3000 2998
f 3005 2915 3003
f 248 3003 2915
f 839 3000 2991
f 3005 2991 3000
f 103 1854 2988
f 3008 2988 1854
f 3008 3006 3007
f 840 3007 3006
f 89 2993 1860
f 3010 1860 2993
f 3006 3010 840
f 3009 840 3010
f 3012 3004 2921
f 247 2921 3004
f 840 3009 3011
f 3012 3011 3009
f 243 2980 2929
f 3013 2929 2980
f 840 3011 3007
f 3013 3007 3011
f 2848 3016 214
f 2997 214 3016
f 3015 3016 841
f 3014 841 3016
f 227 2954 2845
f 3018 2845 2954
f 841 3014 3017
f 3018 3017 3014
f 252 2870 2949
f 3020 2949 2870
f 841 3017 3019
f 3020 3019 3017
f 3021 2881 3001
f 246 3001 2881
f 841 3019 3015
f 3021 3015 3019
f 2878 3025 244
f 3024 244 3025
f 3022 844 3025
f 3023 3025 844
f 254 3026 2872
f 3028 2872 3026
f 844 3022 3027
f 3028 3027 3022
f 2853 3031 240
f 3030 240 3031
f 3027 3031 844
f 3029 844 3031
f 3032 3033 238
f 2863 238 3033
f 3023 844 3033
f 3029 3033 844
f 250 2912 3036
f 3037 3036 2912
f 3037 3034 3035
f 846 3035 3034
f 2907 244 3039
f 3024 3039 244
f 3039 3038 3034
f 846 3034 3038
f 2864 3041 238
f 3032 238 3041
f 3038 3041 846
f 3040 846 3041
f 3042 3043 239
f 2859 239 3043
f 3035 846 3043
f 3040 3043 846
f 241 2927 3046
f 3047 3046 2927
f 3044 848 3047
f 3045 3047 848
f 250 3036 2923
f 3049 2923 3036
f 3049 3048 3044
f 848 3044 3048
f 2861 3051 239
f 3042 239 3051
f 3048 3051 848
f 3050 848 3051
f 3052 3053 237
f 2855 237 3053
f 3045 848 3053
f 3050 3053 848
f 254 2887 3026
f 3056 3026 2887
f 849 3055 3054
f 3056 3054 3055
f 3046 3058 241
f 2899 241 3058
f 3054 3058 849
f 3057 849 3058
f 2857 3060 237
f 3052 237 3060
f 3057 3060 849
f 3059 849 3060
f 3030 3061 240
f 2850 240 3061
f 3059 3061 849
f 3055 849 3061
f 181 3062 2127
f 3065 2127 3062
f 3065 3063 3064
f 853 3064 3063
f 3068 262 3069
f 3066 3069 262
f 3063 3069 853
f 3067 853 3069
f 3072 261 3073
f 3070 3073 261
f 3067 3073 853
f 3071 853 3073
f 3075 3074 2134
f 180 2134 3074
f 853 3071 3064
f 3075 3064 3071
f 3074 3078 180
f 2700 180 3078
f 3077 3078 855
f 3076 855 3078
f 261 3079 3070
f 3081 3070 3079
f 855 3076 3080
f 3081 3080 3076
f 1932 3084 147
f 3083 147 3084
f 3080 3084 855
f 3082 855 3084
f 3085 1927 2704
f 105 2704 1927
f 855 3082 3077
f 3085 3077 3082
f 92 1938 2678
f 3088 2678 1938
f 858 3087 3086
f 3088 3086 3087
f 3089 3091 146
f 1947 146 3091
f 3086 3091 858
f 3090 858 3091
f 260 3092 3094
f 3095 3094 3092
f 858 3090 3093
f 3095 3093 3090
f 3096 173 3097
f 2685 3097 173
f 3093 3097 858
f 3087 858 3097
f 173 3096 2113
f 3100 2113 3096
f 3099 3100 860
f 3098 860 3100
f 3101 3103 260
f 3092 260 3103
f 860 3098 3102
f 3103 3102 3098
f 3068 3106 262
f 3105 262 3106
f 3104 860 3106
f 3102 3106 860
f 2120 3107 181
f 3062 181 3107
f 3107 3099 3104
f 860 3104 3099
f 3110 1960 3083
f 147 3083 1960
f 862 3109 3108
f 3110 3108 3109
f 3072 3112 261
f 3079 261 3112
f 3108 3112 862
f 3111 862 3112
f 262 3113 3066
f 3115 3066 3113
f 862 3111 3114
f 3115 3114 3111
f 107 1966 3116
f 3117 3116 1966
f 3114 3117 862
f 3109 862 3117
f 107 3116 1972
f 3120 1972 3116
f 3119 3120 863
f 3118 863 3120
f 262 3105 3113
f 3122 3113 3105
f 863 3118 3121
f 3122 3121 3118
f 3101 260 3124
f 3094 3124 260
f 3121 3124 863
f 3123 863 3124
f 3125 3089 1977
f 146 1977 3089
f 863 3123 3119
f 3125 3119 3123
f 3130 3129 3126
f 263 3126 3129
f 3130 3127 3128
f 867 3128 3127
f 3133 265 3134
f 3131 3134 265
f 3127 3134 867
f 3132 867 3134
f 3135 3137 264
f 3136 264 3137
f 3132 3137 867
f 3128 867 3137
f 3138 3141 263
f 3126 263 3141
f 870 3140 3139
f 3141 3139 3140
f 2261 3144 170
f 3143 170 3144
f 870 3139 3142
f 3144 3142 3139
f 198 2188 2270
f 3146 2270 2188
f 870 3142 3145
f 3146 3145 3142
f 3147 3149 189
f 2183 189 3149
f 3145 3149 870
f 3148 870 3149
f 265 3133 3150
f 3151 3150 3133
f 870 3148 3140
f 3151 3140 3148
f 3129 3154 263
f 3138 263 3154
f 872 3153 3152
f 3154 3152 3153
f 264 3155 3135
f 3157 3135 3155
f 872 3152 3156
f 3157 3156 3152
f 197 2329 3159
f 3160 3159 2329
f 872 3156 3158
f 3160 3158 3156
f 2370 3162 166
f 2322 166 3162
f 872 3158 3161
f 3162 3161 3158
f 170 3143 2366
f 3163 2366 3143
f 872 3161 3153
f 3163 3153 3161
f 3167 3166 2024
f 152 2024 3166
f 874 3165 3164
f 3167 3164 3165
f 2676 3169 119
f 2031 119 3169
f 3168 874 3169
f 3164 3169 874
f 3159 3171 197
f 2673 197 3171
f 3171 3170 3168
f 874 3168 3170
f 3172 3173 264
f 3155 264 3173
f 3170 3173 874
f 3165 874 3173
f 2037 3176 115
f 2760 115 3176
f 3175 3176 876
f 3174 876 3176
f 3179 2045 3177
f 153 3177 2045
f 876 3174 3178
f 3179 3178 3174
f 3150 3182 265
f 3181 265 3182
f 3178 3182 876
f 3180 876 3182
f 189 2765 3147
f 3183 3147 2765
f 876 3180 3175
f 3183 3175 3180
f 3131 265 3187
f 3184 3187 265
f 3186 3187 880
f 3185 880 3187
f 3191 3190 3188
f 267 3188 3190
f 3191 3189 3185
f 880 3185 3189
f 3195 3194 3192
f 266 3192 3194
f 880 3189 3193
f 3195 3193 3189
f 264 3136 3196
f 3197 3196 3136
f 3197 3186 3193
f 880 3193 3186
f 264 3196 3172
f 3200 3172 3196
f 882 3199 3198
f 3200 3198 3199
f 3201 3203 266
f 3192 266 3203
f 3198 3203 882
f 3202 882 3203
f 158 2071 3205
f 3206 3205 2071
f 882 3202 3204
f 3206 3204 3202
f 3166 3207 152
f 2066 152 3207
f 3204 3207 882
f 3199 882 3207
f 2079 3210 153
f 3177 153 3210
f 3208 884 3210
f 3209 3210 884
f 159 3211 2086
f 3213 2086 3211
f 3213 3212 3208
f 884 3208 3212
f 3215 267 3216
f 3190 3216 267
f 3212 3216 884
f 3214 884 3216
f 3217 3184 3181
f 265 3181 3184
f 884 3214 3209
f 3217 3209 3214
f 3220 3201 3194
f 266 3194 3201
f 885 3219 3218
f 3220 3218 3219
f 3222 3188 3215
f 267 3215 3188
f 885 3218 3221
f 3222 3221 3218
f 2099 3224 159
f 3211 159 3224
f 3221 3224 885
f 3223 885 3224
f 3205 3225 158
f 2094 158 3225
f 3223 3225 885
f 3219 885 3225

